NCIT:C3235,DOID:14720
NCIT:C114354,DOID:5884
NCIT:C128411,DOID:14515
NCIT:C35716,DOID:10146
NCIT:C62586,DOID:10619
NCIT:C35288,DOID:5376
NCIT:C84501,DOID:4450
NCIT:C84571,DOID:501
NCIT:C97159,DOID:2355
NCIT:C84789,DOID:3926
NCIT:C84760,DOID:13148
NCIT:C103921,DOID:6706
NCIT:C84604,DOID:6845
NCIT:C168988,DOID:13481
NCIT:C113750,DOID:4463
NCIT:C35528,DOID:7841
NCIT:C61273,DOID:3252
NCIT:C84905,DOID:6102
NCIT:C111884,DOID:8130
NCIT:C4099,DOID:4603
NCIT:C54203,DOID:14351
NCIT:C80280,DOID:4048
NCIT:C3453,DOID:5727
NCIT:C170437,DOID:9537
NCIT:C26703,DOID:4183
NCIT:C26884,DOID:1679
NCIT:C116337,DOID:10376
NCIT:C3771,DOID:12466
NCIT:C3211,DOID:1205
NCIT:C5398,DOID:12835
NCIT:C180557,DOID:2987
NCIT:C85076,DOID:8188
NCIT:C26723,DOID:2893
NCIT:C38504,DOID:3324
NCIT:C27021,DOID:192
NCIT:C27147,DOID:2734
NCIT:C128347,DOID:5382
NCIT:C84782,DOID:9123
NCIT:C37262,DOID:0080706
NCIT:C70646,DOID:7050
NCIT:C50466,DOID:4660
NCIT:C98873,DOID:8022
NCIT:C35043,DOID:7233
NCIT:C131133,DOID:5136
NCIT:C118435,DOID:3282
NCIT:C27298,DOID:2986
NCIT:C34631,DOID:13810
NCIT:C161554,DOID:9268
NCIT:C61233,DOID:13146
NCIT:C173131,DOID:13110
NCIT:C112198,DOID:6917
NCIT:C3182,DOID:2856
NCIT:C98997,DOID:0111540
NCIT:C34945,DOID:2327
NCIT:C3477,DOID:9368
NCIT:C131420,DOID:0081307
NCIT:C130985,DOID:0060852
NCIT:C121563,DOID:1361
NCIT:C124056,DOID:6713
NCIT:C45716,DOID:7041
NCIT:C66950,DOID:14330
NCIT:C53554,DOID:5241
NCIT:C131685,DOID:1459
NCIT:C3519,DOID:3165
NCIT:C148261,DOID:13608
NCIT:C126560,DOID:3781
NCIT:C98813,DOID:6085
NCIT:C34910,DOID:710
NCIT:C34555,DOID:5125
NCIT:C130983,DOID:5733
NCIT:C48829,DOID:2645
NCIT:C84453,DOID:6048
NCIT:C84402,DOID:2530
NCIT:C34418,DOID:2226
NCIT:C120902,DOID:2750
NCIT:C99053,DOID:7242
NCIT:C48613,DOID:11383
NCIT:C168999,DOID:2493
NCIT:C34733,DOID:4
NCIT:C84275,DOID:8635
NCIT:C84276,DOID:5907
NCIT:C84277,DOID:292
NCIT:C3178,DOID:1532
NCIT:C8863,DOID:11240
NCIT:C135017,DOID:2609
NCIT:C7153,DOID:3918
NCIT:C26731,DOID:10316
NCIT:C2890,DOID:0081090
NCIT:C26908,DOID:3772
NCIT:C26886,DOID:1184
NCIT:C26912,DOID:14270
NCIT:C2886,DOID:0081312
NCIT:C3333,DOID:6827
NCIT:C26745,DOID:270
NCIT:C34656,DOID:2441
NCIT:C34536,DOID:0081316
NCIT:C34528,DOID:2600
NCIT:C26843,DOID:0060321
NCIT:C3245,DOID:3328
NCIT:C34569,DOID:14351
NCIT:C84599,DOID:4114
NCIT:C84638,DOID:1371
NCIT:C128334,DOID:8590
NCIT:C26835,DOID:8472
NCIT:C26869,DOID:3049
NCIT:C84565,DOID:5437
NCIT:C26771,DOID:10790
NCIT:C3101,DOID:7231
NCIT:C3114,DOID:0081247
NCIT:C38759,DOID:10907
NCIT:C3196,DOID:8567
NCIT:C34953,DOID:4293
NCIT:C2934,DOID:4147
NCIT:C26767,DOID:7840
NCIT:C26801,DOID:0050452
NCIT:C97110,DOID:731
NCIT:C3149,DOID:1929
NCIT:C26910,DOID:3503
NCIT:C27631,DOID:6065
NCIT:C40241,DOID:10930
NCIT:C26903,DOID:7997
NCIT:C27641,DOID:8504
NCIT:C87145,DOID:8481
NCIT:C26875,DOID:3044
NCIT:C97095,DOID:10371
NCIT:C84586,DOID:0050427
NCIT:C4691,DOID:8207
NCIT:C28193,DOID:14289
NCIT:C117254,DOID:0111358
NCIT:C85005,DOID:4545
NCIT:C26878,DOID:318
NCIT:C84392,DOID:5777
NCIT:C35111,DOID:959
NCIT:C94834,DOID:3490
NCIT:C97090,DOID:8446
NCIT:C26690,DOID:709
NCIT:C4731,DOID:5126
NCIT:C36078,DOID:8557
NCIT:C26757,DOID:9788
NCIT:C34560,DOID:0080145
NCIT:C123330,DOID:5457
NCIT:C3207,DOID:13641
NCIT:C128414,DOID:7030
NCIT:C34723,DOID:11678
NCIT:C26782,DOID:3277
NCIT:C34747,DOID:5263
NCIT:C96716,DOID:8500
NCIT:C9305,DOID:1130
NCIT:C2900,DOID:627
NCIT:C50575,DOID:745
NCIT:C2868,DOID:14756
NCIT:C34376,DOID:12491
NCIT:C26729,DOID:11335
NCIT:C84482,DOID:7685
NCIT:C34563,DOID:3203
NCIT:C34460,DOID:5829
NCIT:C84528,DOID:1726
NCIT:C35625,DOID:1496
NCIT:C3020,DOID:2685
NCIT:C35458,DOID:3382
NCIT:C101216,DOID:7381
NCIT:C27090,DOID:0111390
NCIT:C34737,DOID:10607
NCIT:C124575,DOID:0081245
NCIT:C85874,DOID:2658
NCIT:C84699,DOID:8104
NCIT:C45525,DOID:5926
NCIT:C2931,DOID:3693
NCIT:C26784,DOID:3449
NCIT:C34738,DOID:2441
NCIT:C127822,DOID:8043
NCIT:C26738,DOID:5047
NCIT:C26907,DOID:7211
NCIT:C140267,DOID:7764
NCIT:C53459,DOID:2001
NCIT:C5573,DOID:1129
NCIT:C27605,DOID:4399
NCIT:C3350,DOID:8224
NCIT:C3772,DOID:1496
NCIT:C5437,DOID:0080996
NCIT:C92203,DOID:6697
NCIT:C3009,DOID:4399
NCIT:C3472,DOID:0081249
NCIT:C3990,DOID:0111670
NCIT:C26931,DOID:14125
NCIT:C107377,DOID:1838
NCIT:C2893,DOID:1965
NCIT:C89334,DOID:7958
NCIT:C35284,DOID:6759
NCIT:C172304,DOID:5478
NCIT:C26709,DOID:9181
NCIT:C4874,DOID:6405
NCIT:C84542,DOID:4693
NCIT:C34956,DOID:4118
NCIT:C3021,DOID:884
NCIT:C117005,DOID:10573
NCIT:C94409,DOID:4304
NCIT:C85053,DOID:5526
NCIT:C34458,DOID:12799
NCIT:C87125,DOID:8307
NCIT:C34712,DOID:0081279
NCIT:C34677,DOID:9903
NCIT:C79545,DOID:7378
NCIT:C35079,DOID:13403
NCIT:C35346,DOID:6659
NCIT:C27065,DOID:7210
NCIT:C3298,DOID:4916
NCIT:C131634,DOID:2378
NCIT:C2944,DOID:2383
NCIT:C26955,DOID:1252
NCIT:C172313,DOID:5866
NCIT:C78787,DOID:7983
NCIT:C84492,DOID:5874
NCIT:C68677,DOID:864
NCIT:C39725,DOID:10646
NCIT:C4967,DOID:5760
NCIT:C34385,DOID:12016
NCIT:C173793,DOID:2048
NCIT:C84691,DOID:3407
NCIT:C26859,DOID:0111947
NCIT:C84655,DOID:7050
NCIT:C90598,DOID:6652
NCIT:C84692,DOID:0060224
NCIT:C177244,DOID:1108
NCIT:C85034,DOID:0070214
NCIT:C62591,DOID:7542
NCIT:C41236,DOID:906
NCIT:C26845,DOID:13724
NCIT:C26834,DOID:7198
NCIT:C3362,DOID:3948
NCIT:C84675,DOID:2986
NCIT:C4375,DOID:3749
NCIT:C84400,DOID:0080148
NCIT:C84685,DOID:5557
NCIT:C34820,DOID:0060643
NCIT:C84639,DOID:2697
NCIT:C161542,DOID:8986
NCIT:C2892,DOID:12375
NCIT:C34450,DOID:4472
NCIT:C99027,DOID:3198
NCIT:C101328,DOID:6312
NCIT:C26805,DOID:2744
NCIT:C115993,DOID:624
NCIT:C26711,DOID:5468
NCIT:C3672,DOID:3389
NCIT:C4131,DOID:1029
NCIT:C2923,DOID:2211
NCIT:C3483,DOID:2436
NCIT:C40435,DOID:6197
NCIT:C131850,DOID:13035
NCIT:C85045,DOID:6210
NCIT:C97093,DOID:9423
NCIT:C34449,DOID:4435
NCIT:C2866,DOID:174
NCIT:C3794,DOID:5341
NCIT:C3346,DOID:0060055
NCIT:C120197,DOID:8924
NCIT:C26323,DOID:8051
NCIT:C84475,DOID:7549
NCIT:C27579,DOID:12657
NCIT:C171133,DOID:12929
NCIT:C80331,DOID:8469
NCIT:C80335,DOID:771
NCIT:C80338,DOID:12351
NCIT:C130039,DOID:4303
NCIT:C123245,DOID:7818
NCIT:C120199,DOID:6706
NCIT:C53555,DOID:0050909
NCIT:C129309,DOID:6682
NCIT:C129440,DOID:6312
NCIT:C129441,DOID:3870
NCIT:C129442,DOID:8997
NCIT:C129443,DOID:4860
NCIT:C129444,DOID:3744
NCIT:C129445,DOID:4454
NCIT:C129446,DOID:7664
NCIT:C129699,DOID:7996
NCIT:C120191,DOID:3305
NCIT:C7224,DOID:1532
NCIT:C3164,DOID:14289
NCIT:C122688,DOID:5639
NCIT:C6971,DOID:8225
NCIT:C185167,DOID:0060185
NCIT:C39750,DOID:6575
NCIT:C129321,DOID:14453
NCIT:C129351,DOID:3604
NCIT:C4915,DOID:8030
NCIT:C7152,DOID:7326
NCIT:C116936,DOID:13924
NCIT:C129785,DOID:0060356
NCIT:C36080,DOID:5026
NCIT:C125904,DOID:5701
NCIT:C4153,DOID:265
NCIT:C82212,DOID:8110
NCIT:C148395,DOID:876
NCIT:C148398,DOID:0060239
NCIT:C148394,DOID:7541
NCIT:C148396,DOID:0090142
NCIT:C7203,DOID:2938
NCIT:C82423,DOID:9743
NCIT:C7463,DOID:3127
NCIT:C82426,DOID:11573
NCIT:C8460,DOID:11684
NCIT:C3249,DOID:2668
NCIT:C3250,DOID:3905
NCIT:C82431,DOID:2744
NCIT:C129782,DOID:0080842
NCIT:C129786,DOID:5896
NCIT:C7600,DOID:5241
NCIT:C9288,DOID:4231
NCIT:C174129,DOID:5429
NCIT:C82433,DOID:4679
NCIT:C82427,DOID:4858
NCIT:C4289,DOID:12205
NCIT:C165671,DOID:7533
NCIT:C120224,DOID:4534
NCIT:C92552,DOID:0050468
NCIT:C185196,DOID:10287
NCIT:C94524,DOID:3222
NCIT:C92554,DOID:5703
NCIT:C129431,DOID:11823
NCIT:C179229,DOID:1496
NCIT:C186534,DOID:2388
NCIT:C129424,DOID:5699
NCIT:C185879,DOID:5337
NCIT:C7931,DOID:8538
NCIT:C4342,DOID:8602
NCIT:C186556,DOID:5595
NCIT:C186610,DOID:2477
NCIT:C84733,DOID:3927
NCIT:C155996,DOID:6935
NCIT:C142085,DOID:1625
NCIT:C126328,DOID:4546
NCIT:C126329,DOID:4437
NCIT:C75008,DOID:14080
NCIT:C85213,DOID:8031
NCIT:C125484,DOID:11175
NCIT:C27855,DOID:7612
NCIT:C3056,DOID:2994
NCIT:C132826,DOID:8138
NCIT:C3274,DOID:5488
NCIT:C3391,DOID:8207
NCIT:C123212,DOID:12573
NCIT:C123213,DOID:3829
NCIT:C123214,DOID:1233
NCIT:C120409,DOID:0060548
NCIT:C124520,DOID:4734
NCIT:C98989,DOID:4066
NCIT:C101253,DOID:13110
NCIT:C84479,DOID:0080708
NCIT:C26760,DOID:4436
NCIT:C27778,DOID:4031
NCIT:C26832,DOID:4610
NCIT:C112112,DOID:5391
NCIT:C34831,DOID:4972
NCIT:C34375,DOID:7315
NCIT:C27226,DOID:5695
NCIT:C28397,DOID:0111252
NCIT:C34863,DOID:9602
NCIT:C2983,DOID:1825
NCIT:C116757,DOID:0081316
NCIT:C113352,DOID:2762
NCIT:C4094,DOID:0060315
NCIT:C4324,DOID:8030
NCIT:C35823,DOID:10609
NCIT:C80427,DOID:3413
NCIT:C112175,DOID:1970
NCIT:C95437,DOID:9673
NCIT:C43263,DOID:12156
NCIT:C84919,DOID:13515
NCIT:C9300,DOID:11038
NCIT:C85041,DOID:14501
NCIT:C84673,DOID:3362
NCIT:C3403,DOID:0081087
NCIT:C3746,DOID:6003
NCIT:C85039,DOID:9997
NCIT:C182453,DOID:4422
NCIT:C2937,DOID:3613
NCIT:C62569,DOID:4660
NCIT:C3292,DOID:1919
NCIT:C72069,DOID:0050744
NCIT:C27301,DOID:710
NCIT:C34704,DOID:1455
NCIT:C35194,DOID:14152
NCIT:C34368,DOID:0081252
NCIT:C84473,DOID:7757
NCIT:C37864,DOID:12401
NCIT:C84828,DOID:5488
NCIT:C61257,DOID:5254
NCIT:C26840,DOID:422
NCIT:C82892,DOID:7697
NCIT:C2951,DOID:4546
NCIT:C2902,DOID:3502
NCIT:C79597,DOID:4928
NCIT:C37308,DOID:7327
NCIT:C26812,DOID:3651
NCIT:C34515,DOID:1929
NCIT:C84704,DOID:235
NCIT:C5041,DOID:2433
NCIT:C84796,DOID:11819
NCIT:C26739,DOID:3612
NCIT:C62798,DOID:2962
NCIT:C7636,DOID:9296
NCIT:C179710,DOID:3522
NCIT:C79698,DOID:5522
NCIT:C34381,DOID:11396
NCIT:C26768,DOID:2582
NCIT:C123158,DOID:1849
NCIT:C61420,DOID:206
NCIT:C120198,DOID:768
NCIT:C110940,DOID:14080
NCIT:C99026,DOID:1328
NCIT:C7461,DOID:4556
NCIT:C113217,DOID:114
NCIT:C35057,DOID:7390
NCIT:C34571,DOID:271
NCIT:C4227,DOID:10944
NCIT:C4225,DOID:0081280
NCIT:C3504,DOID:906
NCIT:C4426,DOID:3688
NCIT:C34734,DOID:6284
NCIT:C84541,DOID:10762
NCIT:C26806,DOID:1508
NCIT:C35113,DOID:8138
NCIT:C3130,DOID:5165
NCIT:C3307,DOID:0060376
NCIT:C4254,DOID:6118
NCIT:C3703,DOID:693
NCIT:C27530,DOID:5511
NCIT:C6503,DOID:3149
NCIT:C94352,DOID:6113
NCIT:C84709,DOID:12064
NCIT:C114281,DOID:2075
NCIT:C26882,DOID:6419
NCIT:C27559,DOID:6270
NCIT:C84573,DOID:4685
NCIT:C34410,DOID:0080367
NCIT:C84605,DOID:732
NCIT:C34389,DOID:1247
NCIT:C3369,DOID:2960
NCIT:C34390,DOID:0081094
NCIT:C27026,DOID:6827
NCIT:C35397,DOID:5997
NCIT:C35315,DOID:7612
NCIT:C3378,DOID:8002
NCIT:C3660,DOID:14753
NCIT:C3039,DOID:12712
NCIT:C128374,DOID:640
NCIT:C41353,DOID:13147
NCIT:C118764,DOID:6344
NCIT:C34354,DOID:11396
NCIT:C50593,DOID:0050428
NCIT:C116006,DOID:746
NCIT:C128339,DOID:10595
NCIT:C98912,DOID:13884
NCIT:C34700,DOID:3642
NCIT:C3653,DOID:1891
NCIT:C27131,DOID:4304
NCIT:C188051,DOID:11603
NCIT:C34813,DOID:0060490
NCIT:C41354,DOID:5747
NCIT:C41352,DOID:3376
NCIT:C26838,DOID:0080148
NCIT:C85043,DOID:4638
NCIT:C85021,DOID:9835
NCIT:C84748,DOID:2382
NCIT:C116768,DOID:6977
NCIT:C34646,DOID:664
NCIT:C99059,DOID:4928
NCIT:C34431,DOID:4660
NCIT:C45428,DOID:1641
NCIT:C26714,DOID:4423
NCIT:C27056,DOID:11713
NCIT:C34641,DOID:13072
NCIT:C3515,DOID:7097
NCIT:C3125,DOID:0060161
NCIT:C53662,DOID:8461
NCIT:C3661,DOID:139
NCIT:C35394,DOID:8252
NCIT:C4376,DOID:3705
NCIT:C34885,DOID:7541
NCIT:C123216,DOID:0080211
NCIT:C3119,DOID:1926
NCIT:C26830,DOID:7008
NCIT:C34817,DOID:0111580
NCIT:C34626,DOID:4047
NCIT:C35031,DOID:6084
NCIT:C94358,DOID:0081080
NCIT:C3118,DOID:5712
NCIT:C3478,DOID:7532
NCIT:C94360,DOID:5207
NCIT:C94356,DOID:5505
NCIT:C101362,DOID:10044
NCIT:C3655,DOID:10852
NCIT:C27593,DOID:6726
NCIT:C128439,DOID:5150
NCIT:C3111,DOID:2006
NCIT:C3656,DOID:9206
NCIT:C2867,DOID:4449
NCIT:C35764,DOID:7347
NCIT:C92633,DOID:10632
NCIT:C92637,DOID:11624
NCIT:C92638,DOID:5894
NCIT:C88411,DOID:1247
NCIT:C94330,DOID:5957
NCIT:C92197,DOID:4651
NCIT:C92631,DOID:8252
NCIT:C92630,DOID:6858
NCIT:C88413,DOID:8178
NCIT:C26833,DOID:3693
NCIT:C34781,DOID:0050750
NCIT:C34844,DOID:7269
NCIT:C171201,DOID:10208
NCIT:C40120,DOID:0050523
NCIT:C34645,DOID:0111459
NCIT:C101304,DOID:7506
NCIT:C84535,DOID:7910
NCIT:C129468,DOID:4464
NCIT:C26970,DOID:8282
NCIT:C94328,DOID:7549
NCIT:C94331,DOID:13378
NCIT:C26858,DOID:0060183
NCIT:C84602,DOID:4280
NCIT:C34970,DOID:11156
NCIT:C26796,DOID:1400
NCIT:C52595,DOID:6581
NCIT:C34963,DOID:13072
NCIT:C3657,DOID:2211
NCIT:C34443,DOID:7007
NCIT:C34718,DOID:3282
NCIT:C27043,DOID:3606
NCIT:C118765,DOID:7707
NCIT:C5028,DOID:646
NCIT:C34962,DOID:7326
NCIT:C35196,DOID:3753
NCIT:C26844,DOID:8670
NCIT:C48280,DOID:7518
NCIT:C50648,DOID:7263
NCIT:C35704,DOID:4059
NCIT:C99000,DOID:0111731
NCIT:C27069,DOID:7289
NCIT:C97167,DOID:4297
NCIT:C111856,DOID:1483
NCIT:C2992,DOID:12995
NCIT:C99108,DOID:884
NCIT:C34927,DOID:4545
NCIT:C28182,DOID:7542
NCIT:C34873,DOID:13094
NCIT:C26853,DOID:13628
NCIT:C2882,DOID:5940
NCIT:C27117,DOID:14219
NCIT:C62018,DOID:12253
NCIT:C94376,DOID:5672
NCIT:C84544,DOID:2518
NCIT:C34995,DOID:3857
NCIT:C85185,DOID:2781
NCIT:C82068,DOID:0081004
NCIT:C79717,DOID:65
NCIT:C160155,DOID:14350
NCIT:C34772,DOID:1415
NCIT:C34810,DOID:5169
NCIT:C12326,DOID:4
NCIT:C92562,DOID:2748
NCIT:C3353,DOID:1686
NCIT:C26868,DOID:2782
NCIT:C123038,DOID:9538
NCIT:C179646,DOID:11111
NCIT:C34601,DOID:14699
NCIT:C85035,DOID:205
NCIT:C87110,DOID:8108
NCIT:C111644,DOID:0081255
NCIT:C28155,DOID:6811
NCIT:C50481,DOID:10017
NCIT:C27033,DOID:0050461
NCIT:C92567,DOID:5495
NCIT:C157879,DOID:5577
NCIT:C3514,DOID:12297
NCIT:C82994,DOID:7928
NCIT:C12333,DOID:6203
NCIT:C117312,DOID:10457
NCIT:C34834,DOID:2770
NCIT:C90599,DOID:2300
NCIT:C101223,DOID:520
NCIT:C27548,DOID:0060023
NCIT:C35645,DOID:14004
NCIT:C34537,DOID:4905
NCIT:C35610,DOID:9965
NCIT:C34942,DOID:1827
NCIT:C122685,DOID:1838
NCIT:C34711,DOID:5658
NCIT:C45161,DOID:3227
NCIT:C34380,DOID:0060799
NCIT:C26975,DOID:1703
NCIT:C3319,DOID:0060329
NCIT:C34952,DOID:10155
NCIT:C12337,DOID:10209
NCIT:C12332,DOID:6128
NCIT:C113400,DOID:4117
NCIT:C27896,DOID:2079
NCIT:C157149,DOID:10941
NCIT:C102533,DOID:4852
NCIT:C118707,DOID:9261
NCIT:C3980,DOID:0050562
NCIT:C84641,DOID:1702
NCIT:C7638,DOID:7042
NCIT:C34535,DOID:0060782
NCIT:C26802,DOID:2893
NCIT:C27025,DOID:4054
NCIT:C9224,DOID:5411
NCIT:C34858,DOID:9274
NCIT:C123259,DOID:0111225
NCIT:C26885,DOID:14768
NCIT:C120909,DOID:0050745
NCIT:C5572,DOID:1748
NCIT:C34510,DOID:5517
NCIT:C101270,DOID:712
NCIT:C2967,DOID:8138
NCIT:C84950,DOID:1003
NCIT:C92566,DOID:2092
NCIT:C34562,DOID:7996
NCIT:C79696,DOID:5031
NCIT:C37913,DOID:7371
NCIT:C118299,DOID:0080187
NCIT:C34919,DOID:13929
NCIT:C34683,DOID:14503
NCIT:C92839,DOID:1037
NCIT:C84826,DOID:0081255
NCIT:C98877,DOID:285
NCIT:C84563,DOID:7607
NCIT:C34544,DOID:1364
NCIT:C34682,DOID:1657
NCIT:C35006,DOID:3504
NCIT:C84787,DOID:4258
NCIT:C26915,DOID:8692
NCIT:C34741,DOID:5196
NCIT:C3433,DOID:7733
NCIT:C94359,DOID:11119
NCIT:C94353,DOID:2580
NCIT:C34797,DOID:0060316
NCIT:C26710,DOID:10541
NCIT:C118847,DOID:4853
NCIT:C84583,DOID:8849
NCIT:C94335,DOID:9837
NCIT:C94333,DOID:5233
NCIT:C94332,DOID:0081096
NCIT:C94334,DOID:6581
NCIT:C2870,DOID:0110636
NCIT:C34889,DOID:3687
NCIT:C113335,DOID:5334
NCIT:C27591,DOID:8110
NCIT:C50732,DOID:5533
NCIT:C34409,DOID:0080708
NCIT:C85183,DOID:3250
NCIT:C75545,DOID:1787
NCIT:C34749,DOID:6255
NCIT:C79804,DOID:9250
NCIT:C98952,DOID:8415
NCIT:C34966,DOID:8170
NCIT:C98945,DOID:12028
NCIT:C34891,DOID:5196
NCIT:C34428,DOID:0050428
NCIT:C34422,DOID:10316
NCIT:C129934,DOID:11335
NCIT:C92563,DOID:1171
NCIT:C3073,DOID:4851
NCIT:C3157,DOID:8970
NCIT:C28194,DOID:3079
NCIT:C34459,DOID:9120
NCIT:C3354,DOID:0080797
NCIT:C34903,DOID:0111394
NCIT:C35110,DOID:10871
NCIT:C117004,DOID:7269
NCIT:C84903,DOID:2435
NCIT:C50721,DOID:6869
NCIT:C112836,DOID:678
NCIT:C97161,DOID:2717
NCIT:C9493,DOID:5296
NCIT:C34819,DOID:0111669
NCIT:C27649,DOID:0050475
NCIT:C35070,DOID:8207
NCIT:C98922,DOID:0050530
NCIT:C34585,DOID:8083
NCIT:C53653,DOID:452
NCIT:C34800,DOID:5117
NCIT:C4062,DOID:182
NCIT:C89329,DOID:3280
NCIT:C95804,DOID:0081086
NCIT:C35044,DOID:12339
NCIT:C34590,DOID:2347
NCIT:C34982,DOID:5200
NCIT:C85198,DOID:11130
NCIT:C26705,DOID:4637
NCIT:C128426,DOID:626
NCIT:C85006,DOID:6428
NCIT:C114827,DOID:3284
NCIT:C34746,DOID:7050
NCIT:C85505,DOID:4675
NCIT:C99013,DOID:0081305
NCIT:C34436,DOID:0050657
NCIT:C34456,DOID:7234
NCIT:C79702,DOID:4439
NCIT:C98670,DOID:5191
NCIT:C128143,DOID:5672
NCIT:C26909,DOID:9988
NCIT:C3658,DOID:285
NCIT:C26934,DOID:4514
NCIT:C3559,DOID:0111670
NCIT:C34811,DOID:150
NCIT:C35271,DOID:7610
NCIT:C131437,DOID:5503
NCIT:C35023,DOID:0081283
NCIT:C84457,DOID:4784
NCIT:C35668,DOID:5852
NCIT:C3241,DOID:7868
NCIT:C35089,DOID:2790
NCIT:C97096,DOID:14497
NCIT:C128419,DOID:14080
NCIT:C5717,DOID:4716
NCIT:C84316,DOID:2143
NCIT:C94355,DOID:4280
NCIT:C84397,DOID:14067
NCIT:C34825,DOID:2367
NCIT:C2871,DOID:768
NCIT:C34382,DOID:1508
NCIT:C3891,DOID:707
NCIT:C34974,DOID:13316
NCIT:C35441,DOID:8151
NCIT:C35807,DOID:0080656
NCIT:C78528,DOID:600
NCIT:C79596,DOID:11502
NCIT:C26904,DOID:8602
NCIT:C34638,DOID:8437
NCIT:C84642,DOID:7787
NCIT:C119046,DOID:0111044
NCIT:C3523,DOID:5639
NCIT:C85187,DOID:7138
NCIT:C97164,DOID:9841
NCIT:C35075,DOID:0060548
NCIT:C123175,DOID:11189
NCIT:C34899,DOID:9856
NCIT:C34639,DOID:3010
NCIT:C113824,DOID:9790
NCIT:C3219,DOID:10834
NCIT:C83006,DOID:10934
NCIT:C87167,DOID:4211
NCIT:C34742,DOID:14291
NCIT:C4419,DOID:2871
NCIT:C34420,DOID:0060218
NCIT:C34619,DOID:4060
NCIT:C118750,DOID:11543
NCIT:C34607,DOID:10426
NCIT:C4416,DOID:6523
NCIT:C119049,DOID:9146
NCIT:C94349,DOID:5975
NCIT:C85059,DOID:6652
NCIT:C35010,DOID:6742
NCIT:C50552,DOID:2942
NCIT:C35777,DOID:4013
NCIT:C26689,DOID:11934
NCIT:C34924,DOID:418
NCIT:C35637,DOID:3302
NCIT:C26954,DOID:4524
NCIT:C35068,DOID:7634
NCIT:C94337,DOID:5615
NCIT:C85182,DOID:270
NCIT:C26951,DOID:11820
NCIT:C34425,DOID:0060304
NCIT:C118712,DOID:1340
NCIT:C27105,DOID:8616
NCIT:C34637,DOID:4050
NCIT:C34757,DOID:13146
NCIT:C35342,DOID:7598
NCIT:C61443,DOID:2790
NCIT:C79541,DOID:5124
NCIT:C40164,DOID:7008
NCIT:C40172,DOID:6872
NCIT:C40168,DOID:0081304
NCIT:C26809,DOID:14504
NCIT:C27001,DOID:6494
NCIT:C50621,DOID:0050461
NCIT:C35443,DOID:743
NCIT:C34798,DOID:3113
NCIT:C34426,DOID:10354
NCIT:C128373,DOID:6195
NCIT:C35109,DOID:3939
NCIT:C127161,DOID:0070145
NCIT:C35498,DOID:7549
NCIT:C4392,DOID:3078
NCIT:C116347,DOID:1005
NCIT:C34468,DOID:7528
NCIT:C3105,DOID:5313
NCIT:C27142,DOID:10156
NCIT:C26926,DOID:7235
NCIT:C27576,DOID:0111337
NCIT:C28129,DOID:8593
NCIT:C84442,DOID:0111252
NCIT:C84938,DOID:899
NCIT:C35314,DOID:4337
NCIT:C128386,DOID:3216
NCIT:C35666,DOID:0080521
NCIT:C27148,DOID:2730
NCIT:C35336,DOID:11695
NCIT:C35372,DOID:0050486
NCIT:C35334,DOID:5190
NCIT:C34916,DOID:4848
NCIT:C85023,DOID:14743
NCIT:C84681,DOID:0081249
NCIT:C34565,DOID:6903
NCIT:C92622,DOID:3322
NCIT:C34799,DOID:2935
NCIT:C34898,DOID:14450
NCIT:C113344,DOID:2647
NCIT:C129724,DOID:1394
NCIT:C35827,DOID:2745
NCIT:C98864,DOID:1607
NCIT:C34855,DOID:4258
NCIT:C119028,DOID:0050158
NCIT:C123429,DOID:7437
NCIT:C84775,DOID:7214
NCIT:C34605,DOID:2772
NCIT:C94829,DOID:10353
NCIT:C2994,DOID:1339
NCIT:C61271,DOID:0111200
NCIT:C84829,DOID:8339
NCIT:C61274,DOID:7187
NCIT:C3718,DOID:0050457
NCIT:C35192,DOID:6139
NCIT:C34983,DOID:582
NCIT:C84588,DOID:3372
NCIT:C112199,DOID:607
NCIT:C26866,DOID:6163
NCIT:C114767,DOID:14176
NCIT:C34796,DOID:8500
NCIT:C85030,DOID:6865
NCIT:C8965,DOID:9240
NCIT:C98964,DOID:2580
NCIT:C84569,DOID:115
NCIT:C125698,DOID:6476
NCIT:C173795,DOID:5940
NCIT:C3961,DOID:6845
NCIT:C2869,DOID:2891
NCIT:C89715,DOID:2152
NCIT:C4432,DOID:13864
NCIT:C3027,DOID:4737
NCIT:C35768,DOID:5683
NCIT:C34915,DOID:3998
NCIT:C35204,DOID:0081286
NCIT:C26865,DOID:5531
NCIT:C34596,DOID:8118
NCIT:C26828,DOID:3357
NCIT:C6943,DOID:0050685
NCIT:C27194,DOID:8161
NCIT:C34918,DOID:1702
NCIT:C50515,DOID:12986
NCIT:C35723,DOID:11472
NCIT:C52593,DOID:7013
NCIT:C97141,DOID:6510
NCIT:C26695,DOID:11717
NCIT:C26716,DOID:4677
NCIT:C6624,DOID:10207
NCIT:C2878,DOID:8704
NCIT:C35206,DOID:7959
NCIT:C26863,DOID:2112
NCIT:C3092,DOID:11527
NCIT:C34809,DOID:0050472
NCIT:C3318,DOID:7541
NCIT:C27102,DOID:10071
NCIT:C34578,DOID:5293
NCIT:C35012,DOID:960
NCIT:C26786,DOID:0111511
NCIT:C35119,DOID:9362
NCIT:C3285,DOID:11717
NCIT:C34504,DOID:275
NCIT:C35197,DOID:7540
NCIT:C16522,DOID:6621
NCIT:C118723,DOID:2723
NCIT:C26752,DOID:0090022
NCIT:C35420,DOID:6214
NCIT:C27066,DOID:5157
NCIT:C34964,DOID:5241
NCIT:C3014,DOID:3544
NCIT:C99246,DOID:5698
NCIT:C84791,DOID:9317
NCIT:C78446,DOID:607
NCIT:C27598,DOID:0081076
NCIT:C2883,DOID:0050797
NCIT:C34744,DOID:9884
NCIT:C27870,DOID:6232
NCIT:C26747,DOID:12704
NCIT:C34879,DOID:3646
NCIT:C172147,DOID:7849
NCIT:C26811,DOID:4939
NCIT:C35275,DOID:0080619
NCIT:C26911,DOID:12270
NCIT:C159658,DOID:4248
NCIT:C35761,DOID:6945
NCIT:C92200,DOID:7968
NCIT:C27221,DOID:5514
NCIT:C26893,DOID:6195
NCIT:C34465,DOID:6214
NCIT:C94407,DOID:0050477
NCIT:C82978,DOID:12603
NCIT:C122812,DOID:1641
NCIT:C26874,DOID:8476
NCIT:C34973,DOID:4510
NCIT:C61469,DOID:799
NCIT:C26733,DOID:15
NCIT:C171941,DOID:223
NCIT:C2958,DOID:6386
NCIT:C40118,DOID:5149
NCIT:C110923,DOID:4640
NCIT:C34493,DOID:8761
NCIT:C26748,DOID:4449
NCIT:C26971,DOID:3049
NCIT:C34521,DOID:8488
NCIT:C50781,DOID:1949
NCIT:C3120,DOID:2583
NCIT:C98920,DOID:1564
NCIT:C34398,DOID:7586
NCIT:C112857,DOID:10205
NCIT:C112183,DOID:10350
NCIT:C79697,DOID:4791
NCIT:C3418,DOID:9300
NCIT:C27204,DOID:11080
NCIT:C50766,DOID:4687
NCIT:C185243,DOID:3643
NCIT:C27594,DOID:13336
NCIT:C34632,DOID:2211
NCIT:C79548,DOID:6762
NCIT:C26718,DOID:3447
NCIT:C26687,DOID:303
NCIT:C3065,DOID:7843
NCIT:C34430,DOID:7461
NCIT:C35799,DOID:12120
NCIT:C3801,DOID:8137
NCIT:C78579,DOID:5401
NCIT:C34998,DOID:11100
NCIT:C3086,DOID:13195
NCIT:C39955,DOID:133
NCIT:C63743,DOID:4953
NCIT:C92636,DOID:0050791
NCIT:C27057,DOID:10017
NCIT:C34400,DOID:3218
NCIT:C34501,DOID:299
NCIT:C20701,DOID:7188
NCIT:C72070,DOID:3255
NCIT:C116791,DOID:5894
NCIT:C138179,DOID:819
NCIT:C34984,DOID:6993
NCIT:C3991,DOID:10205
NCIT:C85044,DOID:2992
NCIT:C181765,DOID:1681
NCIT:C36083,DOID:4593
NCIT:C84506,DOID:4327
NCIT:C3717,DOID:6510
NCIT:C35225,DOID:47
NCIT:C3809,DOID:4708
NCIT:C35424,DOID:7033
NCIT:C50462,DOID:4838
NCIT:C97041,DOID:8252
NCIT:C35341,DOID:14218
NCIT:C6796,DOID:3926
NCIT:C7419,DOID:12139
NCIT:C3792,DOID:7819
NCIT:C50654,DOID:9599
NCIT:C84703,DOID:13929
NCIT:C26818,DOID:4164
NCIT:C2860,DOID:0081091
NCIT:C85079,DOID:13014
NCIT:C3023,DOID:14336
NCIT:C70938,DOID:8738
NCIT:C50530,DOID:5602
NCIT:C34445,DOID:3498
NCIT:C34657,DOID:0040093
NCIT:C173930,DOID:4075
NCIT:C121932,DOID:9540
NCIT:C3347,DOID:4500
NCIT:C3098,DOID:482
NCIT:C4247,DOID:150
NCIT:C3708,DOID:6841
NCIT:C34752,DOID:10487
NCIT:C85176,DOID:4442
NCIT:C85186,DOID:4288
NCIT:C112200,DOID:13139
NCIT:C26962,DOID:9733
NCIT:C3275,DOID:8736
NCIT:C175882,DOID:13628
NCIT:C3029,DOID:13042
NCIT:C3097,DOID:8719
NCIT:C27549,DOID:1195
NCIT:C3389,DOID:6846
NCIT:C3761,DOID:8590
NCIT:C8596,DOID:3183
NCIT:C6434,DOID:12449
NCIT:C39611,DOID:0070039
NCIT:C4076,DOID:3309
NCIT:C5567,DOID:12930
NCIT:C3843,DOID:5636
NCIT:C34529,DOID:0050589
NCIT:C35530,DOID:5540
NCIT:C27015,DOID:12215
NCIT:C35131,DOID:2988
NCIT:C128429,DOID:5564
NCIT:C112190,DOID:4430
NCIT:C27012,DOID:331
NCIT:C171147,DOID:2960
NCIT:C26780,DOID:6482
NCIT:C35178,DOID:13195
NCIT:C35885,DOID:7147
NCIT:C35882,DOID:6947
NCIT:C165675,DOID:223
NCIT:C84799,DOID:10047
NCIT:C39860,DOID:0111937
NCIT:C3474,DOID:6727
NCIT:C6934,DOID:4934
NCIT:C3060,DOID:13994
NCIT:C7076,DOID:12858
NCIT:C4463,DOID:4249
NCIT:C4222,DOID:11258
NCIT:C4475,DOID:9938
NCIT:C118859,DOID:0080651
NCIT:C34507,DOID:6001
NCIT:C35616,DOID:7140
NCIT:C34508,DOID:440
NCIT:C50687,DOID:4977
NCIT:C3501,DOID:2887
NCIT:C97145,DOID:2173
NCIT:C38012,DOID:0060358
NCIT:C3635,DOID:4992
NCIT:C7760,DOID:6195
NCIT:C4687,DOID:5426
NCIT:C34653,DOID:2679
NCIT:C34913,DOID:5949
NCIT:C34793,DOID:0080702
NCIT:C3106,DOID:4560
NCIT:C84526,DOID:5893
NCIT:C4425,DOID:2891
NCIT:C4181,DOID:7502
NCIT:C4527,DOID:65
NCIT:C5112,DOID:7583
NCIT:C39954,DOID:9063
NCIT:C4272,DOID:4367
NCIT:C3087,DOID:4510
NCIT:C8113,DOID:10194
NCIT:C7286,DOID:14400
NCIT:C38150,DOID:10310
NCIT:C3234,DOID:6082
NCIT:C3734,DOID:3381
NCIT:C6581,DOID:14472
NCIT:C3363,DOID:7160
NCIT:C4271,DOID:0081279
NCIT:C40392,DOID:0112128
NCIT:C3233,DOID:10310
NCIT:C4328,DOID:3001
NCIT:C26852,DOID:8761
NCIT:C35163,DOID:14757
NCIT:C84665,DOID:3265
NCIT:C92635,DOID:4955
NCIT:C36197,DOID:5225
NCIT:C116767,DOID:5528
NCIT:C27151,DOID:6575
NCIT:C26743,DOID:14775
NCIT:C4877,DOID:4594
NCIT:C34838,DOID:13078
NCIT:C35806,DOID:7518
NCIT:C35717,DOID:7996
NCIT:C35578,DOID:5597
NCIT:C27310,DOID:7613
NCIT:C27178,DOID:5529
NCIT:C27312,DOID:5077
NCIT:C27174,DOID:4813
NCIT:C35434,DOID:12685
NCIT:C73511,DOID:12139
NCIT:C113170,DOID:2738
NCIT:C34675,DOID:450
NCIT:C3306,DOID:5767
NCIT:C26736,DOID:3044
NCIT:C34644,DOID:4556
NCIT:C34849,DOID:1172
NCIT:C85064,DOID:0050473
NCIT:C34824,DOID:2239
NCIT:C114699,DOID:4360
NCIT:C34643,DOID:12842
NCIT:C61283,DOID:11888
NCIT:C7113,DOID:14374
NCIT:C5212,DOID:2034
NCIT:C27939,DOID:6370
NCIT:C34481,DOID:1970
NCIT:C3796,DOID:1849
NCIT:C3724,DOID:322
NCIT:C3199,DOID:2071
NCIT:C27162,DOID:4471
NCIT:C3959,DOID:10206
NCIT:C38011,DOID:299
NCIT:C85057,DOID:0070314
NCIT:C34710,DOID:0060597
NCIT:C3146,DOID:5275
NCIT:C8964,DOID:468
NCIT:C7582,DOID:4022
NCIT:C4237,DOID:9146
NCIT:C4101,DOID:6523
NCIT:C3793,DOID:4008
NCIT:C4724,DOID:10156
NCIT:C5421,DOID:4117
NCIT:C5321,DOID:10930
NCIT:C6970,DOID:10660
NCIT:C6969,DOID:1029
NCIT:C8401,DOID:0080122
NCIT:C4258,DOID:2431
NCIT:C9150,DOID:4953
NCIT:C6519,DOID:3578
NCIT:C8365,DOID:5170
NCIT:C3411,DOID:7089
NCIT:C7386,DOID:8659
NCIT:C6454,DOID:2529
NCIT:C6885,DOID:8567
NCIT:C7114,DOID:7077
NCIT:C6453,DOID:8936
NCIT:C128421,DOID:2833
NCIT:C3754,DOID:2436
NCIT:C111963,DOID:12386
NCIT:C38151,DOID:3998
NCIT:C50847,DOID:6776
NCIT:C92634,DOID:7041
NCIT:C34875,DOID:4294
NCIT:C61267,DOID:10914
NCIT:C8563,DOID:2977
NCIT:C6470,DOID:5030
NCIT:C168176,DOID:9352
NCIT:C4021,DOID:9043
NCIT:C7134,DOID:2780
NCIT:C26953,DOID:1936
NCIT:C3988,DOID:0060123
NCIT:C84548,DOID:350
NCIT:C27575,DOID:7921
NCIT:C84786,DOID:9808
NCIT:C7073,DOID:2383
NCIT:C3302,DOID:10655
NCIT:C34840,DOID:2477
NCIT:C9235,DOID:1700
NCIT:C3774,DOID:5697
NCIT:C9120,DOID:5759
NCIT:C84269,DOID:2229
NCIT:C7809,DOID:7875
NCIT:C50486,DOID:0081076
NCIT:C39976,DOID:0112128
NCIT:C3757,DOID:7612
NCIT:C7449,DOID:10264
NCIT:C3733,DOID:13951
NCIT:C3019,DOID:2065
NCIT:C84596,DOID:3117
NCIT:C5443,DOID:11328
NCIT:C4944,DOID:6976
NCIT:C3129,DOID:14224
NCIT:C98969,DOID:315
NCIT:C84814,DOID:437
NCIT:C85067,DOID:6293
NCIT:C3218,DOID:4534
NCIT:C27210,DOID:14125
NCIT:C3808,DOID:5492
NCIT:C27744,DOID:6944
NCIT:C4002,DOID:1724
NCIT:C3781,DOID:8216
NCIT:C26836,DOID:10932
NCIT:C6811,DOID:6705
NCIT:C45909,DOID:13409
NCIT:C34775,DOID:6468
NCIT:C3470,DOID:2784
NCIT:C34388,DOID:2431
NCIT:C26972,DOID:6707
NCIT:C85019,DOID:12347
NCIT:C2857,DOID:8400
NCIT:C35132,DOID:1670
NCIT:C4726,DOID:865
NCIT:C4725,DOID:10011
NCIT:C39908,DOID:1826
NCIT:C6904,DOID:6195
NCIT:C3706,DOID:7731
NCIT:C9497,DOID:3710
NCIT:C5407,DOID:2548
NCIT:C3760,DOID:8239
NCIT:C6504,DOID:13949
NCIT:C27487,DOID:663
NCIT:C27486,DOID:0111670
NCIT:C84540,DOID:8239
NCIT:C113210,DOID:3756
NCIT:C113208,DOID:3502
NCIT:C27044,DOID:1532
NCIT:C4068,DOID:12554
NCIT:C7380,DOID:7305
NCIT:C128415,DOID:2283
NCIT:C123159,DOID:8442
NCIT:C3190,DOID:3579
NCIT:C2928,DOID:0060468
NCIT:C3926,DOID:14699
NCIT:C35330,DOID:61
NCIT:C27051,DOID:0111510
NCIT:C27329,DOID:5695
NCIT:C27348,DOID:4480
NCIT:C6514,DOID:14018
NCIT:C4716,DOID:2076
NCIT:C50783,DOID:82
NCIT:C3422,DOID:5767
NCIT:C39915,DOID:9008
NCIT:C3255,DOID:1962
NCIT:C6902,DOID:8119
NCIT:C128413,DOID:8929
NCIT:C42048,DOID:13036
NCIT:C3790,DOID:7077
NCIT:C113150,DOID:268
NCIT:C129722,DOID:10079
NCIT:C97166,DOID:3302
NCIT:C27595,DOID:6517
NCIT:C27596,DOID:7016
NCIT:C4722,DOID:5125
NCIT:C35765,DOID:4686
NCIT:C27005,DOID:10744
NCIT:C3747,DOID:3558
NCIT:C5355,DOID:172
NCIT:C84891,DOID:8411
NCIT:C62282,DOID:4968
NCIT:C84743,DOID:5908
NCIT:C7585,DOID:2764
NCIT:C4109,DOID:4621
NCIT:C27182,DOID:4637
NCIT:C27536,DOID:905
NCIT:C27538,DOID:743
NCIT:C4108,DOID:863
NCIT:C38110,DOID:302
NCIT:C34934,DOID:12900
NCIT:C3751,DOID:0060799
NCIT:C27518,DOID:4855
NCIT:C27516,DOID:14755
NCIT:C27517,DOID:6903
NCIT:C36171,DOID:8282
NCIT:C53972,DOID:0060799
NCIT:C35072,DOID:6839
NCIT:C78442,DOID:4384
NCIT:C35775,DOID:4856
NCIT:C3802,DOID:0111393
NCIT:C4236,DOID:4415
NCIT:C123231,DOID:0111391
NCIT:C175521,DOID:139
NCIT:C3356,DOID:0060345
NCIT:C3505,DOID:7042
NCIT:C34888,DOID:0111868
NCIT:C35277,DOID:961
NCIT:C2984,DOID:4610
NCIT:C34859,DOID:3263
NCIT:C27037,DOID:0050854
NCIT:C4816,DOID:0081065
NCIT:C3739,DOID:5711
NCIT:C6492,DOID:7528
NCIT:C96410,DOID:8584
NCIT:C3379,DOID:319
NCIT:C28396,DOID:4552
NCIT:C5286,DOID:0111563
NCIT:C34794,DOID:5813
NCIT:C35468,DOID:7379
NCIT:C6194,DOID:5339
NCIT:C4146,DOID:227
NCIT:C39807,DOID:4483
NCIT:C34345,DOID:10780
NCIT:C34986,DOID:2146
NCIT:C4282,DOID:4442
NCIT:C45655,DOID:5505
NCIT:C7985,DOID:0081286
NCIT:C34939,DOID:6354
NCIT:C40220,DOID:5579
NCIT:C34386,DOID:640
NCIT:C34372,DOID:6847
NCIT:C27481,DOID:13619
NCIT:C3780,DOID:8208
NCIT:C27625,DOID:5146
NCIT:C27626,DOID:0111392
NCIT:C34583,DOID:4660
NCIT:C5301,DOID:11151
NCIT:C4718,DOID:12134
NCIT:C4720,DOID:0080892
NCIT:C4721,DOID:3752
NCIT:C3213,DOID:9021
NCIT:C27016,DOID:1328
NCIT:C26937,DOID:5625
NCIT:C27332,DOID:76
NCIT:C27135,DOID:368
NCIT:C8714,DOID:8427
NCIT:C7846,DOID:10992
NCIT:C7848,DOID:9841
NCIT:C9303,DOID:5834
NCIT:C9286,DOID:12053
NCIT:C4296,DOID:817
NCIT:C27055,DOID:2068
NCIT:C5164,DOID:6629
NCIT:C6555,DOID:0111672
NCIT:C34586,DOID:13207
NCIT:C5822,DOID:7684
NCIT:C5119,DOID:5635
NCIT:C5347,DOID:4702
NCIT:C4299,DOID:6278
NCIT:C3945,DOID:10541
NCIT:C5423,DOID:4938
NCIT:C34988,DOID:5747
NCIT:C4298,DOID:0111337
NCIT:C26856,DOID:4398
NCIT:C5586,DOID:4415
NCIT:C8997,DOID:321
NCIT:C36054,DOID:5324
NCIT:C36053,DOID:13832
NCIT:C35264,DOID:5370
NCIT:C35706,DOID:0060315
NCIT:C35281,DOID:4048
NCIT:C35707,DOID:4777
NCIT:C35798,DOID:1928
NCIT:C35801,DOID:7207
NCIT:C35445,DOID:12003
NCIT:C35800,DOID:13819
NCIT:C66808,DOID:6483
NCIT:C9284,DOID:1035
NCIT:C9285,DOID:0080925
NCIT:C84628,DOID:8654
NCIT:C3727,DOID:4896
NCIT:C40315,DOID:3278
NCIT:C4323,DOID:4869
NCIT:C5419,DOID:3742
NCIT:C27505,DOID:0060318
NCIT:C2970,DOID:4844
NCIT:C40016,DOID:10881
NCIT:C3681,DOID:11257
NCIT:C4142,DOID:1172
NCIT:C27018,DOID:0111842
NCIT:C4189,DOID:7642
NCIT:C36077,DOID:4141
NCIT:C65192,DOID:13088
NCIT:C4754,DOID:1558
NCIT:C34433,DOID:3869
NCIT:C85031,DOID:10131
NCIT:C6895,DOID:4972
NCIT:C27388,DOID:5207
NCIT:C6967,DOID:6175
NCIT:C128336,DOID:3377
NCIT:C6909,DOID:4890
NCIT:C2922,DOID:1520
NCIT:C3697,DOID:10629
NCIT:C27617,DOID:12969
NCIT:C39958,DOID:8251
NCIT:C4257,DOID:7531
NCIT:C6512,DOID:12804
NCIT:C3748,DOID:421
NCIT:C4256,DOID:3963
NCIT:C4483,DOID:10319
NCIT:C6558,DOID:5683
NCIT:C3797,DOID:0111716
NCIT:C41427,DOID:2216
NCIT:C6559,DOID:5820
NCIT:C35543,DOID:4419
NCIT:C40270,DOID:396
NCIT:C6951,DOID:9297
NCIT:C9149,DOID:3917
NCIT:C9147,DOID:7584
NCIT:C9146,DOID:1686
NCIT:C97085,DOID:0080521
NCIT:C9148,DOID:0060783
NCIT:C42058,DOID:13160
NCIT:C42057,DOID:4943
NCIT:C128119,DOID:4251
NCIT:C36071,DOID:8392
NCIT:C35383,DOID:9278
NCIT:C3836,DOID:0060850
NCIT:C35796,DOID:10661
NCIT:C26761,DOID:4206
NCIT:C84754,DOID:2550
NCIT:C36079,DOID:0050120
NCIT:C27495,DOID:7004
NCIT:C27494,DOID:6713
NCIT:C3108,DOID:5639
NCIT:C3701,DOID:13372
NCIT:C4484,DOID:6693
NCIT:C34893,DOID:5063
NCIT:C3820,DOID:3327
NCIT:C39986,DOID:11819
NCIT:C97083,DOID:1969
NCIT:C40396,DOID:11257
NCIT:C5386,DOID:9253
NCIT:C7368,DOID:3201
NCIT:C35344,DOID:5240
NCIT:C35287,DOID:9601
NCIT:C4151,DOID:7280
NCIT:C3342,DOID:8012
NCIT:C4159,DOID:3558
NCIT:C4155,DOID:1933
NCIT:C3915,DOID:5261
NCIT:C94378,DOID:4080
NCIT:C4171,DOID:5273
NCIT:C7568,DOID:4111
NCIT:C4170,DOID:17
NCIT:C4172,DOID:14695
NCIT:C37215,DOID:7244
NCIT:C8985,DOID:6713
NCIT:C8986,DOID:1737
NCIT:C6533,DOID:6869
NCIT:C4277,DOID:11823
NCIT:C4278,DOID:7439
NCIT:C4713,DOID:7875
NCIT:C6903,DOID:5337
NCIT:C4319,DOID:467
NCIT:C7169,DOID:13691
NCIT:C4105,DOID:5261
NCIT:C9015,DOID:4231
NCIT:C43345,DOID:1067
NCIT:C34415,DOID:5730
NCIT:C26749,DOID:885
NCIT:C34959,DOID:0110636
NCIT:C3050,DOID:14068
NCIT:C4461,DOID:4553
NCIT:C35130,DOID:10493
NCIT:C123215,DOID:0080780
NCIT:C6267,DOID:0080798
NCIT:C9119,DOID:5474
NCIT:C5135,DOID:13450
NCIT:C27216,DOID:0111152
NCIT:C27103,DOID:7334
NCIT:C4152,DOID:3947
NCIT:C4107,DOID:11077
NCIT:C4188,DOID:5677
NCIT:C3680,DOID:0050471
NCIT:C176979,DOID:9841
NCIT:C4252,DOID:10816
NCIT:C7811,DOID:0111868
NCIT:C6509,DOID:3798
NCIT:C4253,DOID:8415
NCIT:C6507,DOID:5432
NCIT:C27489,DOID:1927
NCIT:C27781,DOID:0111225
NCIT:C40142,DOID:5680
NCIT:C40133,DOID:7787
NCIT:C4518,DOID:4249
NCIT:C40119,DOID:5223
NCIT:C40136,DOID:0080149
NCIT:C26762,DOID:3039
NCIT:C4268,DOID:2752
NCIT:C38152,DOID:8997
NCIT:C5671,DOID:6688
NCIT:C35795,DOID:1522
NCIT:C34866,DOID:8310
NCIT:C27777,DOID:3850
NCIT:C7053,DOID:13538
NCIT:C7097,DOID:7656
NCIT:C7095,DOID:12259
NCIT:C3264,DOID:6703
NCIT:C35870,DOID:11077
NCIT:C26688,DOID:1373
NCIT:C3270,DOID:4693
NCIT:C38003,DOID:467
NCIT:C6798,DOID:8924
NCIT:C118422,DOID:0060242
NCIT:C85172,DOID:7408
NCIT:C3962,DOID:2477
NCIT:C3895,DOID:3083
NCIT:C38661,DOID:14500
NCIT:C37869,DOID:5468
NCIT:C7587,DOID:12205
NCIT:C35142,DOID:1858
NCIT:C36068,DOID:7707
NCIT:C27996,DOID:2742
NCIT:C36073,DOID:4716
NCIT:C35305,DOID:7757
NCIT:C35672,DOID:3749
NCIT:C35673,DOID:7553
NCIT:C35400,DOID:7646
NCIT:C8778,DOID:0111958
NCIT:C35150,DOID:7191
NCIT:C7635,DOID:5147
NCIT:C8097,DOID:5225
NCIT:C7947,DOID:11249
NCIT:C27791,DOID:13099
NCIT:C5823,DOID:2053
NCIT:C7427,DOID:2781
NCIT:C7109,DOID:4049
NCIT:C34362,DOID:2669
NCIT:C34890,DOID:833
NCIT:C3927,DOID:4489
NCIT:C7751,DOID:10426
NCIT:C3484,DOID:525
NCIT:C35273,DOID:3265
NCIT:C4982,DOID:3720
NCIT:C35492,DOID:7411
NCIT:C27143,DOID:3362
NCIT:C35614,DOID:7365
NCIT:C5365,DOID:11934
NCIT:C5345,DOID:4310
NCIT:C35413,DOID:0080705
NCIT:C39854,DOID:4242
NCIT:C27341,DOID:7051
NCIT:C5269,DOID:1294
NCIT:C4959,DOID:0080799
NCIT:C39870,DOID:3303
NCIT:C39867,DOID:4054
NCIT:C27390,DOID:255
NCIT:C9425,DOID:326
NCIT:C6846,DOID:5517
NCIT:C6608,DOID:3201
NCIT:C39849,DOID:4201
NCIT:C4508,DOID:5104
NCIT:C7035,DOID:7840
NCIT:C39992,DOID:11801
NCIT:C27071,DOID:9470
NCIT:C27319,DOID:7297
NCIT:C8960,DOID:0111949
NCIT:C39809,DOID:1081
NCIT:C39810,DOID:14784
NCIT:C7915,DOID:5457
NCIT:C5438,DOID:0060438
NCIT:C27804,DOID:2648
NCIT:C87497,DOID:2051
NCIT:C5412,DOID:2034
NCIT:C39996,DOID:1035
NCIT:C7285,DOID:4897
NCIT:C8461,DOID:4074
NCIT:C7946,DOID:2962
NCIT:C6910,DOID:8881
NCIT:C4748,DOID:92
NCIT:C2851,DOID:8533
NCIT:C84623,DOID:856
NCIT:C34714,DOID:1962
NCIT:C6890,DOID:275
NCIT:C5281,DOID:3302
NCIT:C34580,DOID:12466
NCIT:C98916,DOID:0111584
NCIT:C84505,DOID:9650
NCIT:C40213,DOID:6501
NCIT:C40060,DOID:331
NCIT:C6905,DOID:7381
NCIT:C5649,DOID:0110827
NCIT:C6635,DOID:4561
NCIT:C40280,DOID:115
NCIT:C39988,DOID:5295
NCIT:C39989,DOID:10095
NCIT:C39987,DOID:10541
NCIT:C6888,DOID:5732
NCIT:C27910,DOID:13507
NCIT:C4332,DOID:2600
NCIT:C5282,DOID:9146
NCIT:C40290,DOID:0080630
NCIT:C39835,DOID:5632
NCIT:C27888,DOID:326
NCIT:C27889,DOID:9502
NCIT:C5661,DOID:10754
NCIT:C40259,DOID:3616
NCIT:C7752,DOID:12270
NCIT:C34625,DOID:1641
NCIT:C35699,DOID:9370
NCIT:C3253,DOID:643
NCIT:C34446,DOID:5254
NCIT:C94379,DOID:7148
NCIT:C34411,DOID:3480
NCIT:C39935,DOID:3541
NCIT:C6471,DOID:9263
NCIT:C6472,DOID:13169
NCIT:C8399,DOID:1205
NCIT:C40959,DOID:859
NCIT:C4335,DOID:6943
NCIT:C4322,DOID:6446
NCIT:C40370,DOID:5527
NCIT:C27081,DOID:14515
NCIT:C4265,DOID:3692
NCIT:C5728,DOID:3850
NCIT:C27942,DOID:12388
NCIT:C4960,DOID:6703
NCIT:C27496,DOID:5421
NCIT:C6887,DOID:3750
NCIT:C9007,DOID:7827
NCIT:C6792,DOID:2113
NCIT:C3902,DOID:314
NCIT:C5555,DOID:0060180
NCIT:C3488,DOID:14365
NCIT:C50778,DOID:9282
NCIT:C27473,DOID:0060573
NCIT:C7989,DOID:9446
NCIT:C7462,DOID:3277
NCIT:C4321,DOID:3606
NCIT:C4320,DOID:3490
NCIT:C7450,DOID:8227
NCIT:C5664,DOID:3772
NCIT:C9423,DOID:1729
NCIT:C37304,DOID:3939
NCIT:C35830,DOID:3419
NCIT:C35558,DOID:0080654
NCIT:C39924,DOID:9870
NCIT:C4933,DOID:3343
NCIT:C6793,DOID:5398
NCIT:C123174,DOID:8060
NCIT:C96230,DOID:14069
NCIT:C35071,DOID:7540
NCIT:C8255,DOID:4897
NCIT:C4148,DOID:7293
NCIT:C38766,DOID:0111049
NCIT:C4288,DOID:10907
NCIT:C9499,DOID:5667
NCIT:C4331,DOID:5402
NCIT:C4330,DOID:0081050
NCIT:C4329,DOID:7584
NCIT:C4333,DOID:321
NCIT:C9080,DOID:5221
NCIT:C4273,DOID:10040
NCIT:C37201,DOID:5169
NCIT:C5713,DOID:6231
NCIT:C41245,DOID:4464
NCIT:C35042,DOID:5704
NCIT:C40165,DOID:11963
NCIT:C27144,DOID:743
NCIT:C40957,DOID:1754
NCIT:C27839,DOID:0111704
NCIT:C8717,DOID:4525
NCIT:C39927,DOID:3637
NCIT:C40391,DOID:7169
NCIT:C9368,DOID:6231
NCIT:C3827,DOID:6762
NCIT:C50559,DOID:3603
NCIT:C40446,DOID:6741
NCIT:C39925,DOID:8275
NCIT:C26867,DOID:10567
NCIT:C27474,DOID:0060406
NCIT:C39866,DOID:3178
NCIT:C4462,DOID:6854
NCIT:C27779,DOID:7441
NCIT:C27448,DOID:0050425
NCIT:C40285,DOID:5656
NCIT:C111885,DOID:3309
NCIT:C39930,DOID:6451
NCIT:C27850,DOID:9467
NCIT:C35602,DOID:10939
NCIT:C40359,DOID:624
NCIT:C6876,DOID:8274
NCIT:C5271,DOID:5897
NCIT:C7640,DOID:3721
NCIT:C34874,DOID:10787
NCIT:C27472,DOID:2562
NCIT:C34958,DOID:4463
NCIT:C40388,DOID:2814
NCIT:C40385,DOID:13957
NCIT:C27022,DOID:7008
NCIT:C5609,DOID:12347
NCIT:C9009,DOID:4955
NCIT:C9008,DOID:5577
NCIT:C40384,DOID:1875
NCIT:C9473,DOID:421
NCIT:C40383,DOID:14720
NCIT:C40364,DOID:3721
NCIT:C6469,DOID:4111
NCIT:C27953,DOID:8043
NCIT:C5560,DOID:12305
NCIT:C37256,DOID:365
NCIT:C7362,DOID:3923
NCIT:C87121,DOID:6115
NCIT:C4020,DOID:712
NCIT:C4154,DOID:4776
NCIT:C4243,DOID:4674
NCIT:C34795,DOID:5484
NCIT:C6776,DOID:9673
NCIT:C6779,DOID:12143
NCIT:C41617,DOID:14702
NCIT:C40439,DOID:4055
NCIT:C8289,DOID:6975
NCIT:C40153,DOID:4489
NCIT:C27000,DOID:482
NCIT:C27466,DOID:2987
NCIT:C5284,DOID:11981
NCIT:C3022,DOID:12351
NCIT:C8090,DOID:0081316
NCIT:C5718,DOID:4855
NCIT:C27183,DOID:3459
NCIT:C7990,DOID:14080
NCIT:C8272,DOID:1724
NCIT:C5278,DOID:4521
NCIT:C5285,DOID:176
NCIT:C5313,DOID:4880
NCIT:C35603,DOID:1679
NCIT:C2918,DOID:13160
NCIT:C8271,DOID:0111633
NCIT:C6636,DOID:1852
NCIT:C6625,DOID:790
NCIT:C39926,DOID:3361
NCIT:C42060,DOID:14499
NCIT:C42059,DOID:4562
NCIT:C27234,DOID:6451
NCIT:C40188,DOID:13996
NCIT:C40159,DOID:6652
NCIT:C39822,DOID:4594
NCIT:C27944,DOID:93
NCIT:C5267,DOID:0111509
NCIT:C35114,DOID:4644
NCIT:C5350,DOID:5695
NCIT:C5292,DOID:14500
NCIT:C39959,DOID:169
NCIT:C4223,DOID:0080798
NCIT:C7566,DOID:4680
NCIT:C6777,DOID:3641
NCIT:C39847,DOID:3535
NCIT:C39848,DOID:11277
NCIT:C6771,DOID:184
NCIT:C41620,DOID:6691
NCIT:C39929,DOID:115
NCIT:C39815,DOID:1724
NCIT:C39814,DOID:13822
NCIT:C39839,DOID:5438
NCIT:C40258,DOID:2006
NCIT:C41237,DOID:768
NCIT:C27322,DOID:14757
NCIT:C34847,DOID:0050426
NCIT:C26700,DOID:7824
NCIT:C40355,DOID:9942
NCIT:C6462,DOID:14125
NCIT:C37204,DOID:13382
NCIT:C6573,DOID:14203
NCIT:C9469,DOID:12297
NCIT:C35786,DOID:7174
NCIT:C40232,DOID:12342
NCIT:C40233,DOID:4024
NCIT:C26827,DOID:8442
NCIT:C39928,DOID:0090028
NCIT:C39931,DOID:9120
NCIT:C5290,DOID:4488
NCIT:C39868,DOID:3367
NCIT:C36087,DOID:6917
NCIT:C36088,DOID:9700
NCIT:C36089,DOID:7708
NCIT:C6508,DOID:5784
NCIT:C5288,DOID:2733
NCIT:C34479,DOID:13814
NCIT:C39869,DOID:0111049
NCIT:C7641,DOID:0081314
NCIT:C7325,DOID:4394
NCIT:C27729,DOID:5437
NCIT:C40178,DOID:0111664
NCIT:C6583,DOID:738
NCIT:C36096,DOID:2476
NCIT:C5199,DOID:8110
NCIT:C35145,DOID:4227
NCIT:C6561,DOID:5711
NCIT:C9468,DOID:0080843
NCIT:C40958,DOID:8442
NCIT:C40212,DOID:13072
NCIT:C39932,DOID:2450
NCIT:C6908,DOID:8719
NCIT:C7814,DOID:5176
NCIT:C5824,DOID:14472
NCIT:C39923,DOID:6024
NCIT:C27300,DOID:7400
NCIT:C36094,DOID:4677
NCIT:C27389,DOID:8702
NCIT:C4161,DOID:2436
NCIT:C6560,DOID:3024
NCIT:C5140,DOID:9467
NCIT:C27311,DOID:7808
NCIT:C27331,DOID:1099
NCIT:C9175,DOID:3864
NCIT:C37979,DOID:5510
NCIT:C93045,DOID:3120
NCIT:C98963,DOID:1574
NCIT:C113484,DOID:0060703
NCIT:C85221,DOID:6948
NCIT:C35193,DOID:3674
NCIT:C92848,DOID:913
NCIT:C26742,DOID:374
NCIT:C84389,DOID:8731
NCIT:C50713,DOID:7528
NCIT:C26781,DOID:0080829
NCIT:C27824,DOID:0060192
NCIT:C6913,DOID:11119
NCIT:C9357,DOID:0080702
NCIT:C3037,DOID:4603
NCIT:C155871,DOID:4157
NCIT:C34356,DOID:4923
NCIT:C34774,DOID:8867
NCIT:C94575,DOID:7246
NCIT:C128402,DOID:4895
NCIT:C3316,DOID:7664
NCIT:C96406,DOID:11917
NCIT:C9283,DOID:9043
NCIT:C35177,DOID:4995
NCIT:C3517,DOID:12577
NCIT:C97132,DOID:9905
NCIT:C9323,DOID:3663
NCIT:C26977,DOID:6003
NCIT:C35815,DOID:0112128
NCIT:C34387,DOID:4406
NCIT:C14364,DOID:1558
NCIT:C50706,DOID:4152
NCIT:C3151,DOID:10323
NCIT:C111888,DOID:6293
NCIT:C84695,DOID:2355
NCIT:C67277,DOID:5874
NCIT:C128382,DOID:7071
NCIT:C85051,DOID:5258
NCIT:C66911,DOID:4959
NCIT:C3518,DOID:4648
NCIT:C34961,DOID:2239
NCIT:C3148,DOID:4388
NCIT:C155872,DOID:1381
NCIT:C97136,DOID:3948
NCIT:C26855,DOID:9368
NCIT:C3663,DOID:127
NCIT:C3446,DOID:7244
NCIT:C84756,DOID:5155
NCIT:C4680,DOID:13608
NCIT:C84489,DOID:1786
NCIT:C27156,DOID:2485
NCIT:C85173,DOID:14289
NCIT:C3953,DOID:8596
NCIT:C3976,DOID:2938
NCIT:C112833,DOID:8761
NCIT:C34767,DOID:5283
NCIT:C8196,DOID:4202
NCIT:C3312,DOID:11830
NCIT:C34591,DOID:2059
NCIT:C5574,DOID:1358
NCIT:C3528,DOID:0080878
NCIT:C34365,DOID:5776
NCIT:C84551,DOID:1287
NCIT:C3189,DOID:0081080
NCIT:C2891,DOID:0080640
NCIT:C116046,DOID:1273
NCIT:C34593,DOID:7531
NCIT:C35139,DOID:12241
NCIT:C3868,DOID:2215
NCIT:C84957,DOID:2383
NCIT:C84770,DOID:5118
NCIT:C81315,DOID:6041
NCIT:C34597,DOID:2426
NCIT:C34790,DOID:4690
NCIT:C39861,DOID:7428
NCIT:C125662,DOID:13098
NCIT:C122577,DOID:4062
NCIT:C78643,DOID:0081089
NCIT:C26735,DOID:9060
NCIT:C116007,DOID:0081253
NCIT:C35335,DOID:0050471
NCIT:C35300,DOID:0050464
NCIT:C34471,DOID:9149
NCIT:C128418,DOID:13359
NCIT:C7150,DOID:7179
NCIT:C84669,DOID:14308
NCIT:C35121,DOID:5809
NCIT:C4728,DOID:0080190
NCIT:C35037,DOID:950
NCIT:C6483,DOID:8337
NCIT:C84916,DOID:4662
NCIT:C4729,DOID:3535
NCIT:C122991,DOID:14213
NCIT:C84581,DOID:1737
NCIT:C62546,DOID:0081293
NCIT:C35039,DOID:543
NCIT:C50607,DOID:5724
NCIT:C35547,DOID:10865
NCIT:C116815,DOID:0080916
NCIT:C78308,DOID:14515
NCIT:C50807,DOID:0111687
NCIT:C35592,DOID:8704
NCIT:C35792,DOID:1748
NCIT:C26985,DOID:4014
NCIT:C26847,DOID:5212
NCIT:C34716,DOID:10567
NCIT:C42086,DOID:0070314
NCIT:C35086,DOID:6428
NCIT:C26717,DOID:5628
NCIT:C82859,DOID:1729
NCIT:C92561,DOID:3209
NCIT:C98968,DOID:11503
NCIT:C98894,DOID:1928
NCIT:C26963,DOID:8616
NCIT:C34492,DOID:1074
NCIT:C34694,DOID:7515
NCIT:C171602,DOID:0060438
