DOID:0014667,NCIT:C125696
DOID:0040093,NCIT:C7635
DOID:0050127,NCIT:C3718
DOID:0050156,NCIT:C6451
DOID:0050157,NCIT:C35497
DOID:0050158,NCIT:C4114
DOID:0050425,NCIT:C9385
DOID:0050431,NCIT:C7004
DOID:0050432,NCIT:C2869
DOID:0050444,NCIT:C27488
DOID:0050448,NCIT:C26934
DOID:0050453,NCIT:C40959
DOID:0050456,NCIT:C39879
DOID:0050457,NCIT:C85187
DOID:0050459,NCIT:C4524
DOID:0050460,NCIT:C115203
DOID:0050461,NCIT:C5522
DOID:0050465,NCIT:C27341
DOID:0050486,NCIT:C40355
DOID:0050685,NCIT:C62569
DOID:0050742,NCIT:C35827
DOID:0050745,NCIT:C5464
DOID:0050782,NCIT:C40133
DOID:0050797,NCIT:C128418
DOID:0050820,NCIT:C129722
DOID:0050847,NCIT:C26738
DOID:0050848,NCIT:C118764
DOID:0050938,NCIT:C131849
DOID:0060060,NCIT:C3114
DOID:0060103,NCIT:C50721
DOID:0060135,NCIT:C84707
DOID:0060160,NCIT:C27246
DOID:0060180,NCIT:C9039
DOID:0060182,NCIT:C92200
DOID:0060183,NCIT:C3794
DOID:0060184,NCIT:C84665
DOID:0060185,NCIT:C40299
DOID:0060189,NCIT:C35620
DOID:0060192,NCIT:C6172
DOID:0060218,NCIT:C6456
DOID:0060224,NCIT:C9286
DOID:0060234,NCIT:C5832
DOID:0060243,NCIT:C5790
DOID:0060251,NCIT:C5660
DOID:0060257,NCIT:C7114
DOID:0060260,NCIT:C34643
DOID:0060262,NCIT:C34704
DOID:0060282,NCIT:C84937
DOID:0060284,NCIT:C27027
DOID:0060304,NCIT:C39834
DOID:0060312,NCIT:C6887
DOID:0060318,NCIT:C7014
DOID:0060321,NCIT:C54287
DOID:0060327,NCIT:C85029
DOID:0060329,NCIT:C27184
DOID:0060345,NCIT:C34744
DOID:0060387,NCIT:C7930
DOID:0060438,NCIT:C128145
DOID:0060439,NCIT:C4419
DOID:0060462,NCIT:C2938
DOID:0060463,NCIT:C6102
DOID:0060534,NCIT:C26845
DOID:0060548,NCIT:C3801
DOID:0060573,NCIT:C26800
DOID:0060597,NCIT:C3372
DOID:0060783,NCIT:C87072
DOID:0060784,NCIT:C34421
DOID:0060847,NCIT:C34388
DOID:0060850,NCIT:C5317
DOID:0060851,NCIT:C7296
DOID:0060870,NCIT:C5855
DOID:0060878,NCIT:C26880
DOID:0070212,NCIT:C3234
DOID:0070221,NCIT:C5345
DOID:0070230,NCIT:C35347
DOID:0070313,NCIT:C128374
DOID:0070314,NCIT:C84737
DOID:0070315,NCIT:C40163
DOID:0070327,NCIT:C12326
DOID:0070439,NCIT:C84724
DOID:0080072,NCIT:C2991
DOID:0080165,NCIT:C35177
DOID:0080166,NCIT:C27791
DOID:0080167,NCIT:C5102
DOID:0080188,NCIT:C26859
DOID:0080211,NCIT:C4434
DOID:0080521,NCIT:C3726
DOID:0080525,NCIT:C4374
DOID:10124,NCIT:C26861
DOID:104,NCIT:C129782
DOID:3480,NCIT:C5273
DOID:76,NCIT:C34845
DOID:865,NCIT:C35372
DOID:13564,NCIT:C3466
DOID:552,NCIT:C5728
DOID:8913,NCIT:C4437
DOID:421,NCIT:C6067
DOID:4337,NCIT:C186610
DOID:12205,NCIT:C4855
DOID:1352,NCIT:C98997
DOID:1564,NCIT:C177244
DOID:4976,NCIT:C35827
DOID:11976,NCIT:C6311
DOID:9562,NCIT:C27250
DOID:10458,NCIT:C34356
DOID:863,NCIT:C72069
DOID:3770,NCIT:C34481
DOID:7427,NCIT:C7126
DOID:1962,NCIT:C34473
DOID:630,NCIT:C6208
DOID:1205,NCIT:C6476
DOID:2938,NCIT:C85874
DOID:409,NCIT:C9357
DOID:2789,NCIT:C27536
DOID:331,NCIT:C36207
DOID:5614,NCIT:C28333
DOID:5295,NCIT:C84890
DOID:319,NCIT:C3431
DOID:557,NCIT:C85176
DOID:121,NCIT:C5175
DOID:2059,NCIT:C39854
DOID:2253,NCIT:C92633
DOID:732,NCIT:C61469
DOID:403,NCIT:C99088
DOID:9835,NCIT:C34985
DOID:5679,NCIT:C172304
DOID:2485,NCIT:C41353
DOID:11102,NCIT:C3452
DOID:626,NCIT:C7454
DOID:225,NCIT:C84681
DOID:1927,NCIT:C175241
DOID:906,NCIT:C3737
DOID:10609,NCIT:C85027
DOID:1059,NCIT:C5698
DOID:11406,NCIT:C6615
DOID:767,NCIT:C34854
DOID:9252,NCIT:C113484
DOID:9553,NCIT:C7301
DOID:870,NCIT:C6998
DOID:8955,NCIT:C7398
DOID:2742,NCIT:C26985
DOID:1934,NCIT:C5640
DOID:4448,NCIT:C6023
DOID:4977,NCIT:C129025
DOID:8200,NCIT:C5664
DOID:10937,NCIT:C34861
DOID:1686,NCIT:C4962
DOID:161,NCIT:C5234
DOID:4138,NCIT:C35194
DOID:162,NCIT:C27117
DOID:365,NCIT:C3472
DOID:987,NCIT:C6382
DOID:9120,NCIT:C125699
DOID:583,NCIT:C27591
DOID:65,NCIT:C34995
DOID:1681,NCIT:C41251
DOID:543,NCIT:C5321
DOID:1969,NCIT:C40138
DOID:13911,NCIT:C35341
DOID:8501,NCIT:C84682
DOID:1826,NCIT:C6582
DOID:9973,NCIT:C3194
DOID:423,NCIT:C27779
DOID:1289,NCIT:C61261
DOID:240,NCIT:C45428
DOID:3765,NCIT:C5324
DOID:10907,NCIT:C9011
DOID:9164,NCIT:C40258
DOID:4079,NCIT:C5845
DOID:1287,NCIT:C27416
DOID:2921,NCIT:C9061
DOID:326,NCIT:C6067
DOID:10128,NCIT:C6720
DOID:1679,NCIT:C7017
DOID:345,NCIT:C4330
DOID:2476,NCIT:C5972
DOID:2602,NCIT:C3275
DOID:14384,NCIT:C26853
DOID:4251,NCIT:C35277
DOID:1984,NCIT:C36087
DOID:4531,NCIT:C84682
DOID:371,NCIT:C36081
DOID:303,NCIT:C6472
DOID:28,NCIT:C35277
DOID:627,NCIT:C165671
DOID:0080544,NCIT:C123212
DOID:2583,NCIT:C5826
DOID:17,NCIT:C75486
DOID:150,NCIT:C40128
DOID:8927,NCIT:C6984
DOID:599,NCIT:C6620
DOID:3044,NCIT:C40113
DOID:3463,NCIT:C84551
DOID:368,NCIT:C7278
DOID:4090,NCIT:C5822
DOID:4737,NCIT:C5697
DOID:1827,NCIT:C128390
DOID:10024,NCIT:C26838
DOID:8778,NCIT:C129444
DOID:8643,NCIT:C38110
DOID:12802,NCIT:C6086
DOID:10941,NCIT:C61260
DOID:11193,NCIT:C36096
DOID:205,NCIT:C185196
DOID:582,NCIT:C26717
DOID:1762,NCIT:C27343
DOID:3225,NCIT:C35441
DOID:9942,NCIT:C40214
DOID:5100,NCIT:C4331
DOID:11476,NCIT:C4536
DOID:2218,NCIT:C165675
DOID:869,NCIT:C99246
DOID:10780,NCIT:C128399
DOID:4377,NCIT:C7357
DOID:3326,NCIT:C5180
DOID:13832,NCIT:C6447
DOID:12531,NCIT:C38003
DOID:612,NCIT:C92632
DOID:5604,NCIT:C40369
DOID:11156,NCIT:C5572
DOID:10944,NCIT:C27778
DOID:4959,NCIT:C84476
DOID:1532,NCIT:C126349
DOID:2340,NCIT:C6456
DOID:3209,NCIT:C84671
DOID:4644,NCIT:C50466
DOID:3328,NCIT:C5707
DOID:4479,NCIT:C131839
DOID:9406,NCIT:C6469
DOID:4254,NCIT:C85005
DOID:14330,NCIT:C35010
DOID:1063,NCIT:C6239
DOID:5419,NCIT:C9325
DOID:11720,NCIT:C34643
DOID:13317,NCIT:C39874
DOID:1852,NCIT:C7210
DOID:11726,NCIT:C8591
DOID:13725,NCIT:C4345
DOID:1382,NCIT:C4828
DOID:9273,NCIT:C8383
DOID:2367,NCIT:C84489
DOID:2512,NCIT:C26710
DOID:12169,NCIT:C39807
DOID:4184,NCIT:C5830
DOID:699,NCIT:C5412
DOID:4677,NCIT:C34964
DOID:3612,NCIT:C27071
DOID:1508,NCIT:C65198
DOID:182,NCIT:C84992
DOID:5015,NCIT:C84709
DOID:4926,NCIT:C98941
DOID:1036,NCIT:C4222
DOID:12594,NCIT:C9425
DOID:2855,NCIT:C128426
DOID:10584,NCIT:C39849
DOID:811,NCIT:C112183
DOID:11984,NCIT:C5268
DOID:10652,NCIT:C7419
DOID:192,NCIT:C6752
DOID:8893,NCIT:C118786
DOID:14450,NCIT:C3446
DOID:74,NCIT:C39848
DOID:9563,NCIT:C6088
DOID:2959,NCIT:C27207
DOID:0080600,NCIT:C98922
DOID:0080643,NCIT:C53482
DOID:0080646,NCIT:C7061
DOID:0080647,NCIT:C34352
DOID:0080651,NCIT:C38111
DOID:0080654,NCIT:C37979
DOID:0080656,NCIT:C26828
DOID:0080674,NCIT:C3898
DOID:0080684,NCIT:C35033
DOID:0080702,NCIT:C5412
DOID:0080703,NCIT:C5961
DOID:0080704,NCIT:C3336
DOID:0080705,NCIT:C7445
DOID:0080706,NCIT:C4028
DOID:0080707,NCIT:C6568
DOID:0080708,NCIT:C40153
DOID:0080771,NCIT:C5350
DOID:0080775,NCIT:C3756
DOID:0080779,NCIT:C26859
DOID:0080795,NCIT:C84681
DOID:0080796,NCIT:C39955
DOID:0080843,NCIT:C36088
DOID:0080875,NCIT:C128347
DOID:0080878,NCIT:C7534
DOID:0080882,NCIT:C34605
DOID:0080892,NCIT:C4026
DOID:0080903,NCIT:C6777
DOID:0080916,NCIT:C27248
DOID:0080918,NCIT:C34637
DOID:0080976,NCIT:C138174
DOID:0080997,NCIT:C27388
DOID:0081004,NCIT:C5187
DOID:0081028,NCIT:C4564
DOID:0081038,NCIT:C27322
DOID:0081064,NCIT:C128382
DOID:0081065,NCIT:C74986
DOID:0081066,NCIT:C40364
DOID:0081067,NCIT:C129070
DOID:0081076,NCIT:C38759
DOID:0081080,NCIT:C26748
DOID:0081081,NCIT:C113170
DOID:0081082,NCIT:C38011
DOID:0081083,NCIT:C82994
DOID:0081085,NCIT:C27548
DOID:0081086,NCIT:C3233
DOID:0081087,NCIT:C4878
DOID:0081089,NCIT:C34964
DOID:0081090,NCIT:C4656
DOID:0081091,NCIT:C40086
DOID:0081092,NCIT:C3801
DOID:0081093,NCIT:C35765
DOID:0081094,NCIT:C37266
DOID:0081095,NCIT:C5166
DOID:0081096,NCIT:C8274
DOID:0081246,NCIT:C34528
DOID:0081249,NCIT:C9008
DOID:0081250,NCIT:C84746
DOID:0081261,NCIT:C85238
DOID:0081279,NCIT:C5536
DOID:0081280,NCIT:C121572
DOID:0081283,NCIT:C4253
DOID:0081284,NCIT:C113400
DOID:0081285,NCIT:C84682
DOID:0081286,NCIT:C35338
DOID:0081302,NCIT:C6185
DOID:0081304,NCIT:C3948
DOID:0081308,NCIT:C27824
DOID:0081311,NCIT:C9317
DOID:0081315,NCIT:C27937
DOID:0081316,NCIT:C75467
DOID:0081329,NCIT:C27486
DOID:0090028,NCIT:C6174
DOID:0090123,NCIT:C40382
DOID:0110827,NCIT:C27374
DOID:0110828,NCIT:C5272
DOID:0110948,NCIT:C127161
DOID:0111054,NCIT:C6756
DOID:0111148,NCIT:C79552
DOID:0111152,NCIT:C6590
DOID:0111157,NCIT:C3708
DOID:0111200,NCIT:C6463
DOID:0111252,NCIT:C6618
DOID:0111563,NCIT:C7454
DOID:0111670,NCIT:C114906
DOID:0111671,NCIT:C3329
DOID:0111672,NCIT:C94359
DOID:0111713,NCIT:C53554
DOID:0111716,NCIT:C84607
DOID:10629,NCIT:C5610
DOID:14449,NCIT:C40959
DOID:520,NCIT:C39834
DOID:2452,NCIT:C129446
DOID:9588,NCIT:C5286
DOID:2048,NCIT:C35330
DOID:322,NCIT:C3141
DOID:1526,NCIT:C3494
DOID:820,NCIT:C27262
DOID:12241,NCIT:C9368
DOID:4674,NCIT:C8091
DOID:2841,NCIT:C3274
DOID:5723,NCIT:C84916
DOID:2723,NCIT:C3023
DOID:480,NCIT:C186610
DOID:5426,NCIT:C36082
DOID:5662,NCIT:C3722
DOID:7305,NCIT:C6777
DOID:2529,NCIT:C26878
DOID:4248,NCIT:C84548
DOID:1558,NCIT:C40124
DOID:2913,NCIT:C35039
DOID:9409,NCIT:C37913
DOID:12387,NCIT:C3424
DOID:12603,NCIT:C94331
DOID:2548,NCIT:C85070
DOID:12930,NCIT:C168176
DOID:3307,NCIT:C3250
DOID:3098,NCIT:C4983
DOID:5453,NCIT:C171602
DOID:4990,NCIT:C40035
DOID:3541,NCIT:C84611
DOID:4603,NCIT:C9286
DOID:5408,NCIT:C61255
DOID:8472,NCIT:C3720
DOID:7319,NCIT:C7296
DOID:13810,NCIT:C84588
DOID:8500,NCIT:C5152
DOID:1099,NCIT:C186350
DOID:1882,NCIT:C4989
DOID:6688,NCIT:C94332
DOID:11724,NCIT:C6618
DOID:14503,NCIT:C6999
DOID:13533,NCIT:C84648
DOID:2352,NCIT:C27466
DOID:5082,NCIT:C27374
DOID:1247,NCIT:C6650
DOID:420,NCIT:C35417
DOID:12574,NCIT:C5344
DOID:1312,NCIT:C3827
DOID:110,NCIT:C85040
DOID:11840,NCIT:C85176
DOID:11727,NCIT:C2953
DOID:92,NCIT:C4463
DOID:4890,NCIT:C7543
DOID:10003,NCIT:C115993
DOID:397,NCIT:C9460
DOID:891,NCIT:C87175
DOID:3535,NCIT:C84807
DOID:1891,NCIT:C54244
DOID:2361,NCIT:C26868
DOID:530,NCIT:C84526
DOID:2977,NCIT:C34445
DOID:14447,NCIT:C5183
DOID:14448,NCIT:C7541
DOID:9410,NCIT:C127161
DOID:2451,NCIT:C128419
DOID:6255,NCIT:C4450
DOID:0112308,NCIT:C3079
DOID:10027,NCIT:C6745
DOID:10030,NCIT:C3869
DOID:10044,NCIT:C173793
DOID:10047,NCIT:C94524
DOID:1005,NCIT:C85005
DOID:10069,NCIT:C27744
DOID:10095,NCIT:C6742
DOID:10112,NCIT:C3119
DOID:10126,NCIT:C26711
DOID:10131,NCIT:C6463
DOID:10156,NCIT:C6339
DOID:10175,NCIT:C34996
DOID:10184,NCIT:C6187
DOID:10192,NCIT:C34529
DOID:10193,NCIT:C8106
DOID:10208,NCIT:C3146
DOID:10236,NCIT:C5269
DOID:1029,NCIT:C6631
DOID:10301,NCIT:C40301
DOID:10303,NCIT:C84505
DOID:10319,NCIT:C6794
DOID:10320,NCIT:C6091
DOID:10321,NCIT:C4563
DOID:10323,NCIT:C26903
DOID:10324,NCIT:C2902
DOID:10325,NCIT:C4924
DOID:10327,NCIT:C174129
DOID:10329,NCIT:C5728
DOID:10330,NCIT:C6943
DOID:10331,NCIT:C6590
DOID:10349,NCIT:C6793
DOID:10353,NCIT:C98964
DOID:10354,NCIT:C123200
DOID:10361,NCIT:C34580
DOID:10371,NCIT:C27107
DOID:10376,NCIT:C6910
DOID:10423,NCIT:C26868
DOID:10443,NCIT:C3147
DOID:10456,NCIT:C3762
DOID:10457,NCIT:C75467
DOID:10480,NCIT:C62244
DOID:10487,NCIT:C84686
DOID:10499,NCIT:C79698
DOID:10541,NCIT:C38110
DOID:10544,NCIT:C117312
DOID:10554,NCIT:C135087
DOID:10567,NCIT:C40136
DOID:10568,NCIT:C53707
DOID:10573,NCIT:C7210
DOID:10582,NCIT:C27332
DOID:10591,NCIT:C87145
DOID:1060,NCIT:C84799
DOID:10600,NCIT:C3488
DOID:10603,NCIT:C7752
DOID:10605,NCIT:C35417
DOID:10606,NCIT:C9286
DOID:10607,NCIT:C5144
DOID:10608,NCIT:C85062
DOID:10616,NCIT:C35610
DOID:1067,NCIT:C34746
DOID:10686,NCIT:C39924
DOID:10688,NCIT:C85233
DOID:10690,NCIT:C35256
DOID:10691,NCIT:C3712
DOID:1070,NCIT:C34479
DOID:1074,NCIT:C40109
DOID:10754,NCIT:C40364
DOID:1076,NCIT:C8863
DOID:10762,NCIT:C61268
DOID:10782,NCIT:C4320
DOID:10783,NCIT:C177251
DOID:10791,NCIT:C5834
DOID:10794,NCIT:C8588
DOID:10817,NCIT:C82423
DOID:10824,NCIT:C5615
DOID:10825,NCIT:C9009
DOID:10834,NCIT:C7286
DOID:10849,NCIT:C4319
DOID:1085,NCIT:C4227
DOID:10852,NCIT:C4322
DOID:10865,NCIT:C5746
DOID:10881,NCIT:C175882
DOID:10908,NCIT:C2891
DOID:10913,NCIT:C35468
DOID:10914,NCIT:C40446
DOID:10915,NCIT:C35133
DOID:10930,NCIT:C3317
DOID:10931,NCIT:C7947
DOID:10932,NCIT:C2902
DOID:10933,NCIT:C39845
DOID:10934,NCIT:C8714
DOID:10935,NCIT:C34479
DOID:10936,NCIT:C6755
DOID:10938,NCIT:C40233
DOID:10939,NCIT:C27416
DOID:10952,NCIT:C4663
DOID:10965,NCIT:C40957
DOID:10966,NCIT:C6503
DOID:10972,NCIT:C3184
DOID:10973,NCIT:C99104
DOID:10976,NCIT:C27452
DOID:1098,NCIT:C6064
DOID:10992,NCIT:C6194
DOID:11029,NCIT:C7944
DOID:11031,NCIT:C6088
DOID:11037,NCIT:C34825
DOID:11038,NCIT:C27021
DOID:11060,NCIT:C62282
DOID:11077,NCIT:C34385
DOID:11100,NCIT:C26809
DOID:11111,NCIT:C5141
DOID:11121,NCIT:C34746
DOID:11123,NCIT:C98941
DOID:11130,NCIT:C4347
DOID:11151,NCIT:C7114
DOID:11155,NCIT:C5243
DOID:11162,NCIT:C9168
DOID:11164,NCIT:C34576
DOID:11165,NCIT:C27248
DOID:11189,NCIT:C37261
DOID:11190,NCIT:C89332
DOID:11201,NCIT:C34958
DOID:11202,NCIT:C27144
DOID:11212,NCIT:C5236
DOID:11213,NCIT:C125390
DOID:11234,NCIT:C27839
DOID:11242,NCIT:C85056
DOID:11243,NCIT:C173795
DOID:11246,NCIT:C89329
DOID:11247,NCIT:C128390
DOID:11249,NCIT:C3737
DOID:11257,NCIT:C6469
DOID:11260,NCIT:C34436
DOID:11262,NCIT:C34607
DOID:1129,NCIT:C3798
DOID:11294,NCIT:C28129
DOID:1130,NCIT:C6810
DOID:11312,NCIT:C4978
DOID:11328,NCIT:C97145
DOID:11329,NCIT:C6904
DOID:11335,NCIT:C7421
DOID:11338,NCIT:C125904
DOID:1134,NCIT:C26729
DOID:11343,NCIT:C129724
DOID:11353,NCIT:C84744
DOID:11364,NCIT:C40065
DOID:11372,NCIT:C2991
DOID:11383,NCIT:C84736
DOID:11385,NCIT:C26782
DOID:11394,NCIT:C7420
DOID:11396,NCIT:C3242
DOID:11401,NCIT:C26796
DOID:11427,NCIT:C99038
DOID:1143,NCIT:C34712
DOID:11459,NCIT:C6170
DOID:1148,NCIT:C186451
DOID:11482,NCIT:C27081
DOID:11486,NCIT:C3225
DOID:115,NCIT:C61273
DOID:11504,NCIT:C6534
DOID:11507,NCIT:C3050
DOID:11516,NCIT:C85218
DOID:11561,NCIT:C9077
DOID:11573,NCIT:C6846
DOID:11593,NCIT:C128339
DOID:11603,NCIT:C111886
DOID:11634,NCIT:C35034
DOID:11650,NCIT:C101253
DOID:11665,NCIT:C84783
DOID:11684,NCIT:C27001
DOID:1171,NCIT:C3850
DOID:11712,NCIT:C3418
DOID:11713,NCIT:C3021
DOID:11714,NCIT:C75486
DOID:11716,NCIT:C4152
DOID:1172,NCIT:C78646
DOID:11729,NCIT:C126747
DOID:11759,NCIT:C35424
DOID:11797,NCIT:C34945
DOID:118,NCIT:C4572
DOID:11801,NCIT:C5854
DOID:11818,NCIT:C4318
DOID:11820,NCIT:C40277
DOID:11823,NCIT:C4474
DOID:11824,NCIT:C34458
DOID:11829,NCIT:C4323
DOID:11830,NCIT:C9321
DOID:11831,NCIT:C84788
DOID:11832,NCIT:C84778
DOID:11836,NCIT:C6119
DOID:11905,NCIT:C148261
DOID:11917,NCIT:C9039
DOID:11949,NCIT:C7731
DOID:1195,NCIT:C3915
DOID:11963,NCIT:C123433
DOID:11981,NCIT:C118781
DOID:11994,NCIT:C75034
DOID:11996,NCIT:C80280
DOID:11997,NCIT:C4549
DOID:12016,NCIT:C4911
DOID:12028,NCIT:C27357
DOID:12043,NCIT:C6463
DOID:12053,NCIT:C3889
DOID:1210,NCIT:C35761
DOID:12128,NCIT:C5350
DOID:12139,NCIT:C8273
DOID:12143,NCIT:C27474
DOID:12156,NCIT:C3179
DOID:12157,NCIT:C34757
DOID:12161,NCIT:C61257
DOID:12206,NCIT:C7539
DOID:12215,NCIT:C186451
DOID:12217,NCIT:C7402
DOID:12270,NCIT:C4154
DOID:12271,NCIT:C4416
DOID:12275,NCIT:C84506
DOID:12287,NCIT:C5535
DOID:1229,NCIT:C85010
DOID:12305,NCIT:C3172
DOID:12306,NCIT:C40129
DOID:12308,NCIT:C41619
DOID:12309,NCIT:C35078
DOID:1233,NCIT:C85047
DOID:1235,NCIT:C75481
DOID:12365,NCIT:C27131
DOID:12375,NCIT:C6809
DOID:12376,NCIT:C3527
DOID:12386,NCIT:C34716
DOID:12399,NCIT:C4221
DOID:12400,NCIT:C82427
DOID:12401,NCIT:C5141
DOID:12402,NCIT:C118783
DOID:12449,NCIT:C84885
DOID:12450,NCIT:C34893
DOID:12466,NCIT:C27322
DOID:12491,NCIT:C8719
DOID:12514,NCIT:C129446
DOID:12522,NCIT:C4258
DOID:12526,NCIT:C34915
DOID:12554,NCIT:C7461
DOID:12556,NCIT:C84531
DOID:12577,NCIT:C27389
DOID:12638,NCIT:C5604
DOID:12639,NCIT:C34510
DOID:12642,NCIT:C40129
DOID:12662,NCIT:C3147
DOID:12663,NCIT:C26861
DOID:12667,NCIT:C34995
DOID:12680,NCIT:C35645
DOID:12685,NCIT:C4047
DOID:12698,NCIT:C85171
DOID:127,NCIT:C9022
DOID:1272,NCIT:C2868
DOID:12720,NCIT:C4684
DOID:1273,NCIT:C84898
DOID:12731,NCIT:C84391
DOID:12732,NCIT:C40957
DOID:12783,NCIT:C6750
DOID:12803,NCIT:C4960
DOID:12835,NCIT:C85028
DOID:12837,NCIT:C2903
DOID:12849,NCIT:C5756
DOID:12883,NCIT:C98297
DOID:12900,NCIT:C85226
DOID:12904,NCIT:C7454
DOID:12918,NCIT:C156310
DOID:12929,NCIT:C39814
DOID:12932,NCIT:C35691
DOID:12935,NCIT:C3856
DOID:12978,NCIT:C3672
DOID:12986,NCIT:C6885
DOID:12995,NCIT:C3249
DOID:13001,NCIT:C7353
DOID:13002,NCIT:C35767
DOID:13014,NCIT:C79805
DOID:13025,NCIT:C3657
DOID:13027,NCIT:C26937
DOID:13033,NCIT:C4691
DOID:13035,NCIT:C40213
DOID:13042,NCIT:C7569
DOID:13068,NCIT:C6456
DOID:13072,NCIT:C27055
DOID:13078,NCIT:C180378
DOID:13088,NCIT:C3939
DOID:13094,NCIT:C5713
DOID:13098,NCIT:C5461
DOID:13117,NCIT:C9148
DOID:13137,NCIT:C4978
DOID:13139,NCIT:C84935
DOID:13141,NCIT:C7402
DOID:13143,NCIT:C6043
DOID:13148,NCIT:C123212
DOID:13169,NCIT:C2893
DOID:13186,NCIT:C7994
DOID:13195,NCIT:C3875
DOID:13197,NCIT:C92554
DOID:13198,NCIT:C35800
DOID:13207,NCIT:C35673
DOID:13208,NCIT:C6840
DOID:13248,NCIT:C34838
DOID:13258,NCIT:C61271
DOID:13268,NCIT:C127161
DOID:1328,NCIT:C6448
DOID:13313,NCIT:C40444
DOID:13316,NCIT:C62282
DOID:13351,NCIT:C34798
DOID:13372,NCIT:C161542
DOID:13378,NCIT:C7541
DOID:13381,NCIT:C26711
DOID:13382,NCIT:C3457
DOID:13399,NCIT:C84316
DOID:1340,NCIT:C27445
DOID:13403,NCIT:C120199
DOID:13407,NCIT:C35273
DOID:13409,NCIT:C50888
DOID:13413,NCIT:C9317
DOID:1343,NCIT:C9175
DOID:13444,NCIT:C5189
DOID:13450,NCIT:C84741
DOID:13452,NCIT:C39955
DOID:13477,NCIT:C96230
DOID:13481,NCIT:C42086
DOID:13487,NCIT:C53554
DOID:13500,NCIT:C34962
DOID:13507,NCIT:C84649
DOID:13548,NCIT:C27939
DOID:13550,NCIT:C34758
DOID:13576,NCIT:C94360
DOID:1358,NCIT:C94330
DOID:13580,NCIT:C6775
DOID:13593,NCIT:C84820
DOID:13603,NCIT:C7558
DOID:1361,NCIT:C70646
DOID:13619,NCIT:C5190
DOID:13620,NCIT:C26969
DOID:13626,NCIT:C98967
DOID:13628,NCIT:C35783
DOID:1364,NCIT:C34771
DOID:13677,NCIT:C8603
DOID:13709,NCIT:C84671
DOID:13711,NCIT:C40370
DOID:13724,NCIT:C39658
DOID:13757,NCIT:C6166
DOID:13760,NCIT:C3077
DOID:13774,NCIT:C72070
DOID:13801,NCIT:C2947
DOID:13809,NCIT:C5528
DOID:13814,NCIT:C6776
DOID:13822,NCIT:C5135
DOID:13868,NCIT:C4437
DOID:1388,NCIT:C12332
DOID:1389,NCIT:C173131
DOID:13891,NCIT:C34974
DOID:13912,NCIT:C3316
DOID:13922,NCIT:C6606
DOID:13924,NCIT:C27027
DOID:13929,NCIT:C40193
DOID:1393,NCIT:C34838
DOID:13938,NCIT:C40127
DOID:13948,NCIT:C4320
DOID:13951,NCIT:C5406
DOID:13953,NCIT:C185879
DOID:13957,NCIT:C61269
DOID:1400,NCIT:C27377
DOID:14004,NCIT:C61273
DOID:1406,NCIT:C111885
DOID:14064,NCIT:C2927
DOID:14067,NCIT:C3039
DOID:14068,NCIT:C34504
DOID:14069,NCIT:C4501
DOID:1407,NCIT:C156360
DOID:14080,NCIT:C6088
DOID:14115,NCIT:C9477
DOID:14116,NCIT:C3504
DOID:14159,NCIT:C27022
DOID:1417,NCIT:C40320
DOID:14175,NCIT:C3130
DOID:14176,NCIT:C41247
DOID:14183,NCIT:C123814
DOID:14203,NCIT:C34774
DOID:14219,NCIT:C3274
DOID:14221,NCIT:C2943
DOID:14223,NCIT:C34536
DOID:14224,NCIT:C5787
DOID:14247,NCIT:C135017
DOID:1425,NCIT:C67383
DOID:1426,NCIT:C78565
DOID:14269,NCIT:C111884
DOID:14270,NCIT:C40236
DOID:14271,NCIT:C9475
DOID:14272,NCIT:C75109
DOID:14283,NCIT:C165671
DOID:14289,NCIT:C35690
DOID:14292,NCIT:C84739
DOID:14320,NCIT:C2941
DOID:14324,NCIT:C120197
DOID:14332,NCIT:C6581
DOID:14336,NCIT:C39294
DOID:14350,NCIT:C92635
DOID:14351,NCIT:C181765
DOID:14365,NCIT:C85010
DOID:14374,NCIT:C35288
DOID:1439,NCIT:C40180
DOID:14451,NCIT:C9080
DOID:14452,NCIT:C27151
DOID:14453,NCIT:C3660
DOID:14464,NCIT:C61236
DOID:14495,NCIT:C132826
DOID:14497,NCIT:C40203
DOID:14498,NCIT:C35829
DOID:14500,NCIT:C168988
DOID:14515,NCIT:C40174
DOID:14522,NCIT:C34677
DOID:14525,NCIT:C4021
DOID:1455,NCIT:C50687
DOID:1456,NCIT:C124841
DOID:146,NCIT:C9222
DOID:14654,NCIT:C27142
DOID:14695,NCIT:C35194
DOID:1470,NCIT:C27849
DOID:14701,NCIT:C34593
DOID:1475,NCIT:C85047
DOID:14753,NCIT:C50481
DOID:14755,NCIT:C39827
DOID:14757,NCIT:C3798
DOID:1483,NCIT:C39879
DOID:1920,NCIT:C3502
DOID:2355,NCIT:C4381
DOID:6364,NCIT:C180994
DOID:7505,NCIT:C34956
DOID:6050,NCIT:C8493
DOID:1936,NCIT:C40297
DOID:1787,NCIT:C186534
DOID:9408,NCIT:C40093
DOID:47,NCIT:C5260
DOID:9840,NCIT:C8810
DOID:9471,NCIT:C4099
DOID:5997,NCIT:C4946
DOID:3690,NCIT:C84778
DOID:824,NCIT:C4062
DOID:8463,NCIT:C3546
DOID:9561,NCIT:C40041
DOID:216,NCIT:C6686
DOID:971,NCIT:C99248
DOID:3128,NCIT:C26805
DOID:2568,NCIT:C6384
DOID:4691,NCIT:C14364
DOID:2030,NCIT:C5731
DOID:3951,NCIT:C4076
DOID:8432,NCIT:C79608
DOID:2860,NCIT:C84894
DOID:2051,NCIT:C40364
DOID:750,NCIT:C7742
DOID:2163,NCIT:C5848
DOID:639,NCIT:C3866
DOID:9669,NCIT:C176905
DOID:2277,NCIT:C122577
DOID:9809,NCIT:C99248
DOID:9282,NCIT:C5481
DOID:6195,NCIT:C40383
DOID:2475,NCIT:C5433
DOID:302,NCIT:C2983
DOID:529,NCIT:C75000
DOID:7475,NCIT:C8430
DOID:591,NCIT:C9351
DOID:3646,NCIT:C3801
DOID:2744,NCIT:C53686
DOID:289,NCIT:C6509
DOID:2383,NCIT:C34790
DOID:9428,NCIT:C50687
DOID:61,NCIT:C7203
DOID:562,NCIT:C170437
DOID:848,NCIT:C84910
DOID:9368,NCIT:C39992
DOID:6025,NCIT:C2887
DOID:9352,NCIT:C27066
DOID:8125,NCIT:C27260
DOID:790,NCIT:C8993
DOID:3437,NCIT:C8417
DOID:5691,NCIT:C98877
DOID:2170,NCIT:C80427
DOID:9970,NCIT:C9007
DOID:2092,NCIT:C39823
DOID:3324,NCIT:C5177
DOID:573,NCIT:C34504
DOID:50,NCIT:C8430
DOID:1949,NCIT:C84827
DOID:2965,NCIT:C9300
DOID:2237,NCIT:C5144
DOID:2234,NCIT:C85228
DOID:5327,NCIT:C5376
DOID:9307,NCIT:C35114
DOID:7997,NCIT:C27613
DOID:5656,NCIT:C34413
DOID:227,NCIT:C6216
DOID:2033,NCIT:C6558
DOID:5731,NCIT:C27333
DOID:8886,NCIT:C3170
DOID:2113,NCIT:C35468
DOID:9743,NCIT:C34481
DOID:950,NCIT:C92848
DOID:9938,NCIT:C34465
DOID:224,NCIT:C26931
DOID:6432,NCIT:C3245
DOID:2034,NCIT:C8191
DOID:2349,NCIT:C35419
DOID:9667,NCIT:C5315
DOID:9423,NCIT:C6968
DOID:539,NCIT:C5359
DOID:9965,NCIT:C128400
DOID:854,NCIT:C38762
DOID:2703,NCIT:C4944
DOID:9849,NCIT:C50503
DOID:1756,NCIT:C98941
DOID:2326,NCIT:C6716
DOID:3558,NCIT:C5600
DOID:9446,NCIT:C92203
DOID:3138,NCIT:C2918
DOID:9113,NCIT:C40357
DOID:2456,NCIT:C85037
DOID:4781,NCIT:C6462
DOID:5241,NCIT:C4155
DOID:5749,NCIT:C34970
DOID:8295,NCIT:C35271
DOID:483,NCIT:C40255
DOID:5639,NCIT:C35550
DOID:3388,NCIT:C120188
DOID:1509,NCIT:C3225
DOID:1513,NCIT:C8401
DOID:1556,NCIT:C2852
DOID:1573,NCIT:C38766
DOID:1574,NCIT:C9150
DOID:418,NCIT:C7947
DOID:1580,NCIT:C26827
DOID:1584,NCIT:C6101
DOID:1586,NCIT:C35419
DOID:1587,NCIT:C5545
DOID:1591,NCIT:C84482
DOID:1607,NCIT:C8264
DOID:3013,NCIT:C84883
DOID:1657,NCIT:C6686
DOID:166,NCIT:C26865
DOID:1670,NCIT:C5280
DOID:169,NCIT:C128393
DOID:1703,NCIT:C7596
DOID:1712,NCIT:C34479
DOID:172,NCIT:C84672
DOID:1726,NCIT:C27488
DOID:173,NCIT:C34562
DOID:174,NCIT:C5285
DOID:3168,NCIT:C4728
DOID:1754,NCIT:C34757
DOID:1757,NCIT:C4826
DOID:9297,NCIT:C129786
DOID:1786,NCIT:C34590
DOID:1824,NCIT:C113344
DOID:1825,NCIT:C3151
DOID:1835,NCIT:C9142
DOID:1837,NCIT:C9120
DOID:1849,NCIT:C114354
DOID:9977,NCIT:C4130
DOID:1866,NCIT:C35254
DOID:4305,NCIT:C34939
DOID:1876,NCIT:C27507
DOID:1883,NCIT:C2893
DOID:1907,NCIT:C36086
DOID:2994,NCIT:C34700
DOID:1921,NCIT:C40225
DOID:1929,NCIT:C6081
DOID:4662,NCIT:C128143
DOID:1943,NCIT:C123020
DOID:533,NCIT:C35027
DOID:2001,NCIT:C34607
DOID:2006,NCIT:C85006
DOID:203,NCIT:C2917
DOID:2043,NCIT:C27025
DOID:2053,NCIT:C8498
DOID:2055,NCIT:C34356
DOID:2065,NCIT:C4045
DOID:2066,NCIT:C2870
DOID:2068,NCIT:C133742
DOID:2074,NCIT:C111963
DOID:2112,NCIT:C84673
DOID:2135,NCIT:C4519
DOID:2145,NCIT:C3138
DOID:693,NCIT:C6282
DOID:2228,NCIT:C92839
DOID:2239,NCIT:C61283
DOID:2273,NCIT:C40131
DOID:2280,NCIT:C3379
DOID:2282,NCIT:C2934
DOID:2283,NCIT:C4924
DOID:2312,NCIT:C5649
DOID:4029,NCIT:C35271
DOID:2338,NCIT:C84564
DOID:2344,NCIT:C6792
DOID:2373,NCIT:C34413
DOID:2378,NCIT:C4225
DOID:2382,NCIT:C176808
DOID:2392,NCIT:C6761
DOID:2411,NCIT:C6800
DOID:2426,NCIT:C75020
DOID:2431,NCIT:C82342
DOID:3850,NCIT:C84727
DOID:2433,NCIT:C84620
DOID:2436,NCIT:C34521
DOID:2438,NCIT:C130039
DOID:2450,NCIT:C5185
DOID:2457,NCIT:C40298
DOID:2458,NCIT:C189005
DOID:2474,NCIT:C3207
DOID:607,NCIT:C5544
DOID:2491,NCIT:C3031
DOID:2518,NCIT:C84907
DOID:576,NCIT:C4537
DOID:254,NCIT:C34504
DOID:2544,NCIT:C113352
DOID:2550,NCIT:C9505
DOID:2555,NCIT:C7751
DOID:2562,NCIT:C129440
DOID:2565,NCIT:C27625
DOID:3405,NCIT:C8097
DOID:2582,NCIT:C3502
DOID:2597,NCIT:C9043
DOID:2614,NCIT:C26729
DOID:262,NCIT:C8189
DOID:2621,NCIT:C85077
DOID:2636,NCIT:C123231
DOID:2639,NCIT:C5376
DOID:264,NCIT:C5101
DOID:2641,NCIT:C62578
DOID:5207,NCIT:C118298
DOID:2643,NCIT:C6552
DOID:2645,NCIT:C7598
DOID:3314,NCIT:C84747
DOID:2647,NCIT:C5552
DOID:5759,NCIT:C185196
DOID:2656,NCIT:C176818
DOID:2661,NCIT:C118298
DOID:2668,NCIT:C7113
DOID:2669,NCIT:C3170
DOID:2712,NCIT:C125698
DOID:2733,NCIT:C26788
DOID:2734,NCIT:C5504
DOID:2745,NCIT:C26761
DOID:2755,NCIT:C5554
DOID:2768,NCIT:C7534
DOID:2772,NCIT:C125700
DOID:2773,NCIT:C4721
DOID:2780,NCIT:C85505
DOID:2790,NCIT:C34958
DOID:2800,NCIT:C5350
DOID:2801,NCIT:C6267
DOID:2828,NCIT:C4334
DOID:2833,NCIT:C6092
DOID:2834,NCIT:C3696
DOID:2835,NCIT:C9091
DOID:2838,NCIT:C92563
DOID:2839,NCIT:C34562
DOID:2846,NCIT:C85036
DOID:2856,NCIT:C84913
DOID:2859,NCIT:C5671
DOID:4989,NCIT:C172304
DOID:2917,NCIT:C4450
DOID:2920,NCIT:C34711
DOID:2929,NCIT:C84549
DOID:2945,NCIT:C27015
DOID:2951,NCIT:C4236
DOID:2983,NCIT:C116345
DOID:2986,NCIT:C6162
DOID:2988,NCIT:C34855
DOID:3001,NCIT:C98920
DOID:3003,NCIT:C5833
DOID:3010,NCIT:C40124
DOID:3049,NCIT:C34445
DOID:3071,NCIT:C26832
DOID:3081,NCIT:C6376
DOID:3083,NCIT:C4146
DOID:3089,NCIT:C3606
DOID:3118,NCIT:C2852
DOID:3127,NCIT:C120902
DOID:3140,NCIT:C3519
DOID:3145,NCIT:C5841
DOID:3149,NCIT:C3699
DOID:315,NCIT:C123159
DOID:3156,NCIT:C34771
DOID:3162,NCIT:C35783
DOID:3177,NCIT:C40104
DOID:3179,NCIT:C3130
DOID:3196,NCIT:C40277
DOID:3201,NCIT:C92633
DOID:3203,NCIT:C6628
DOID:3205,NCIT:C84709
DOID:3206,NCIT:C35257
DOID:3218,NCIT:C3060
DOID:3250,NCIT:C35550
DOID:3255,NCIT:C39985
DOID:3260,NCIT:C40270
DOID:3274,NCIT:C35558
DOID:3275,NCIT:C97132
DOID:3278,NCIT:C35823
DOID:3279,NCIT:C9357
DOID:3280,NCIT:C6630
DOID:3282,NCIT:C4680
DOID:3283,NCIT:C27310
DOID:3292,NCIT:C4222
DOID:3301,NCIT:C84583
DOID:3309,NCIT:C40297
DOID:3318,NCIT:C40395
DOID:3327,NCIT:C6102
DOID:334,NCIT:C27535
DOID:3341,NCIT:C2867
DOID:3343,NCIT:C123158
DOID:3352,NCIT:C6967
DOID:3360,NCIT:C26747
DOID:3362,NCIT:C3976
DOID:3372,NCIT:C4877
DOID:3374,NCIT:C35768
DOID:339,NCIT:C3377
DOID:3401,NCIT:C84269
DOID:3413,NCIT:C6636
DOID:3428,NCIT:C84566
DOID:3429,NCIT:C99246
DOID:3443,NCIT:C5493
DOID:3450,NCIT:C113335
DOID:3457,NCIT:C75467
DOID:3486,NCIT:C84779
DOID:349,NCIT:C6419
DOID:3493,NCIT:C3363
DOID:3498,NCIT:C84705
DOID:350,NCIT:C27514
DOID:3516,NCIT:C7203
DOID:3526,NCIT:C176818
DOID:3577,NCIT:C6590
DOID:3596,NCIT:C29888
DOID:3615,NCIT:C40164
DOID:3616,NCIT:C3761
DOID:3618,NCIT:C8614
DOID:3633,NCIT:C94376
DOID:3641,NCIT:C27202
DOID:3643,NCIT:C35314
DOID:3644,NCIT:C8964
DOID:3650,NCIT:C60989
DOID:3652,NCIT:C5451
DOID:3659,NCIT:C84746
DOID:3665,NCIT:C5826
DOID:367,NCIT:C4279
DOID:3672,NCIT:C6375
DOID:3688,NCIT:C26755
DOID:3720,NCIT:C5303
DOID:3737,NCIT:C92638
DOID:374,NCIT:C8399
DOID:3751,NCIT:C78528
DOID:3763,NCIT:C8979
DOID:3766,NCIT:C4860
DOID:3777,NCIT:C3060
DOID:3781,NCIT:C4335
DOID:379,NCIT:C26837
DOID:3805,NCIT:C4553
DOID:3828,NCIT:C35225
DOID:384,NCIT:C26912
DOID:3846,NCIT:C5265
DOID:3847,NCIT:C3020
DOID:3855,NCIT:C34504
DOID:3857,NCIT:C8090
DOID:3861,NCIT:C39837
DOID:3868,NCIT:C85041
DOID:3873,NCIT:C5288
DOID:3893,NCIT:C27189
DOID:3923,NCIT:C6387
DOID:3925,NCIT:C123212
DOID:3927,NCIT:C5288
DOID:3928,NCIT:C99025
DOID:3946,NCIT:C6650
DOID:3947,NCIT:C26859
DOID:396,NCIT:C75545
DOID:3965,NCIT:C4324
DOID:3968,NCIT:C27012
DOID:401,NCIT:C93045
DOID:4022,NCIT:C39911
DOID:4023,NCIT:C125592
DOID:4024,NCIT:C99038
DOID:4028,NCIT:C78446
DOID:4031,NCIT:C128115
DOID:4035,NCIT:C8091
DOID:4037,NCIT:C34345
DOID:4038,NCIT:C34782
DOID:4044,NCIT:C40292
DOID:4055,NCIT:C34833
DOID:4078,NCIT:C5671
DOID:4085,NCIT:C61277
DOID:4087,NCIT:C26771
DOID:4136,NCIT:C7477
DOID:4152,NCIT:C7405
DOID:4157,NCIT:C34976
DOID:4160,NCIT:C6630
DOID:4163,NCIT:C4438
DOID:4175,NCIT:C34520
DOID:4183,NCIT:C2947
DOID:4188,NCIT:C5289
DOID:4196,NCIT:C6499
DOID:4201,NCIT:C5855
DOID:4210,NCIT:C5343
DOID:4231,NCIT:C179934
DOID:4235,NCIT:C79548
DOID:4265,NCIT:C97041
DOID:4266,NCIT:C3888
DOID:4271,NCIT:C84917
DOID:4280,NCIT:C6982
DOID:429,NCIT:C6238
DOID:4290,NCIT:C74988
DOID:4291,NCIT:C26937
DOID:4292,NCIT:C85239
DOID:4293,NCIT:C111885
DOID:4295,NCIT:C26835
DOID:4300,NCIT:C16522
DOID:4304,NCIT:C34819
DOID:4307,NCIT:C126747
DOID:4310,NCIT:C5128
DOID:4321,NCIT:C84569
DOID:4323,NCIT:C35690
DOID:4324,NCIT:C7944
DOID:4325,NCIT:C126747
DOID:4329,NCIT:C27942
DOID:4336,NCIT:C6247
DOID:4347,NCIT:C5419
DOID:4353,NCIT:C84899
DOID:4359,NCIT:C3739
DOID:4360,NCIT:C84901
DOID:4367,NCIT:C3712
DOID:4379,NCIT:C3477
DOID:4394,NCIT:C6119
DOID:4397,NCIT:C156433
DOID:4398,NCIT:C5704
DOID:4399,NCIT:C3141
DOID:4400,NCIT:C85009
DOID:4404,NCIT:C119054
DOID:4406,NCIT:C148398
DOID:4407,NCIT:C40321
DOID:4415,NCIT:C27022
DOID:4419,NCIT:C2912
DOID:4428,NCIT:C97110
DOID:4430,NCIT:C3780
DOID:4433,NCIT:C3391
DOID:4436,NCIT:C176817
DOID:4447,NCIT:C9276
DOID:4449,NCIT:C3820
DOID:4464,NCIT:C171941
DOID:4471,NCIT:C34986
DOID:4472,NCIT:C26955
DOID:4480,NCIT:C8267
DOID:4483,NCIT:C40225
DOID:4486,NCIT:C4319
DOID:4488,NCIT:C186534
DOID:4489,NCIT:C27911
DOID:4500,NCIT:C27444
DOID:4520,NCIT:C34580
DOID:4541,NCIT:C36099
DOID:4543,NCIT:C34420
DOID:4548,NCIT:C7779
DOID:4552,NCIT:C5514
DOID:4560,NCIT:C84902
DOID:4561,NCIT:C9286
DOID:4562,NCIT:C34443
DOID:4586,NCIT:C27146
DOID:4588,NCIT:C129351
DOID:4591,NCIT:C8188
DOID:4594,NCIT:C3953
DOID:4624,NCIT:C128419
DOID:4636,NCIT:C27421
DOID:4637,NCIT:C26886
DOID:4638,NCIT:C4874
DOID:4639,NCIT:C8601
DOID:4651,NCIT:C84535
DOID:4653,NCIT:C42086
DOID:4656,NCIT:C39921
DOID:4658,NCIT:C2967
DOID:4660,NCIT:C35786
DOID:467,NCIT:C6434
DOID:4675,NCIT:C28432
DOID:4680,NCIT:C123214
DOID:469,NCIT:C84457
DOID:4692,NCIT:C6240
DOID:4693,NCIT:C5474
DOID:4698,NCIT:C3945
DOID:4699,NCIT:C40034
DOID:470,NCIT:C27131
DOID:4702,NCIT:C6155
DOID:4707,NCIT:C40136
DOID:4730,NCIT:C123814
DOID:474,NCIT:C34888
DOID:4744,NCIT:C3739
DOID:4749,NCIT:C179058
DOID:4766,NCIT:C40130
DOID:4767,NCIT:C84492
DOID:4768,NCIT:C40396
DOID:4776,NCIT:C3722
DOID:4777,NCIT:C5464
DOID:4778,NCIT:C35706
DOID:4779,NCIT:C85232
DOID:4780,NCIT:C7267
DOID:4782,NCIT:C4448
DOID:4783,NCIT:C26822
DOID:4784,NCIT:C39956
DOID:4790,NCIT:C8647
DOID:4797,NCIT:131302
DOID:4798,NCIT:C3517
DOID:4810,NCIT:C27813
DOID:4830,NCIT:C7386
DOID:4845,NCIT:C9462
DOID:4852,NCIT:C4031
DOID:4856,NCIT:C3182
DOID:486,NCIT:C3017
DOID:4866,NCIT:C128439
DOID:4895,NCIT:C34927
DOID:4903,NCIT:C34711
DOID:4917,NCIT:C186306
DOID:492,NCIT:C41617
DOID:4922,NCIT:C6778
DOID:4927,NCIT:C99013
DOID:4929,NCIT:C112175
DOID:496,NCIT:C3997
DOID:4961,NCIT:C35113
DOID:4970,NCIT:C27262
DOID:4993,NCIT:C7286
DOID:5026,NCIT:C6643
DOID:5030,NCIT:C4023
DOID:5052,NCIT:C84796
DOID:5058,NCIT:C4910
DOID:5063,NCIT:C98989
DOID:5075,NCIT:C5440
DOID:5104,NCIT:C27369
DOID:512,NCIT:C5609
DOID:5127,NCIT:C61263
DOID:5128,NCIT:C34656
DOID:5138,NCIT:C4815
DOID:5139,NCIT:C27559
DOID:5147,NCIT:C8493
DOID:5149,NCIT:C124520
DOID:5151,NCIT:C98938
DOID:5152,NCIT:C38661
DOID:5155,NCIT:C6492
DOID:5162,NCIT:C27044
DOID:5170,NCIT:C26818
DOID:5176,NCIT:C5712
DOID:5179,NCIT:C8190
DOID:5182,NCIT:C26782
DOID:5189,NCIT:C135017
DOID:519,NCIT:C148261
DOID:5191,NCIT:C7361
DOID:5193,NCIT:C4123
DOID:5194,NCIT:C27605
DOID:5204,NCIT:C39923
DOID:5221,NCIT:C84568
DOID:5222,NCIT:C98813
DOID:5223,NCIT:C6627
DOID:5224,NCIT:C5969
DOID:5225,NCIT:C4687
DOID:5230,NCIT:C34792
DOID:5236,NCIT:C7462
DOID:5251,NCIT:C2938
DOID:5258,NCIT:C39955
DOID:526,NCIT:C84397
DOID:5268,NCIT:C39935
DOID:5273,NCIT:C2922
DOID:5334,NCIT:C50847
DOID:5339,NCIT:C7543
DOID:5351,NCIT:C34460
DOID:5362,NCIT:C34927
DOID:5370,NCIT:C3868
DOID:5373,NCIT:C5421
DOID:5374,NCIT:C39783
DOID:5378,NCIT:C6483
DOID:5379,NCIT:C4675
DOID:5390,NCIT:C6744
DOID:5394,NCIT:C79548
DOID:5398,NCIT:C75466
DOID:5401,NCIT:C5364
DOID:5411,NCIT:C50842
DOID:5418,NCIT:C4484
DOID:5439,NCIT:C40229
DOID:5442,NCIT:C107377
DOID:5444,NCIT:C114767
DOID:5445,NCIT:C39844
DOID:5469,NCIT:C2938
DOID:5477,NCIT:C2995
DOID:5479,NCIT:C4960
DOID:5484,NCIT:C113400
DOID:5487,NCIT:C6933
DOID:5494,NCIT:C27514
DOID:5500,NCIT:C3948
DOID:5504,NCIT:C4296
DOID:5505,NCIT:C4632
DOID:5510,NCIT:C5364
DOID:5521,NCIT:C35765
DOID:5566,NCIT:C34641
DOID:5570,NCIT:C40119
DOID:5572,NCIT:C128387
DOID:5574,NCIT:C118783
DOID:5576,NCIT:C34426
DOID:5577,NCIT:C6461
DOID:5585,NCIT:C26691
DOID:5587,NCIT:C8923
DOID:559,NCIT:C43223
DOID:5597,NCIT:C40031
DOID:5605,NCIT:C84642
DOID:5615,NCIT:C27855
DOID:5641,NCIT:C97097
DOID:5642,NCIT:C113208
DOID:5658,NCIT:C84602
DOID:5660,NCIT:C8885
DOID:5670,NCIT:C4705
DOID:5675,NCIT:C42086
DOID:5690,NCIT:C7889
DOID:5692,NCIT:C156433
DOID:5693,NCIT:C45692
DOID:5698,NCIT:C27389
DOID:5703,NCIT:C39857
DOID:5704,NCIT:C117254
DOID:5705,NCIT:C118781
DOID:5709,NCIT:C6341
DOID:5726,NCIT:C5189
DOID:5727,NCIT:C84727
DOID:5729,NCIT:C3836
DOID:5730,NCIT:C8263
DOID:5747,NCIT:C5543
DOID:5757,NCIT:C84734
DOID:5758,NCIT:C3336
DOID:5763,NCIT:C37864
DOID:5767,NCIT:C5515
DOID:5768,NCIT:C5205
DOID:5773,NCIT:C7076
DOID:5774,NCIT:C4552
DOID:5776,NCIT:C8289
DOID:5789,NCIT:C26721
DOID:5798,NCIT:C5278
DOID:580,NCIT:C6795
DOID:688,NCIT:C84602
DOID:7602,NCIT:C4262
DOID:9396,NCIT:C5822
DOID:769,NCIT:C4296
DOID:864,NCIT:C3446
DOID:5876,NCIT:C75003
DOID:682,NCIT:C128167
DOID:5805,NCIT:C75467
DOID:5810,NCIT:C3199
DOID:5812,NCIT:C61274
DOID:5820,NCIT:C65198
DOID:5822,NCIT:C34528
DOID:5825,NCIT:C34610
DOID:720,NCIT:C9168
DOID:5843,NCIT:C26757
DOID:5844,NCIT:C6448
DOID:5848,NCIT:C4989
DOID:5849,NCIT:C39874
DOID:5851,NCIT:C39824
DOID:5852,NCIT:C5275
DOID:5854,NCIT:C176630
DOID:5862,NCIT:C40075
DOID:5870,NCIT:C4483
DOID:5884,NCIT:C26761
DOID:5893,NCIT:C99108
DOID:5894,NCIT:C84895
DOID:5907,NCIT:C27549
DOID:5913,NCIT:C7421
DOID:5914,NCIT:C6617
DOID:5923,NCIT:C4328
DOID:593,NCIT:C3000
DOID:594,NCIT:C7985
DOID:5948,NCIT:C98967
DOID:5949,NCIT:C84622
DOID:5998,NCIT:C26788
DOID:600,NCIT:C4002
DOID:6004,NCIT:C27288
DOID:602,NCIT:C168176
DOID:6024,NCIT:C26867
DOID:603,NCIT:C3077
DOID:6034,NCIT:C3751
DOID:6048,NCIT:C129443
DOID:605,NCIT:C4525
DOID:6065,NCIT:C7032
DOID:6102,NCIT:C4866
DOID:6113,NCIT:C54294
DOID:6114,NCIT:C7063
DOID:6167,NCIT:C7731
DOID:736,NCIT:C3085
DOID:6179,NCIT:C34738
DOID:6197,NCIT:C4911
DOID:6203,NCIT:C5421
DOID:6209,NCIT:C27596
DOID:6210,NCIT:C27617
DOID:6211,NCIT:C28333
DOID:6225,NCIT:C34952
DOID:6232,NCIT:C118297
DOID:624,NCIT:C27376
DOID:625,NCIT:C176703
DOID:6244,NCIT:C84882
DOID:6258,NCIT:C84947
DOID:6259,NCIT:C6023
DOID:6275,NCIT:C130985
DOID:6294,NCIT:C4174
DOID:6307,NCIT:C34809
DOID:631,NCIT:C98920
DOID:6312,NCIT:C8647
DOID:6314,NCIT:C27814
DOID:6315,NCIT:C8294
DOID:6322,NCIT:C9460
DOID:6332,NCIT:C97136
DOID:6344,NCIT:C5041
DOID:6345,NCIT:C7190
DOID:635,NCIT:C84598
DOID:636,NCIT:C26771
DOID:6376,NCIT:C5481
DOID:6379,NCIT:C2947
DOID:6381,NCIT:C113335
DOID:640,NCIT:C174217
DOID:6406,NCIT:C3282
DOID:6419,NCIT:C5147
DOID:6428,NCIT:C2934
DOID:6445,NCIT:C27779
DOID:6458,NCIT:C126328
DOID:6482,NCIT:C27626
DOID:6484,NCIT:C50481
DOID:6505,NCIT:C26801
DOID:6511,NCIT:C34734
DOID:6512,NCIT:C27131
DOID:6514,NCIT:C34968
DOID:6530,NCIT:C123175
DOID:706,NCIT:C4855
DOID:6548,NCIT:C34771
DOID:6553,NCIT:C8936
DOID:6569,NCIT:C4538
DOID:6594,NCIT:C34738
DOID:6605,NCIT:C34471
DOID:6606,NCIT:C34885
DOID:6608,NCIT:C3733
DOID:6613,NCIT:C98877
DOID:664,NCIT:C5144
DOID:6676,NCIT:C87114
DOID:6677,NCIT:C26815
DOID:668,NCIT:C6999
DOID:6680,NCIT:C2884
DOID:778,NCIT:C26908
DOID:6692,NCIT:C2937
DOID:6693,NCIT:C84765
DOID:6696,NCIT:C3559
DOID:6697,NCIT:C3114
DOID:6705,NCIT:C98842
DOID:6706,NCIT:C40291
DOID:6707,NCIT:C4176
DOID:6726,NCIT:C27417
DOID:6742,NCIT:C3718
DOID:6811,NCIT:C7471
DOID:6823,NCIT:C7076
DOID:6827,NCIT:C84933
DOID:6839,NCIT:C6795
DOID:6869,NCIT:C9137
DOID:6906,NCIT:C6165
DOID:6917,NCIT:C7925
DOID:6945,NCIT:C34493
DOID:6947,NCIT:C3402
DOID:6951,NCIT:C26723
DOID:6959,NCIT:C98864
DOID:6977,NCIT:C3285
DOID:698,NCIT:C131685
DOID:6988,NCIT:C26718
DOID:6992,NCIT:C4962
DOID:7004,NCIT:C5243
DOID:7005,NCIT:C34854
DOID:7008,NCIT:C36089
DOID:7014,NCIT:C5273
DOID:7030,NCIT:C34980
DOID:7081,NCIT:C4501
DOID:7086,NCIT:C4801
DOID:7088,NCIT:C123245
DOID:7089,NCIT:C84723
DOID:7097,NCIT:C61267
DOID:7105,NCIT:C4159
DOID:8002,NCIT:C6842
DOID:7127,NCIT:C128373
DOID:7138,NCIT:C40383
DOID:7165,NCIT:C27814
DOID:7173,NCIT:C8717
DOID:7179,NCIT:C84741
DOID:7188,NCIT:C85874
DOID:7202,NCIT:C6938
DOID:7206,NCIT:C40256
DOID:7210,NCIT:C45340
DOID:7211,NCIT:C8190
DOID:7212,NCIT:C179058
DOID:7213,NCIT:C36071
DOID:7214,NCIT:C4358
DOID:7223,NCIT:C40065
DOID:7230,NCIT:C8112
DOID:7234,NCIT:C6194
DOID:7237,NCIT:C6507
DOID:724,NCIT:C9224
DOID:7241,NCIT:C111885
DOID:7263,NCIT:C50654
DOID:7269,NCIT:C129021
DOID:7289,NCIT:C6613
DOID:7293,NCIT:C9234
DOID:7302,NCIT:C6685
DOID:7312,NCIT:C8112
DOID:7315,NCIT:C6716
DOID:7327,NCIT:C3776
DOID:9598,NCIT:C8287
DOID:7347,NCIT:C7325
DOID:7360,NCIT:C41354
DOID:7365,NCIT:C84521
DOID:7371,NCIT:C4614
DOID:738,NCIT:C5309
DOID:7380,NCIT:C35602
DOID:7381,NCIT:C84501
DOID:7402,NCIT:C26733
DOID:7409,NCIT:C111963
DOID:743,NCIT:C5465
DOID:7435,NCIT:C75120
DOID:7436,NCIT:C88413
DOID:7441,NCIT:C27071
DOID:7459,NCIT:C6525
DOID:7480,NCIT:C40085
DOID:7482,NCIT:C9349
DOID:7488,NCIT:C80099
DOID:7489,NCIT:C34913
DOID:7492,NCIT:C4524
DOID:7518,NCIT:C4539
DOID:7520,NCIT:C40168
DOID:7521,NCIT:C4320
DOID:7528,NCIT:C26837
DOID:7531,NCIT:C5504
DOID:7532,NCIT:C3050
DOID:7533,NCIT:C3133
DOID:7538,NCIT:C34656
DOID:7539,NCIT:C125696
DOID:7540,NCIT:C9349
DOID:7541,NCIT:C40229
DOID:7542,NCIT:C6720
DOID:7559,NCIT:C84787
DOID:7566,NCIT:C2900
DOID:7577,NCIT:C6504
DOID:7578,NCIT:C5302
DOID:758,NCIT:C27357
DOID:7603,NCIT:C35264
DOID:7607,NCIT:C27226
DOID:7615,NCIT:C6533
DOID:7633,NCIT:C35039
DOID:7634,NCIT:C79696
DOID:7635,NCIT:C98983
DOID:7642,NCIT:C4716
DOID:7651,NCIT:C7383
DOID:7656,NCIT:C7985
DOID:7664,NCIT:C27507
DOID:7693,NCIT:C84707
DOID:7697,NCIT:C34858
DOID:7713,NCIT:C34352
DOID:7725,NCIT:C186610
DOID:7731,NCIT:C5128
DOID:7735,NCIT:C4872
DOID:7806,NCIT:C127161
DOID:7808,NCIT:C26755
DOID:7817,NCIT:C40218
DOID:7818,NCIT:C4784
DOID:7819,NCIT:C4264
DOID:7820,NCIT:C26738
DOID:7825,NCIT:C7361
DOID:7843,NCIT:C128190
DOID:7907,NCIT:C84400
DOID:7921,NCIT:C172147
DOID:7922,NCIT:C6585
DOID:7930,NCIT:C84701
DOID:7949,NCIT:C34583
DOID:7951,NCIT:C5465
DOID:7953,NCIT:C4007
DOID:7961,NCIT:C84671
DOID:7962,NCIT:C4721
DOID:7972,NCIT:C97155
DOID:7984,NCIT:C128191
DOID:7986,NCIT:C84692
DOID:799,NCIT:C8091
DOID:7996,NCIT:C61274
DOID:8000,NCIT:C3809
DOID:8009,NCIT:C43223
DOID:8020,NCIT:C5164
DOID:8029,NCIT:C5443
DOID:8030,NCIT:C179710
DOID:8050,NCIT:C35171
DOID:8051,NCIT:C9343
DOID:8057,NCIT:C35709
DOID:8072,NCIT:C50481
DOID:8081,NCIT:C26755
DOID:8082,NCIT:C35068
DOID:8083,NCIT:C5857
DOID:8096,NCIT:C175882
DOID:8104,NCIT:C7541
DOID:8106,NCIT:C125698
DOID:8110,NCIT:C79484
DOID:8117,NCIT:C5287
DOID:813,NCIT:C35346
DOID:8130,NCIT:C5826
DOID:8137,NCIT:C34382
DOID:8144,NCIT:C27576
DOID:8153,NCIT:C85218
DOID:8158,NCIT:C8256
DOID:817,NCIT:C7352
DOID:8177,NCIT:C2928
DOID:8178,NCIT:C93045
DOID:819,NCIT:C155996
DOID:8193,NCIT:C2868
DOID:8195,NCIT:C45655
DOID:8221,NCIT:C7154
DOID:8223,NCIT:C6887
DOID:8224,NCIT:C53656
DOID:8225,NCIT:C7476
DOID:8227,NCIT:C5821
DOID:8233,NCIT:C35163
DOID:8239,NCIT:C26954
DOID:8252,NCIT:C84741
DOID:8259,NCIT:C92555
DOID:8272,NCIT:C3356
DOID:8275,NCIT:C7126
DOID:8292,NCIT:C84562
DOID:8302,NCIT:C39866
DOID:8305,NCIT:C140267
DOID:8307,NCIT:C27322
DOID:8335,NCIT:C40219
DOID:8337,NCIT:C40321
DOID:8353,NCIT:C6971
DOID:8354,NCIT:C93045
DOID:8358,NCIT:C34746
DOID:8361,NCIT:C118859
DOID:8362,NCIT:C2917
DOID:8368,NCIT:C6951
DOID:8369,NCIT:C84747
DOID:8389,NCIT:C27143
DOID:8392,NCIT:C4692
DOID:8408,NCIT:C26805
DOID:8409,NCIT:C9320
DOID:8415,NCIT:C4222
DOID:8419,NCIT:C5596
DOID:8420,NCIT:C75120
DOID:8428,NCIT:C7990
DOID:8431,NCIT:C34368
DOID:8433,NCIT:C4011
DOID:8437,NCIT:C7169
DOID:8440,NCIT:C7130
DOID:8442,NCIT:C20701
DOID:8445,NCIT:C84904
DOID:8446,NCIT:C5256
DOID:8455,NCIT:C8715
DOID:8482,NCIT:C84574
DOID:8488,NCIT:C26836
DOID:8505,NCIT:C3574
DOID:8506,NCIT:C27022
DOID:9477,NCIT:C132067
DOID:8534,NCIT:C37262
DOID:8538,NCIT:C35078
DOID:8543,NCIT:C129440
DOID:8567,NCIT:C62569
DOID:8544,NCIT:C128413
DOID:8566,NCIT:C6459
DOID:8590,NCIT:C155872
DOID:8593,NCIT:C39885
DOID:8596,NCIT:C40016
DOID:8607,NCIT:C40153
DOID:8616,NCIT:C34535
DOID:8622,NCIT:C3976
DOID:8628,NCIT:C40231
DOID:8635,NCIT:C79804
DOID:8654,NCIT:C82859
DOID:8659,NCIT:C7137
DOID:8660,NCIT:C4983
DOID:8680,NCIT:C176818
DOID:8683,NCIT:C27037
DOID:8689,NCIT:C112175
DOID:8704,NCIT:C6902
DOID:8717,NCIT:C84605
DOID:8738,NCIT:C5451
DOID:8741,NCIT:C2869
DOID:8743,NCIT:C6447
DOID:8757,NCIT:C6808
DOID:876,NCIT:C27494
DOID:8781,NCIT:C84691
DOID:8805,NCIT:C8495
DOID:8838,NCIT:C27015
DOID:8861,NCIT:C8776
DOID:8866,NCIT:C84716
DOID:8867,NCIT:C9325
DOID:8881,NCIT:C34744
DOID:8892,NCIT:C3157
DOID:8920,NCIT:C39844
DOID:8924,NCIT:C6559
DOID:893,NCIT:C34421
DOID:8936,NCIT:C2860
DOID:8986,NCIT:C97095
DOID:90,NCIT:C84681
DOID:9007,NCIT:C94575
DOID:9021,NCIT:C38759
DOID:9043,NCIT:C3170
DOID:9060,NCIT:C6326
DOID:9065,NCIT:C8501
DOID:9072,NCIT:C102533
DOID:9088,NCIT:C27631
DOID:9097,NCIT:C3219
DOID:910,NCIT:C39750
DOID:9149,NCIT:C7053
DOID:9153,NCIT:C2931
DOID:9181,NCIT:C82423
DOID:9201,NCIT:C4440
DOID:9206,NCIT:C3354
DOID:9220,NCIT:C5609
DOID:9240,NCIT:C34375
DOID:9245,NCIT:C131631
DOID:9253,NCIT:C99246
DOID:9271,NCIT:C7283
DOID:9279,NCIT:C6099
DOID:9281,NCIT:C6934
DOID:9507,NCIT:C5429
DOID:9317,NCIT:C8712
DOID:9341,NCIT:C34456
DOID:9348,NCIT:C6359
DOID:9362,NCIT:C82431
DOID:9392,NCIT:C112833
DOID:9395,NCIT:C186351
DOID:9398,NCIT:C4705
DOID:9439,NCIT:C84710
DOID:9476,NCIT:C3528
DOID:9502,NCIT:C34568
DOID:9537,NCIT:C4148
DOID:9550,NCIT:C7393
DOID:9565,NCIT:C6589
DOID:9584,NCIT:C3800
DOID:9599,NCIT:C26971
DOID:96,NCIT:C35145
DOID:9601,NCIT:C85186
DOID:9602,NCIT:C179710
DOID:9603,NCIT:C26798
DOID:9622,NCIT:C2995
DOID:9643,NCIT:C5908
DOID:9663,NCIT:C34563
DOID:9673,NCIT:C39907
DOID:9681,NCIT:C27593
DOID:9682,NCIT:C7152
DOID:9699,NCIT:C3718
DOID:9714,NCIT:C75456
DOID:9726,NCIT:C14364
DOID:9765,NCIT:C4549
DOID:9766,NCIT:C4120
DOID:9788,NCIT:C84615
DOID:9810,NCIT:C41354
DOID:9837,NCIT:C120902
DOID:9841,NCIT:C40213
DOID:9861,NCIT:C27418
DOID:9903,NCIT:C34980
DOID:9905,NCIT:C90598
DOID:9923,NCIT:C27068
DOID:9939,NCIT:C85232
DOID:9955,NCIT:C3316
DOID:9969,NCIT:C4376
DOID:9975,NCIT:C5298
DOID:9976,NCIT:C130985
DOID:9997,NCIT:C9335
