NCIT:C3235,DOID:10272
NCIT:C114354,DOID:0060046
NCIT:C128411,DOID:8093
NCIT:C35716,DOID:14323
NCIT:C62586,DOID:13762
NCIT:C35288,DOID:10610
NCIT:C84501,DOID:134
NCIT:C84571,DOID:7849
NCIT:C97159,DOID:0060481
NCIT:C84789,DOID:4731
NCIT:C84760,DOID:11868
NCIT:C103921,DOID:0060064
NCIT:C84604,DOID:2449
NCIT:C168988,DOID:117
NCIT:C113750,DOID:986
NCIT:C35528,DOID:4510
NCIT:C61273,DOID:0050920
NCIT:C84905,DOID:10921
NCIT:C111884,DOID:0081374
NCIT:C4099,DOID:0090031
NCIT:C54203,DOID:566
NCIT:C80280,DOID:0050971
NCIT:C3453,DOID:0060484
NCIT:C170437,DOID:13498
NCIT:C26703,DOID:0060362
NCIT:C26884,DOID:12702
NCIT:C116337,DOID:8208
NCIT:C3771,DOID:0111151
NCIT:C3211,DOID:0111549
NCIT:C5398,DOID:0070011
NCIT:C180557,DOID:233
NCIT:C85076,DOID:11340
NCIT:C26723,DOID:0111882
NCIT:C38504,DOID:10939
NCIT:C27021,DOID:14268
NCIT:C27147,DOID:0112003
NCIT:C128347,DOID:4562
NCIT:C84782,DOID:4921
NCIT:C37262,DOID:8195
NCIT:C70646,DOID:10880
NCIT:C50466,DOID:9987
NCIT:C98873,DOID:0111679
NCIT:C35043,DOID:10152
NCIT:C131133,DOID:1760
NCIT:C118435,DOID:7293
NCIT:C27298,DOID:0112291
NCIT:C34631,DOID:0050332
NCIT:C161554,DOID:0111052
NCIT:C61233,DOID:0110873
NCIT:C173131,DOID:26
NCIT:C112198,DOID:0110899
NCIT:C3182,DOID:0112192
NCIT:C98997,DOID:2891
NCIT:C34945,DOID:0070343
NCIT:C3477,DOID:0060288
NCIT:C131420,DOID:5465
NCIT:C130985,DOID:1624
NCIT:C121563,DOID:14670
NCIT:C124056,DOID:0050464
NCIT:C45716,DOID:0080280
NCIT:C66950,DOID:786
NCIT:C53554,DOID:2559
NCIT:C131685,DOID:5557
NCIT:C3519,DOID:6161
NCIT:C148261,DOID:0060708
NCIT:C126560,DOID:849
NCIT:C98813,DOID:0060562
NCIT:C34910,DOID:539
NCIT:C34555,DOID:0111388
NCIT:C130983,DOID:6085
NCIT:C48829,DOID:0081140
NCIT:C84453,DOID:4783
NCIT:C84402,DOID:0112082
NCIT:C34418,DOID:0090090
NCIT:C120902,DOID:2546
NCIT:C99053,DOID:0060287
NCIT:C48613,DOID:13558
NCIT:C168999,DOID:11875
NCIT:C34733,DOID:0111644
NCIT:C84275,DOID:0050918
NCIT:C84276,DOID:0050911
NCIT:C84277,DOID:0090053
NCIT:C3178,DOID:0060753
NCIT:C8863,DOID:4539
NCIT:C135017,DOID:9149
NCIT:C7153,DOID:0060808
NCIT:C26731,DOID:0080167
NCIT:C2890,DOID:0110719
NCIT:C26908,DOID:10426
NCIT:C26886,DOID:6101
NCIT:C26912,DOID:0060133
NCIT:C2886,DOID:0050610
NCIT:C3333,DOID:0110616
NCIT:C26745,DOID:12995
NCIT:C34656,DOID:0050993
NCIT:C34536,DOID:0060773
NCIT:C34528,DOID:8481
NCIT:C26843,DOID:13356
NCIT:C3245,DOID:8997
NCIT:C34569,DOID:0111885
NCIT:C84599,DOID:0080034
NCIT:C84638,DOID:2384
NCIT:C128334,DOID:2934
NCIT:C26835,DOID:1067
NCIT:C26869,DOID:2001
NCIT:C84565,DOID:0060072
NCIT:C26771,DOID:3485
NCIT:C3101,DOID:1788
NCIT:C3114,DOID:3861
NCIT:C38759,DOID:0060424
NCIT:C3196,DOID:93
NCIT:C34953,DOID:820
NCIT:C2934,DOID:0110233
NCIT:C26767,DOID:0081008
NCIT:C26801,DOID:4778
NCIT:C97110,DOID:0111776
NCIT:C3149,DOID:14501
NCIT:C26910,DOID:4352
NCIT:C27631,DOID:0112009
NCIT:C40241,DOID:0060764
NCIT:C26903,DOID:4305
NCIT:C27641,DOID:0050726
NCIT:C87145,DOID:6459
NCIT:C26875,DOID:4410
NCIT:C97095,DOID:0110502
NCIT:C84586,DOID:5250
NCIT:C4691,DOID:13976
NCIT:C28193,DOID:0111168
NCIT:C117254,DOID:4295
NCIT:C85005,DOID:2027
NCIT:C26878,DOID:13117
NCIT:C84392,DOID:8806
NCIT:C35111,DOID:5651
NCIT:C94834,DOID:4060
NCIT:C97090,DOID:1734
NCIT:C26690,DOID:12380
NCIT:C4731,DOID:13333
NCIT:C36078,DOID:13922
NCIT:C26757,DOID:4330
NCIT:C34560,DOID:12724
NCIT:C123330,DOID:1762
NCIT:C3207,DOID:0060456
NCIT:C128414,DOID:0050709
NCIT:C34723,DOID:3239
NCIT:C26782,DOID:0060421
NCIT:C34747,DOID:6804
NCIT:C96716,DOID:0110585
NCIT:C9305,DOID:114
NCIT:C2900,DOID:14145
NCIT:C50575,DOID:403
NCIT:C2868,DOID:11595
NCIT:C34376,DOID:0111968
NCIT:C26729,DOID:0050310
NCIT:C84482,DOID:0111397
NCIT:C34563,DOID:0111961
NCIT:C34460,DOID:9398
NCIT:C84528,DOID:0110998
NCIT:C35625,DOID:9538
NCIT:C3020,DOID:2345
NCIT:C35458,DOID:0090024
NCIT:C101216,DOID:0080267
NCIT:C27090,DOID:2630
NCIT:C34737,DOID:4287
NCIT:C124575,DOID:3300
NCIT:C85874,DOID:0080227
NCIT:C84699,DOID:0050061
NCIT:C45525,DOID:9140
NCIT:C2931,DOID:0060778
NCIT:C26784,DOID:14268
NCIT:C34738,DOID:0080509
NCIT:C127822,DOID:1978
NCIT:C26738,DOID:0060008
NCIT:C26907,DOID:8792
NCIT:C140267,DOID:0110917
NCIT:C53459,DOID:0070013
NCIT:C5573,DOID:649
NCIT:C27605,DOID:12651
NCIT:C3350,DOID:0060304
NCIT:C3772,DOID:0110357
NCIT:C5437,DOID:0080814
NCIT:C92203,DOID:357
NCIT:C3009,DOID:0111285
NCIT:C3472,DOID:0081138
NCIT:C3990,DOID:3255
NCIT:C26931,DOID:0050319
NCIT:C107377,DOID:8767
NCIT:C2893,DOID:0111027
NCIT:C89334,DOID:7357
NCIT:C35284,DOID:7267
NCIT:C172304,DOID:11595
NCIT:C26709,DOID:0110008
NCIT:C4874,DOID:0040030
NCIT:C84542,DOID:2992
NCIT:C34956,DOID:0080141
NCIT:C3021,DOID:2139
NCIT:C117005,DOID:0080408
NCIT:C94409,DOID:13791
NCIT:C85053,DOID:4053
NCIT:C34458,DOID:0060147
NCIT:C87125,DOID:8743
NCIT:C34712,DOID:1324
NCIT:C34677,DOID:10366
NCIT:C79545,DOID:0111867
NCIT:C35079,DOID:9514
NCIT:C35346,DOID:0050730
NCIT:C27065,DOID:10483
NCIT:C3298,DOID:12055
NCIT:C131634,DOID:12881
NCIT:C2944,DOID:0111575
NCIT:C26955,DOID:0070432
NCIT:C172313,DOID:0050655
NCIT:C78787,DOID:9771
NCIT:C84492,DOID:12667
NCIT:C68677,DOID:0060521
NCIT:C39725,DOID:0060338
NCIT:C4967,DOID:12379
NCIT:C34385,DOID:4955
NCIT:C173793,DOID:0081212
NCIT:C84691,DOID:13319
NCIT:C26859,DOID:8736
NCIT:C84655,DOID:0111775
NCIT:C90598,DOID:0081089
NCIT:C84692,DOID:0080775
NCIT:C177244,DOID:8770
NCIT:C85034,DOID:0111716
NCIT:C62591,DOID:10561
NCIT:C41236,DOID:1862
NCIT:C26845,DOID:13068
NCIT:C26834,DOID:794
NCIT:C3362,DOID:644
NCIT:C84675,DOID:5872
NCIT:C4375,DOID:3870
NCIT:C84400,DOID:12164
NCIT:C84685,DOID:0110546
NCIT:C34820,DOID:1407
NCIT:C84639,DOID:10070
NCIT:C161542,DOID:1269
NCIT:C2892,DOID:1910
NCIT:C34450,DOID:0060068
NCIT:C99027,DOID:0060678
NCIT:C101328,DOID:1356
NCIT:C26805,DOID:1395
NCIT:C115993,DOID:1005
NCIT:C26711,DOID:12286
NCIT:C3672,DOID:0050376
NCIT:C4131,DOID:9396
NCIT:C2923,DOID:5308
NCIT:C3483,DOID:0060052
NCIT:C40435,DOID:3618
NCIT:C131850,DOID:6841
NCIT:C85045,DOID:0070230
NCIT:C97093,DOID:8625
NCIT:C34449,DOID:11736
NCIT:C2866,DOID:0060349
NCIT:C3794,DOID:8051
NCIT:C3346,DOID:0080087
NCIT:C120197,DOID:2503
NCIT:C26323,DOID:2898
NCIT:C84475,DOID:0080261
NCIT:C27579,DOID:3114
NCIT:C171133,DOID:5286
NCIT:C80331,DOID:3350
NCIT:C80335,DOID:0050765
NCIT:C80338,DOID:0050576
NCIT:C130039,DOID:0110244
NCIT:C123245,DOID:0110875
NCIT:C120199,DOID:6860
NCIT:C53555,DOID:5418
NCIT:C129309,DOID:8118
NCIT:C129440,DOID:0060383
NCIT:C129441,DOID:10310
NCIT:C129442,DOID:7047
NCIT:C129443,DOID:0111846
NCIT:C129444,DOID:4287
NCIT:C129445,DOID:5397
NCIT:C129446,DOID:0111313
NCIT:C129699,DOID:0110265
NCIT:C120191,DOID:0080755
NCIT:C7224,DOID:0081131
NCIT:C3164,DOID:5777
NCIT:C122688,DOID:0111504
NCIT:C6971,DOID:1078
NCIT:C185167,DOID:0110304
NCIT:C39750,DOID:0111351
NCIT:C129321,DOID:0060205
NCIT:C129351,DOID:13948
NCIT:C4915,DOID:7428
NCIT:C7152,DOID:0111581
NCIT:C116936,DOID:0110248
NCIT:C129785,DOID:0110225
NCIT:C36080,DOID:2668
NCIT:C125904,DOID:0050223
NCIT:C4153,DOID:3203
NCIT:C82212,DOID:0081370
NCIT:C148395,DOID:0080600
NCIT:C148398,DOID:0112380
NCIT:C148394,DOID:0112033
NCIT:C148396,DOID:1741
NCIT:C7203,DOID:0050580
NCIT:C82423,DOID:6530
NCIT:C7463,DOID:0060821
NCIT:C82426,DOID:0111881
NCIT:C8460,DOID:0110425
NCIT:C3249,DOID:0070396
NCIT:C3250,DOID:1475
NCIT:C82431,DOID:0060192
NCIT:C129782,DOID:5360
NCIT:C129786,DOID:8337
NCIT:C7600,DOID:0080830
NCIT:C9288,DOID:6339
NCIT:C174129,DOID:0111628
NCIT:C82433,DOID:9502
NCIT:C82427,DOID:0111068
NCIT:C4289,DOID:0081275
NCIT:C165671,DOID:0080611
NCIT:C120224,DOID:7256
NCIT:C92552,DOID:551
NCIT:C185196,DOID:3498
NCIT:C94524,DOID:3146
NCIT:C92554,DOID:9584
NCIT:C129431,DOID:7365
NCIT:C179229,DOID:0080860
NCIT:C186534,DOID:3674
NCIT:C129424,DOID:0111601
NCIT:C185879,DOID:2222
NCIT:C7931,DOID:11781
NCIT:C4342,DOID:12594
NCIT:C186556,DOID:0050596
NCIT:C186610,DOID:0111726
NCIT:C84733,DOID:0112341
NCIT:C155996,DOID:0110329
NCIT:C142085,DOID:0111425
NCIT:C126328,DOID:9551
NCIT:C126329,DOID:10659
NCIT:C75008,DOID:11120
NCIT:C85213,DOID:9201
NCIT:C125484,DOID:3813
NCIT:C27855,DOID:8269
NCIT:C3056,DOID:0081130
NCIT:C132826,DOID:4691
NCIT:C3274,DOID:0080177
NCIT:C3391,DOID:0111971
NCIT:C123212,DOID:0060126
NCIT:C123213,DOID:0070306
NCIT:C123214,DOID:0081048
NCIT:C120409,DOID:5375
NCIT:C124520,DOID:0081051
NCIT:C98989,DOID:1869
NCIT:C101253,DOID:5830
NCIT:C84479,DOID:0111783
NCIT:C26760,DOID:0081004
NCIT:C27778,DOID:5760
NCIT:C26832,DOID:11770
NCIT:C112112,DOID:3523
NCIT:C34831,DOID:0080980
NCIT:C34375,DOID:0070245
NCIT:C27226,DOID:0060853
NCIT:C28397,DOID:6277
NCIT:C34863,DOID:11506
NCIT:C2983,DOID:0110717
NCIT:C116757,DOID:5730
NCIT:C113352,DOID:0060180
NCIT:C4094,DOID:0070079
NCIT:C4324,DOID:12043
NCIT:C35823,DOID:12251
NCIT:C80427,DOID:0111966
NCIT:C112175,DOID:0081078
NCIT:C95437,DOID:0111777
NCIT:C43263,DOID:8256
NCIT:C84919,DOID:11215
NCIT:C9300,DOID:0111390
NCIT:C85041,DOID:6384
NCIT:C84673,DOID:9810
NCIT:C3403,DOID:2797
NCIT:C3746,DOID:12612
NCIT:C85039,DOID:9121
NCIT:C182453,DOID:13864
NCIT:C2937,DOID:0110703
NCIT:C62569,DOID:13025
NCIT:C3292,DOID:0110959
NCIT:C72069,DOID:8536
NCIT:C27301,DOID:11543
NCIT:C34704,DOID:2588
NCIT:C35194,DOID:2946
NCIT:C34368,DOID:11558
NCIT:C84473,DOID:10210
NCIT:C37864,DOID:9191
NCIT:C84828,DOID:0060011
NCIT:C61257,DOID:0081126
NCIT:C26840,DOID:4517
NCIT:C82892,DOID:10787
NCIT:C2951,DOID:0060287
NCIT:C2902,DOID:0060413
NCIT:C79597,DOID:0050164
NCIT:C37308,DOID:11446
NCIT:C26812,DOID:6858
NCIT:C34515,DOID:9277
NCIT:C84704,DOID:0080880
NCIT:C5041,DOID:10649
NCIT:C84796,DOID:0111059
NCIT:C26739,DOID:13353
NCIT:C62798,DOID:0050102
NCIT:C7636,DOID:0080265
NCIT:C179710,DOID:12661
NCIT:C79698,DOID:6425
NCIT:C34381,DOID:5527
NCIT:C26768,DOID:0070289
NCIT:C123158,DOID:0060490
NCIT:C61420,DOID:0060344
NCIT:C120198,DOID:5042
NCIT:C110940,DOID:1453
NCIT:C99026,DOID:4997
NCIT:C7461,DOID:0080824
NCIT:C113217,DOID:7025
NCIT:C35057,DOID:12129
NCIT:C34571,DOID:9939
NCIT:C4227,DOID:0050704
NCIT:C4225,DOID:4226
NCIT:C3504,DOID:60008
NCIT:C4426,DOID:12143
NCIT:C34734,DOID:0080189
NCIT:C84541,DOID:0111773
NCIT:C26806,DOID:0112064
NCIT:C35113,DOID:4982
NCIT:C3130,DOID:0050899
NCIT:C3307,DOID:5820
NCIT:C4254,DOID:12837
NCIT:C3703,DOID:4988
NCIT:C27530,DOID:0110766
NCIT:C6503,DOID:0080008
NCIT:C94352,DOID:2094
NCIT:C84709,DOID:6761
NCIT:C114281,DOID:0060472
NCIT:C26882,DOID:0080093
NCIT:C27559,DOID:7825
NCIT:C84573,DOID:9001
NCIT:C34410,DOID:11441
NCIT:C84605,DOID:277
NCIT:C34389,DOID:5520
NCIT:C3369,DOID:0110067
NCIT:C34390,DOID:0111490
NCIT:C27026,DOID:0070319
NCIT:C35397,DOID:0070355
NCIT:C35315,DOID:0050222
NCIT:C3378,DOID:8622
NCIT:C3660,DOID:1974
NCIT:C3039,DOID:0110827
NCIT:C128374,DOID:0111946
NCIT:C41353,DOID:0070286
NCIT:C118764,DOID:6128
NCIT:C34354,DOID:7364
NCIT:C50593,DOID:0110091
NCIT:C116006,DOID:14453
NCIT:C128339,DOID:11233
NCIT:C98912,DOID:0040083
NCIT:C34700,DOID:9940
NCIT:C3653,DOID:0081362
NCIT:C27131,DOID:5042
NCIT:C188051,DOID:0060447
NCIT:C34813,DOID:0110178
NCIT:C41354,DOID:0110929
NCIT:C41352,DOID:0110878
NCIT:C26838,DOID:2073
NCIT:C85043,DOID:0080682
NCIT:C85021,DOID:4438
NCIT:C84748,DOID:8931
NCIT:C116768,DOID:7473
NCIT:C34646,DOID:0111535
NCIT:C99059,DOID:5380
NCIT:C34431,DOID:0080348
NCIT:C45428,DOID:13333
NCIT:C26714,DOID:4034
NCIT:C27056,DOID:11990
NCIT:C34641,DOID:4123
NCIT:C3515,DOID:5482
NCIT:C3125,DOID:2785
NCIT:C53662,DOID:0081329
NCIT:C3661,DOID:14284
NCIT:C35394,DOID:0080431
NCIT:C4376,DOID:0110061
NCIT:C34885,DOID:9321
NCIT:C123216,DOID:0081161
NCIT:C3119,DOID:0070365
NCIT:C26830,DOID:266
NCIT:C34817,DOID:6823
NCIT:C34626,DOID:9103
NCIT:C35031,DOID:12508
NCIT:C94358,DOID:5806
NCIT:C3118,DOID:6209
NCIT:C3478,DOID:10368
NCIT:C94360,DOID:0050072
NCIT:C94356,DOID:4738
NCIT:C101362,DOID:0080947
NCIT:C3655,DOID:436
NCIT:C27593,DOID:0111543
NCIT:C128439,DOID:10316
NCIT:C3111,DOID:122
NCIT:C3656,DOID:885
NCIT:C2867,DOID:280
NCIT:C35764,DOID:581
NCIT:C92633,DOID:0111488
NCIT:C92637,DOID:0050632
NCIT:C92638,DOID:2892
NCIT:C88411,DOID:6727
NCIT:C94330,DOID:0111284
NCIT:C92197,DOID:0060177
NCIT:C92631,DOID:0080324
NCIT:C92630,DOID:172
NCIT:C88413,DOID:6702
NCIT:C26833,DOID:14044
NCIT:C34781,DOID:14070
NCIT:C34844,DOID:0112265
NCIT:C171201,DOID:437
NCIT:C40120,DOID:13208
NCIT:C34645,DOID:1453
NCIT:C101304,DOID:0050518
NCIT:C84535,DOID:0081060
NCIT:C129468,DOID:0080034
NCIT:C26970,DOID:0110421
NCIT:C94328,DOID:10375
NCIT:C94331,DOID:0080541
NCIT:C26858,DOID:9235
NCIT:C84602,DOID:10718
NCIT:C34970,DOID:7922
NCIT:C26796,DOID:7586
NCIT:C52595,DOID:0080680
NCIT:C34963,DOID:2481
NCIT:C3657,DOID:2874
NCIT:C34443,DOID:11199
NCIT:C34718,DOID:853
NCIT:C27043,DOID:2339
NCIT:C118765,DOID:9764
NCIT:C5028,DOID:9761
NCIT:C34962,DOID:0111774
NCIT:C35196,DOID:11486
NCIT:C26844,DOID:7518
NCIT:C48280,DOID:0110798
NCIT:C50648,DOID:0040043
NCIT:C35704,DOID:0050702
NCIT:C99000,DOID:6945
NCIT:C27069,DOID:5775
NCIT:C97167,DOID:10286
NCIT:C111856,DOID:10073
NCIT:C2992,DOID:0080949
NCIT:C99108,DOID:0111387
NCIT:C34927,DOID:0050862
NCIT:C28182,DOID:9935
NCIT:C34873,DOID:0050223
NCIT:C26853,DOID:0111330
NCIT:C2882,DOID:0080032
NCIT:C27117,DOID:9138
NCIT:C62018,DOID:4902
NCIT:C94376,DOID:0111108
NCIT:C84544,DOID:7820
NCIT:C34995,DOID:0110904
NCIT:C85185,DOID:8762
NCIT:C82068,DOID:0110129
NCIT:C79717,DOID:2140
NCIT:C160155,DOID:4851
NCIT:C34772,DOID:0080199
NCIT:C34810,DOID:0060461
NCIT:C12326,DOID:8431
NCIT:C92562,DOID:4163
NCIT:C3353,DOID:7522
NCIT:C26868,DOID:0060474
NCIT:C123038,DOID:0070391
NCIT:C179646,DOID:5394
NCIT:C34601,DOID:0110869
NCIT:C85035,DOID:1390
NCIT:C87110,DOID:8586
NCIT:C111644,DOID:0110418
NCIT:C28155,DOID:10377
NCIT:C50481,DOID:0080137
NCIT:C27033,DOID:0111109
NCIT:C92567,DOID:0111919
NCIT:C157879,DOID:640
NCIT:C3514,DOID:0111552
NCIT:C82994,DOID:0080837
NCIT:C12333,DOID:219
NCIT:C117312,DOID:0111575
NCIT:C34834,DOID:364
NCIT:C90599,DOID:0112111
NCIT:C101223,DOID:13695
NCIT:C27548,DOID:9804
NCIT:C35645,DOID:12190
NCIT:C34537,DOID:0110329
NCIT:C35610,DOID:14261
NCIT:C34942,DOID:0050096
NCIT:C122685,DOID:0080625
NCIT:C34711,DOID:0080497
NCIT:C45161,DOID:11263
NCIT:C34380,DOID:8303
NCIT:C26975,DOID:11199
NCIT:C3319,DOID:2450
NCIT:C34952,DOID:11741
NCIT:C12337,DOID:3728
NCIT:C12332,DOID:0111805
NCIT:C113400,DOID:3149
NCIT:C27896,DOID:0060473
NCIT:C157149,DOID:4553
NCIT:C102533,DOID:13139
NCIT:C118707,DOID:0080796
NCIT:C3980,DOID:11997
NCIT:C84641,DOID:0110344
NCIT:C7638,DOID:2300
NCIT:C34535,DOID:12363
NCIT:C26802,DOID:6607
NCIT:C27025,DOID:974
NCIT:C9224,DOID:0050254
NCIT:C34858,DOID:0081159
NCIT:C123259,DOID:4898
NCIT:C26885,DOID:3331
NCIT:C120909,DOID:5639
NCIT:C5572,DOID:0110292
NCIT:C34510,DOID:0080117
NCIT:C101270,DOID:3300
NCIT:C2967,DOID:13159
NCIT:C84950,DOID:0050051
NCIT:C92566,DOID:0112271
NCIT:C34562,DOID:11730
NCIT:C79696,DOID:5393
NCIT:C37913,DOID:2947
NCIT:C118299,DOID:7030
NCIT:C34919,DOID:0112258
NCIT:C34683,DOID:1498
NCIT:C92839,DOID:8864
NCIT:C84826,DOID:6459
NCIT:C98877,DOID:14223
NCIT:C84563,DOID:0050460
NCIT:C34544,DOID:13839
NCIT:C34682,DOID:10142
NCIT:C35006,DOID:14320
NCIT:C84787,DOID:0080366
NCIT:C26915,DOID:0050566
NCIT:C34741,DOID:0060747
NCIT:C3433,DOID:0111737
NCIT:C94359,DOID:0080609
NCIT:C94353,DOID:0080439
NCIT:C34797,DOID:7581
NCIT:C26710,DOID:0111025
NCIT:C118847,DOID:0112134
NCIT:C84583,DOID:0080138
NCIT:C94335,DOID:0040065
NCIT:C94333,DOID:1218
NCIT:C94332,DOID:9389
NCIT:C94334,DOID:0081008
NCIT:C2870,DOID:0110394
NCIT:C34889,DOID:1184
NCIT:C113335,DOID:2538
NCIT:C27591,DOID:14339
NCIT:C50732,DOID:0110447
NCIT:C34409,DOID:6054
NCIT:C85183,DOID:4000
NCIT:C75545,DOID:5675
NCIT:C34749,DOID:326
NCIT:C79804,DOID:3067
NCIT:C98952,DOID:9091
NCIT:C34966,DOID:10772
NCIT:C98945,DOID:0070297
NCIT:C34891,DOID:0080837
NCIT:C34428,DOID:11018
NCIT:C34422,DOID:0060671
NCIT:C129934,DOID:413
NCIT:C92563,DOID:0090120
NCIT:C3073,DOID:6108
NCIT:C3157,DOID:1758
NCIT:C28194,DOID:0111772
NCIT:C34459,DOID:0060522
NCIT:C3354,DOID:0110705
NCIT:C34903,DOID:7076
NCIT:C35110,DOID:0111985
NCIT:C117004,DOID:47
NCIT:C84903,DOID:5834
NCIT:C50721,DOID:12663
NCIT:C112836,DOID:5633
NCIT:C97161,DOID:2653
NCIT:C9493,DOID:5266
NCIT:C34819,DOID:0060368
NCIT:C27649,DOID:11232
NCIT:C35070,DOID:0080141
NCIT:C98922,DOID:896
NCIT:C34585,DOID:13185
NCIT:C53653,DOID:0080187
NCIT:C34800,DOID:14117
NCIT:C4062,DOID:308
NCIT:C89329,DOID:6345
NCIT:C95804,DOID:0060885
NCIT:C35044,DOID:0111846
NCIT:C34590,DOID:10003
NCIT:C34982,DOID:0111654
NCIT:C85198,DOID:0080413
NCIT:C26705,DOID:8004
NCIT:C128426,DOID:9762
NCIT:C85006,DOID:13980
NCIT:C114827,DOID:6013
NCIT:C34746,DOID:2415
NCIT:C85505,DOID:0080223
NCIT:C99013,DOID:0080121
NCIT:C34436,DOID:0060216
NCIT:C34456,DOID:9428
NCIT:C79702,DOID:0110804
NCIT:C98670,DOID:8019
NCIT:C128143,DOID:0070391
NCIT:C26909,DOID:0050940
NCIT:C3658,DOID:0050339
NCIT:C26934,DOID:0111274
NCIT:C3559,DOID:5999
NCIT:C34811,DOID:0050197
NCIT:C35271,DOID:0111433
NCIT:C131437,DOID:606
NCIT:C35023,DOID:2097
NCIT:C84457,DOID:0110817
NCIT:C35668,DOID:0110788
NCIT:C3241,DOID:4389
NCIT:C35089,DOID:13328
NCIT:C97096,DOID:3275
NCIT:C128419,DOID:0110438
NCIT:C5717,DOID:11594
NCIT:C84316,DOID:0050252
NCIT:C94355,DOID:718
NCIT:C84397,DOID:0081240
NCIT:C34825,DOID:0050787
NCIT:C2871,DOID:6667
NCIT:C34382,DOID:2115
NCIT:C3891,DOID:0050440
NCIT:C34974,DOID:5435
NCIT:C35441,DOID:0060604
NCIT:C35807,DOID:11121
NCIT:C78528,DOID:9198
NCIT:C79596,DOID:0112204
NCIT:C26904,DOID:3812
NCIT:C34638,DOID:0081191
NCIT:C84642,DOID:0060257
NCIT:C119046,DOID:10863
NCIT:C3523,DOID:0080849
NCIT:C85187,DOID:1150
NCIT:C97164,DOID:1068
NCIT:C35075,DOID:2320
NCIT:C123175,DOID:0060327
NCIT:C34899,DOID:683
NCIT:C34639,DOID:8219
NCIT:C113824,DOID:0070251
NCIT:C3219,DOID:2555
NCIT:C83006,DOID:1550
NCIT:C87167,DOID:0081279
NCIT:C34742,DOID:5017
NCIT:C4419,DOID:7591
NCIT:C34420,DOID:0050179
NCIT:C34619,DOID:2926
NCIT:C118750,DOID:13582
NCIT:C34607,DOID:0110587
NCIT:C4416,DOID:13658
NCIT:C119049,DOID:9358
NCIT:C94349,DOID:0110315
NCIT:C85059,DOID:0112046
NCIT:C35010,DOID:1024
NCIT:C50552,DOID:8955
NCIT:C35777,DOID:3247
NCIT:C26689,DOID:5908
NCIT:C34924,DOID:0090024
NCIT:C35637,DOID:5941
NCIT:C26954,DOID:0060079
NCIT:C35068,DOID:0111519
NCIT:C94337,DOID:0081094
NCIT:C85182,DOID:0060050
NCIT:C26951,DOID:136
NCIT:C34425,DOID:0110311
NCIT:C118712,DOID:0081273
NCIT:C27105,DOID:3739
NCIT:C34637,DOID:0081262
NCIT:C34757,DOID:13980
NCIT:C35342,DOID:9540
NCIT:C61443,DOID:0040012
NCIT:C79541,DOID:0111454
NCIT:C40164,DOID:2962
NCIT:C40172,DOID:3914
NCIT:C40168,DOID:11337
NCIT:C26809,DOID:7158
NCIT:C27001,DOID:12338
NCIT:C50621,DOID:12010
NCIT:C35443,DOID:0070062
NCIT:C34798,DOID:1122
NCIT:C34426,DOID:12128
NCIT:C128373,DOID:7365
NCIT:C35109,DOID:2376
NCIT:C127161,DOID:5974
NCIT:C35498,DOID:0050830
NCIT:C4392,DOID:0050094
NCIT:C116347,DOID:4931
NCIT:C34468,DOID:0080372
NCIT:C3105,DOID:0111187
NCIT:C27142,DOID:13072
NCIT:C26926,DOID:670
NCIT:C27576,DOID:7567
NCIT:C28129,DOID:0050240
NCIT:C84442,DOID:10619
NCIT:C84938,DOID:0080178
NCIT:C35314,DOID:0090072
NCIT:C128386,DOID:8251
NCIT:C35666,DOID:0080720
NCIT:C27148,DOID:7581
NCIT:C35336,DOID:6731
NCIT:C35372,DOID:1176
NCIT:C35334,DOID:10918
NCIT:C34916,DOID:0112077
NCIT:C85023,DOID:0080074
NCIT:C84681,DOID:0060465
NCIT:C34565,DOID:14081
NCIT:C92622,DOID:0050903
NCIT:C34799,DOID:5171
NCIT:C34898,DOID:0040097
NCIT:C113344,DOID:5675
NCIT:C129724,DOID:0110096
NCIT:C35827,DOID:0112005
NCIT:C98864,DOID:3918
NCIT:C34855,DOID:9210
NCIT:C119028,DOID:0110404
NCIT:C123429,DOID:0111589
NCIT:C84775,DOID:6494
NCIT:C34605,DOID:7211
NCIT:C94829,DOID:8535
NCIT:C2994,DOID:13094
NCIT:C61271,DOID:6228
NCIT:C84829,DOID:13579
NCIT:C61274,DOID:0090084
NCIT:C3718,DOID:338
NCIT:C35192,DOID:4561
NCIT:C34983,DOID:0081179
NCIT:C84588,DOID:117
NCIT:C112199,DOID:0050560
NCIT:C26866,DOID:6887
NCIT:C114767,DOID:10442
NCIT:C34796,DOID:0080954
NCIT:C85030,DOID:984
NCIT:C8965,DOID:8529
NCIT:C98964,DOID:0080241
NCIT:C84569,DOID:0080844
NCIT:C125698,DOID:1373
NCIT:C173795,DOID:0070145
NCIT:C3961,DOID:0111336
NCIT:C2869,DOID:8997
NCIT:C89715,DOID:0090001
NCIT:C4432,DOID:637
NCIT:C3027,DOID:10957
NCIT:C35768,DOID:7657
NCIT:C34915,DOID:0060206
NCIT:C35204,DOID:0110892
NCIT:C26865,DOID:5568
NCIT:C34596,DOID:7470
NCIT:C26828,DOID:5274
NCIT:C6943,DOID:1140
NCIT:C27194,DOID:12700
NCIT:C34918,DOID:0110662
NCIT:C50515,DOID:6489
NCIT:C35723,DOID:0110683
NCIT:C52593,DOID:0110712
NCIT:C97141,DOID:0060838
NCIT:C26695,DOID:0050833
NCIT:C26716,DOID:8097
NCIT:C6624,DOID:0110833
NCIT:C2878,DOID:13582
NCIT:C35206,DOID:0081077
NCIT:C26863,DOID:2446
NCIT:C3092,DOID:0111741
NCIT:C34809,DOID:0060557
NCIT:C3318,DOID:0111589
NCIT:C27102,DOID:0112172
NCIT:C34578,DOID:928
NCIT:C35012,DOID:0090039
NCIT:C26786,DOID:5461
NCIT:C35119,DOID:7188
NCIT:C3285,DOID:2743
NCIT:C34504,DOID:0110315
NCIT:C35197,DOID:5255
NCIT:C16522,DOID:3414
NCIT:C118723,DOID:0040052
NCIT:C26752,DOID:0111344
NCIT:C35420,DOID:9103
NCIT:C27066,DOID:3361
NCIT:C34964,DOID:851
NCIT:C3014,DOID:5344
NCIT:C99246,DOID:2135
NCIT:C84791,DOID:7475
NCIT:C78446,DOID:5497
NCIT:C27598,DOID:0111490
NCIT:C2883,DOID:0050951
NCIT:C34744,DOID:2782
NCIT:C27870,DOID:0080555
NCIT:C26747,DOID:10556
NCIT:C34879,DOID:13327
NCIT:C172147,DOID:396
NCIT:C26811,DOID:0081332
NCIT:C35275,DOID:3716
NCIT:C26911,DOID:9848
NCIT:C159658,DOID:0060258
NCIT:C35761,DOID:12506
NCIT:C92200,DOID:6759
NCIT:C27221,DOID:0090083
NCIT:C26893,DOID:6989
NCIT:C34465,DOID:0080433
NCIT:C94407,DOID:8632
NCIT:C82978,DOID:0081290
NCIT:C122812,DOID:0111030
NCIT:C26874,DOID:0081161
NCIT:C34973,DOID:0050423
NCIT:C61469,DOID:11121
NCIT:C26733,DOID:14544
NCIT:C171941,DOID:0111477
NCIT:C2958,DOID:0081150
NCIT:C40118,DOID:4588
NCIT:C110923,DOID:2621
NCIT:C34493,DOID:13376
NCIT:C26748,DOID:9117
NCIT:C26971,DOID:5259
NCIT:C34521,DOID:0080567
NCIT:C50781,DOID:0111170
NCIT:C3120,DOID:0060061
NCIT:C98920,DOID:9736
NCIT:C34398,DOID:3703
NCIT:C112857,DOID:0110159
NCIT:C112183,DOID:0060521
NCIT:C79697,DOID:8536
NCIT:C3418,DOID:3721
NCIT:C27204,DOID:0110314
NCIT:C50766,DOID:0111878
NCIT:C185243,DOID:3867
NCIT:C27594,DOID:1099
NCIT:C34632,DOID:4121
NCIT:C79548,DOID:10030
NCIT:C26718,DOID:12466
NCIT:C26687,DOID:11275
NCIT:C3065,DOID:0070413
NCIT:C34430,DOID:14243
NCIT:C35799,DOID:0110998
NCIT:C3801,DOID:0050305
NCIT:C78579,DOID:11133
NCIT:C34998,DOID:0110462
NCIT:C3086,DOID:0110487
NCIT:C39955,DOID:0080208
NCIT:C63743,DOID:0060440
NCIT:C92636,DOID:0112231
NCIT:C27057,DOID:0080302
NCIT:C34400,DOID:0110860
NCIT:C34501,DOID:11887
NCIT:C20701,DOID:0111772
NCIT:C72070,DOID:3205
NCIT:C116791,DOID:3
NCIT:C138179,DOID:4045
NCIT:C34984,DOID:3998
NCIT:C3991,DOID:1222
NCIT:C85044,DOID:7676
NCIT:C181765,DOID:13117
NCIT:C36083,DOID:6880
NCIT:C84506,DOID:0112007
NCIT:C3717,DOID:4407
NCIT:C35225,DOID:0050283
NCIT:C3809,DOID:4435
NCIT:C35424,DOID:5626
NCIT:C50462,DOID:0070187
NCIT:C97041,DOID:14374
NCIT:C35341,DOID:9405
NCIT:C6796,DOID:0050402
NCIT:C7419,DOID:0111541
NCIT:C3792,DOID:0050588
NCIT:C50654,DOID:0090021
NCIT:C84703,DOID:0070096
NCIT:C26818,DOID:962
NCIT:C2860,DOID:11701
NCIT:C85079,DOID:2703
NCIT:C3023,DOID:7971
NCIT:C70938,DOID:4840
NCIT:C50530,DOID:14252
NCIT:C34445,DOID:5350
NCIT:C34657,DOID:4985
NCIT:C173930,DOID:348
NCIT:C121932,DOID:11100
NCIT:C3347,DOID:11582
NCIT:C3098,DOID:4424
NCIT:C4247,DOID:0080165
NCIT:C3708,DOID:0112268
NCIT:C34752,DOID:11121
NCIT:C85176,DOID:12528
NCIT:C85186,DOID:0060850
NCIT:C112200,DOID:2769
NCIT:C26962,DOID:3962
NCIT:C3275,DOID:11685
NCIT:C175882,DOID:0112252
NCIT:C3029,DOID:0110448
NCIT:C3097,DOID:0080705
NCIT:C27549,DOID:0080012
NCIT:C3389,DOID:9729
NCIT:C3761,DOID:2355
NCIT:C8596,DOID:980
NCIT:C6434,DOID:13253
NCIT:C39611,DOID:0080120
NCIT:C4076,DOID:0111034
NCIT:C5567,DOID:5719
NCIT:C3843,DOID:4878
NCIT:C34529,DOID:0060358
NCIT:C35530,DOID:12972
NCIT:C27015,DOID:0080083
NCIT:C35131,DOID:0111315
NCIT:C128429,DOID:2848
NCIT:C112190,DOID:13763
NCIT:C27012,DOID:3417
NCIT:C171147,DOID:0081194
NCIT:C26780,DOID:7252
NCIT:C35178,DOID:0060229
NCIT:C35885,DOID:13268
NCIT:C35882,DOID:0080676
NCIT:C165675,DOID:5579
NCIT:C84799,DOID:2728
NCIT:C39860,DOID:4189
NCIT:C3474,DOID:0110490
NCIT:C6934,DOID:1933
NCIT:C3060,DOID:0090102
NCIT:C7076,DOID:0111314
NCIT:C4463,DOID:0050106
NCIT:C4222,DOID:0060269
NCIT:C4475,DOID:4584
NCIT:C118859,DOID:6847
NCIT:C34507,DOID:10911
NCIT:C35616,DOID:0111823
NCIT:C34508,DOID:0080808
NCIT:C50687,DOID:0111648
NCIT:C3501,DOID:0050648
NCIT:C97145,DOID:0060055
NCIT:C38012,DOID:2742
NCIT:C3635,DOID:0111762
NCIT:C7760,DOID:10354
NCIT:C4687,DOID:14692
NCIT:C34653,DOID:8000
NCIT:C34913,DOID:12305
NCIT:C34793,DOID:0081096
NCIT:C3106,DOID:0111552
NCIT:C84526,DOID:0070100
NCIT:C4425,DOID:0111292
NCIT:C4181,DOID:1467
NCIT:C4527,DOID:0110374
NCIT:C5112,DOID:0110049
NCIT:C39954,DOID:474
NCIT:C4272,DOID:9726
NCIT:C3087,DOID:672
NCIT:C8113,DOID:0112331
NCIT:C7286,DOID:10307
NCIT:C38150,DOID:1760
NCIT:C3234,DOID:5281
NCIT:C3734,DOID:0050170
NCIT:C6581,DOID:3927
NCIT:C3363,DOID:0070025
NCIT:C4271,DOID:0050729
NCIT:C40392,DOID:0050588
NCIT:C3233,DOID:0080323
NCIT:C4328,DOID:8577
NCIT:C26852,DOID:3869
NCIT:C35163,DOID:0080076
NCIT:C84665,DOID:12255
NCIT:C92635,DOID:7078
NCIT:C36197,DOID:7328
NCIT:C116767,DOID:8754
NCIT:C27151,DOID:7698
NCIT:C26743,DOID:0090130
NCIT:C4877,DOID:13867
NCIT:C34838,DOID:0070000
NCIT:C35806,DOID:11813
NCIT:C35717,DOID:2839
NCIT:C35578,DOID:3491
NCIT:C27310,DOID:0080677
NCIT:C27178,DOID:10808
NCIT:C27312,DOID:0110632
NCIT:C27174,DOID:10237
NCIT:C35434,DOID:0050367
NCIT:C73511,DOID:0111720
NCIT:C113170,DOID:0112233
NCIT:C34675,DOID:2574
NCIT:C3306,DOID:0060655
NCIT:C26736,DOID:10887
NCIT:C34644,DOID:3251
NCIT:C34849,DOID:1265
NCIT:C85064,DOID:12377
NCIT:C34824,DOID:0081332
NCIT:C114699,DOID:9246
NCIT:C34643,DOID:12361
NCIT:C61283,DOID:3318
NCIT:C7113,DOID:7179
NCIT:C5212,DOID:12141
NCIT:C27939,DOID:0110988
NCIT:C34481,DOID:782
NCIT:C3796,DOID:9847
NCIT:C3724,DOID:0111950
NCIT:C3199,DOID:0111543
NCIT:C27162,DOID:4800
NCIT:C3959,DOID:3149
NCIT:C38011,DOID:6950
NCIT:C85057,DOID:14449
NCIT:C34710,DOID:11994
NCIT:C3146,DOID:0070088
NCIT:C8964,DOID:9180
NCIT:C7582,DOID:11001
NCIT:C4237,DOID:5576
NCIT:C4101,DOID:0111323
NCIT:C3793,DOID:8702
NCIT:C4724,DOID:2345
NCIT:C5421,DOID:2236
NCIT:C5321,DOID:0111564
NCIT:C6970,DOID:0070246
NCIT:C6969,DOID:0060644
NCIT:C8401,DOID:12883
NCIT:C4258,DOID:0111805
NCIT:C9150,DOID:0050709
NCIT:C6519,DOID:0070230
NCIT:C8365,DOID:0050842
NCIT:C3411,DOID:0080675
NCIT:C7386,DOID:5526
NCIT:C6454,DOID:1695
NCIT:C6885,DOID:2997
NCIT:C7114,DOID:0050513
NCIT:C6453,DOID:9264
NCIT:C128421,DOID:3355
NCIT:C3754,DOID:12785
NCIT:C111963,DOID:3029
NCIT:C38151,DOID:0081152
NCIT:C50847,DOID:0080188
NCIT:C92634,DOID:0090043
NCIT:C34875,DOID:8345
NCIT:C61267,DOID:9463
NCIT:C8563,DOID:4393
NCIT:C6470,DOID:7793
NCIT:C168176,DOID:0111985
NCIT:C4021,DOID:0060820
NCIT:C7134,DOID:272
NCIT:C26953,DOID:11389
NCIT:C3988,DOID:12185
NCIT:C84548,DOID:5475
NCIT:C27575,DOID:0040053
NCIT:C84786,DOID:0110076
NCIT:C7073,DOID:2073
NCIT:C3302,DOID:0060510
NCIT:C34840,DOID:0112088
NCIT:C9235,DOID:10182
NCIT:C3774,DOID:9279
NCIT:C9120,DOID:10343
NCIT:C84269,DOID:4772
NCIT:C7809,DOID:0112193
NCIT:C50486,DOID:9143
NCIT:C39976,DOID:12251
NCIT:C3757,DOID:0050441
NCIT:C7449,DOID:10247
NCIT:C3733,DOID:6988
NCIT:C3019,DOID:3230
NCIT:C84596,DOID:10207
NCIT:C5443,DOID:11815
NCIT:C4944,DOID:14262
NCIT:C3129,DOID:11836
NCIT:C98969,DOID:4263
NCIT:C84814,DOID:6256
NCIT:C85067,DOID:0070042
NCIT:C3218,DOID:0070191
NCIT:C27210,DOID:7566
NCIT:C3808,DOID:10595
NCIT:C27744,DOID:2938
NCIT:C4002,DOID:0081282
NCIT:C3781,DOID:6990
NCIT:C26836,DOID:0081078
NCIT:C6811,DOID:7584
NCIT:C45909,DOID:0050606
NCIT:C34775,DOID:0111145
NCIT:C3470,DOID:10529
NCIT:C34388,DOID:2733
NCIT:C26972,DOID:5244
NCIT:C85019,DOID:13480
NCIT:C2857,DOID:0060640
NCIT:C35132,DOID:0050305
NCIT:C4726,DOID:2956
NCIT:C4725,DOID:1602
NCIT:C39908,DOID:0111083
NCIT:C6904,DOID:0112140
NCIT:C3706,DOID:0060507
NCIT:C9497,DOID:0060821
NCIT:C5407,DOID:1323
NCIT:C3760,DOID:8583
NCIT:C6504,DOID:13469
NCIT:C27487,DOID:0050598
NCIT:C27486,DOID:0080648
NCIT:C84540,DOID:0110774
NCIT:C113210,DOID:8081
NCIT:C113208,DOID:0110012
NCIT:C27044,DOID:0110755
NCIT:C4068,DOID:11451
NCIT:C7380,DOID:0080306
NCIT:C128415,DOID:12397
NCIT:C123159,DOID:14312
NCIT:C3190,DOID:0070391
NCIT:C2928,DOID:10645
NCIT:C3926,DOID:0080621
NCIT:C35330,DOID:0060247
NCIT:C27051,DOID:0080555
NCIT:C27329,DOID:397
NCIT:C27348,DOID:3071
NCIT:C6514,DOID:8019
NCIT:C4716,DOID:0050440
NCIT:C50783,DOID:3016
NCIT:C3422,DOID:3773
NCIT:C39915,DOID:637
NCIT:C3255,DOID:5443
NCIT:C6902,DOID:5863
NCIT:C128413,DOID:3138
NCIT:C42048,DOID:0060745
NCIT:C3790,DOID:0050814
NCIT:C113150,DOID:0110129
NCIT:C129722,DOID:0110090
NCIT:C97166,DOID:8651
NCIT:C27595,DOID:5659
NCIT:C27596,DOID:0111839
NCIT:C4722,DOID:0050639
NCIT:C35765,DOID:4123
NCIT:C27005,DOID:5771
NCIT:C3747,DOID:0081104
NCIT:C5355,DOID:0111721
NCIT:C84891,DOID:0050096
NCIT:C62282,DOID:13902
NCIT:C84743,DOID:12123
NCIT:C7585,DOID:12258
NCIT:C4109,DOID:295
NCIT:C27182,DOID:0060296
NCIT:C27536,DOID:10041
NCIT:C27538,DOID:0111951
NCIT:C4108,DOID:8886
NCIT:C38110,DOID:0070140
NCIT:C34934,DOID:1380
NCIT:C3751,DOID:0111971
NCIT:C27518,DOID:731
NCIT:C27516,DOID:0050475
NCIT:C27517,DOID:0111322
NCIT:C36171,DOID:12711
NCIT:C53972,DOID:1612
NCIT:C35072,DOID:10924
NCIT:C78442,DOID:0111302
NCIT:C35775,DOID:9408
NCIT:C3802,DOID:0110705
NCIT:C4236,DOID:0050004
NCIT:C123231,DOID:0111203
NCIT:C175521,DOID:4589
NCIT:C3356,DOID:6841
NCIT:C3505,DOID:14039
NCIT:C34888,DOID:12417
NCIT:C35277,DOID:2147
NCIT:C2984,DOID:13397
NCIT:C34859,DOID:5139
NCIT:C27037,DOID:0110200
NCIT:C4816,DOID:8133
NCIT:C3739,DOID:9266
NCIT:C6492,DOID:0081352
NCIT:C96410,DOID:0090007
NCIT:C3379,DOID:0110591
NCIT:C28396,DOID:1637
NCIT:C5286,DOID:0080468
NCIT:C34794,DOID:0050879
NCIT:C35468,DOID:9202
NCIT:C6194,DOID:12641
NCIT:C4146,DOID:0080057
NCIT:C39807,DOID:6740
NCIT:C34345,DOID:0080346
NCIT:C34986,DOID:7515
NCIT:C4282,DOID:0111345
NCIT:C45655,DOID:0111526
NCIT:C7985,DOID:0080906
NCIT:C34939,DOID:0111197
NCIT:C40220,DOID:4383
NCIT:C34386,DOID:10708
NCIT:C34372,DOID:0112105
NCIT:C27481,DOID:14118
NCIT:C3780,DOID:0050047
NCIT:C27625,DOID:0050957
NCIT:C27626,DOID:0111269
NCIT:C34583,DOID:0110131
NCIT:C5301,DOID:4582
NCIT:C4718,DOID:3737
NCIT:C4720,DOID:0111831
NCIT:C4721,DOID:8568
NCIT:C3213,DOID:0080306
NCIT:C27016,DOID:0110988
NCIT:C26937,DOID:0080773
NCIT:C27332,DOID:2402
NCIT:C27135,DOID:8461
NCIT:C8714,DOID:841
NCIT:C7846,DOID:0110248
NCIT:C7848,DOID:5850
NCIT:C9303,DOID:0050605
NCIT:C9286,DOID:1086
NCIT:C4296,DOID:2122
NCIT:C27055,DOID:0060791
NCIT:C5164,DOID:0110526
NCIT:C6555,DOID:0081303
NCIT:C34586,DOID:6687
NCIT:C5822,DOID:2703
NCIT:C5119,DOID:1123
NCIT:C5347,DOID:53
NCIT:C4299,DOID:11964
NCIT:C3945,DOID:0111014
NCIT:C5423,DOID:10540
NCIT:C34988,DOID:1709
NCIT:C4298,DOID:0050725
NCIT:C26856,DOID:0060115
NCIT:C5586,DOID:4513
NCIT:C8997,DOID:0050131
NCIT:C36054,DOID:8538
NCIT:C36053,DOID:0060874
NCIT:C35264,DOID:0070105
NCIT:C35706,DOID:0111481
NCIT:C35281,DOID:0110543
NCIT:C35707,DOID:7815
NCIT:C35798,DOID:0070123
NCIT:C35801,DOID:0111198
NCIT:C35445,DOID:0112341
NCIT:C35800,DOID:5245
NCIT:C66808,DOID:3342
NCIT:C9284,DOID:8794
NCIT:C9285,DOID:3331
NCIT:C84628,DOID:0110177
NCIT:C3727,DOID:9346
NCIT:C40315,DOID:2873
NCIT:C4323,DOID:0060355
NCIT:C5419,DOID:0050183
NCIT:C27505,DOID:4397
NCIT:C2970,DOID:0050841
NCIT:C40016,DOID:0040051
NCIT:C3681,DOID:1187
NCIT:C4142,DOID:0060639
NCIT:C27018,DOID:4644
NCIT:C4189,DOID:6517
NCIT:C36077,DOID:1440
NCIT:C65192,DOID:221
NCIT:C4754,DOID:3257
NCIT:C34433,DOID:0111072
NCIT:C85031,DOID:8419
NCIT:C6895,DOID:11283
NCIT:C27388,DOID:0050466
NCIT:C6967,DOID:0060277
NCIT:C128336,DOID:0110570
NCIT:C6909,DOID:3109
NCIT:C2922,DOID:0112325
NCIT:C3697,DOID:0110992
NCIT:C27617,DOID:10783
NCIT:C39958,DOID:9856
NCIT:C4257,DOID:0110830
NCIT:C6512,DOID:0111073
NCIT:C3748,DOID:0080245
NCIT:C4256,DOID:6370
NCIT:C4483,DOID:3939
NCIT:C6558,DOID:9544
NCIT:C3797,DOID:1005
NCIT:C41427,DOID:0080283
NCIT:C6559,DOID:0080064
NCIT:C35543,DOID:7328
NCIT:C40270,DOID:0040005
NCIT:C6951,DOID:11206
NCIT:C9149,DOID:5303
NCIT:C9147,DOID:0081134
NCIT:C9146,DOID:2381
NCIT:C97085,DOID:4425
NCIT:C9148,DOID:0050724
NCIT:C42058,DOID:1110
NCIT:C42057,DOID:13662
NCIT:C128119,DOID:0112241
NCIT:C36071,DOID:333
NCIT:C35383,DOID:8674
NCIT:C3836,DOID:5221
NCIT:C35796,DOID:8956
NCIT:C26761,DOID:12234
NCIT:C84754,DOID:10843
NCIT:C36079,DOID:270
NCIT:C27495,DOID:1077
NCIT:C27494,DOID:9450
NCIT:C3108,DOID:0081195
NCIT:C3701,DOID:0111788
NCIT:C4484,DOID:0110217
NCIT:C34893,DOID:13272
NCIT:C3820,DOID:7014
NCIT:C39986,DOID:0080198
NCIT:C97083,DOID:6730
NCIT:C40396,DOID:1974
NCIT:C5386,DOID:12895
NCIT:C7368,DOID:4969
NCIT:C35344,DOID:4007
NCIT:C35287,DOID:1356
NCIT:C4151,DOID:840
NCIT:C3342,DOID:5573
NCIT:C4159,DOID:13523
NCIT:C4155,DOID:9746
NCIT:C3915,DOID:1116
NCIT:C94378,DOID:14021
NCIT:C4171,DOID:0111070
NCIT:C7568,DOID:1756
NCIT:C4170,DOID:6657
NCIT:C4172,DOID:5115
NCIT:C37215,DOID:1241
NCIT:C8985,DOID:4121
NCIT:C8986,DOID:8387
NCIT:C6533,DOID:1620
NCIT:C4277,DOID:4210
NCIT:C4278,DOID:0060028
NCIT:C4713,DOID:0050392
NCIT:C6903,DOID:4890
NCIT:C4319,DOID:0111327
NCIT:C7169,DOID:0080459
NCIT:C4105,DOID:6255
NCIT:C9015,DOID:6495
NCIT:C43345,DOID:9642
NCIT:C34415,DOID:3279
NCIT:C26749,DOID:6476
NCIT:C34959,DOID:0110646
NCIT:C3050,DOID:10836
NCIT:C4461,DOID:480
NCIT:C35130,DOID:0111545
NCIT:C123215,DOID:7008
NCIT:C6267,DOID:2737
NCIT:C9119,DOID:0110436
NCIT:C5135,DOID:906
NCIT:C27216,DOID:6315
NCIT:C27103,DOID:6071
NCIT:C4152,DOID:0111560
NCIT:C4107,DOID:6160
NCIT:C4188,DOID:4189
NCIT:C3680,DOID:6581
NCIT:C176979,DOID:3702
NCIT:C4252,DOID:12134
NCIT:C7811,DOID:14004
NCIT:C6509,DOID:8463
NCIT:C4253,DOID:0081307
NCIT:C6507,DOID:13282
NCIT:C27489,DOID:6271
NCIT:C27781,DOID:3079
NCIT:C40142,DOID:11289
NCIT:C40133,DOID:0050692
NCIT:C4518,DOID:10095
NCIT:C40119,DOID:2038
NCIT:C40136,DOID:11650
NCIT:C26762,DOID:0110146
NCIT:C4268,DOID:5361
NCIT:C38152,DOID:10207
NCIT:C5671,DOID:12608
NCIT:C35795,DOID:2595
NCIT:C34866,DOID:0060238
NCIT:C27777,DOID:6652
NCIT:C7053,DOID:14038
NCIT:C7097,DOID:2717
NCIT:C7095,DOID:0111488
NCIT:C3264,DOID:0070109
NCIT:C35870,DOID:9942
NCIT:C26688,DOID:0060699
NCIT:C3270,DOID:5637
NCIT:C38003,DOID:0050673
NCIT:C6798,DOID:0111661
NCIT:C118422,DOID:13282
NCIT:C85172,DOID:10144
NCIT:C3962,DOID:4409
NCIT:C3895,DOID:0111487
NCIT:C38661,DOID:0081343
NCIT:C37869,DOID:0060870
NCIT:C7587,DOID:3304
NCIT:C35142,DOID:2536
NCIT:C36068,DOID:0081216
NCIT:C27996,DOID:7671
NCIT:C36073,DOID:0080034
NCIT:C35305,DOID:7097
NCIT:C35672,DOID:12714
NCIT:C35673,DOID:4901
NCIT:C35400,DOID:560
NCIT:C8778,DOID:10445
NCIT:C35150,DOID:0080198
NCIT:C7635,DOID:0050559
NCIT:C8097,DOID:275
NCIT:C7947,DOID:5773
NCIT:C27791,DOID:2974
NCIT:C5823,DOID:10321
NCIT:C7427,DOID:0081221
NCIT:C7109,DOID:0070330
NCIT:C34362,DOID:0060122
NCIT:C34890,DOID:5015
NCIT:C3927,DOID:0110258
NCIT:C7751,DOID:10440
NCIT:C3484,DOID:0080042
NCIT:C35273,DOID:3120
NCIT:C4982,DOID:14245
NCIT:C35492,DOID:0111324
NCIT:C27143,DOID:13490
NCIT:C35614,DOID:1748
NCIT:C5365,DOID:10914
NCIT:C5345,DOID:6789
NCIT:C35413,DOID:0090063
NCIT:C39854,DOID:11516
NCIT:C27341,DOID:5369
NCIT:C5269,DOID:0080850
NCIT:C4959,DOID:14518
NCIT:C39870,DOID:4990
NCIT:C39867,DOID:2723
NCIT:C27390,DOID:0111745
NCIT:C9425,DOID:0111982
NCIT:C6846,DOID:13515
NCIT:C6608,DOID:4173
NCIT:C39849,DOID:622
NCIT:C4508,DOID:8741
NCIT:C7035,DOID:750
NCIT:C39992,DOID:0110047
NCIT:C27071,DOID:0111761
NCIT:C27319,DOID:0050289
NCIT:C8960,DOID:4236
NCIT:C39809,DOID:5074
NCIT:C39810,DOID:4795
NCIT:C7915,DOID:757
NCIT:C5438,DOID:0112372
NCIT:C27804,DOID:0060863
NCIT:C87497,DOID:10973
NCIT:C5412,DOID:0060480
NCIT:C39996,DOID:0060304
NCIT:C7285,DOID:0110101
NCIT:C8461,DOID:0060157
NCIT:C7946,DOID:0110873
NCIT:C6910,DOID:10295
NCIT:C4748,DOID:0050379
NCIT:C2851,DOID:1825
NCIT:C84623,DOID:0050208
NCIT:C34714,DOID:856
NCIT:C6890,DOID:0050690
NCIT:C5281,DOID:0110326
NCIT:C34580,DOID:0110525
NCIT:C98916,DOID:3461
NCIT:C84505,DOID:4618
NCIT:C40213,DOID:5597
NCIT:C40060,DOID:6273
NCIT:C6905,DOID:2917
NCIT:C5649,DOID:0060575
NCIT:C6635,DOID:0060364
NCIT:C40280,DOID:2050
NCIT:C39988,DOID:0112150
NCIT:C39989,DOID:0050945
NCIT:C39987,DOID:6424
NCIT:C6888,DOID:6382
NCIT:C27910,DOID:1908
NCIT:C4332,DOID:0060258
NCIT:C5282,DOID:8338
NCIT:C40290,DOID:7045
NCIT:C39835,DOID:13213
NCIT:C27888,DOID:5334
NCIT:C27889,DOID:0111456
NCIT:C5661,DOID:0070253
NCIT:C40259,DOID:0111551
NCIT:C7752,DOID:0080803
NCIT:C34625,DOID:13865
NCIT:C35699,DOID:0050927
NCIT:C3253,DOID:0050941
NCIT:C34446,DOID:0110583
NCIT:C94379,DOID:2959
NCIT:C34411,DOID:5867
NCIT:C39935,DOID:0040073
NCIT:C6471,DOID:6001
NCIT:C6472,DOID:0110968
NCIT:C8399,DOID:0070096
NCIT:C40959,DOID:0060356
NCIT:C4335,DOID:0050334
NCIT:C4322,DOID:11668
NCIT:C40370,DOID:0081123
NCIT:C27081,DOID:0080328
NCIT:C4265,DOID:0081058
NCIT:C5728,DOID:0112376
NCIT:C27942,DOID:10314
NCIT:C4960,DOID:0111570
NCIT:C27496,DOID:8453
NCIT:C6887,DOID:0050690
NCIT:C9007,DOID:0060290
NCIT:C6792,DOID:572
NCIT:C3902,DOID:9252
NCIT:C5555,DOID:0050299
NCIT:C3488,DOID:7553
NCIT:C50778,DOID:0080580
NCIT:C27473,DOID:0112212
NCIT:C7989,DOID:10307
NCIT:C7462,DOID:0081307
NCIT:C4321,DOID:14451
NCIT:C4320,DOID:7610
NCIT:C7450,DOID:0090093
NCIT:C5664,DOID:9103
NCIT:C9423,DOID:4633
NCIT:C37304,DOID:5491
NCIT:C35830,DOID:639
NCIT:C35558,DOID:9395
NCIT:C39924,DOID:4010
NCIT:C4933,DOID:0060460
NCIT:C6793,DOID:0070257
NCIT:C123174,DOID:0110636
NCIT:C96230,DOID:0110000
NCIT:C35071,DOID:5635
NCIT:C8255,DOID:0070366
NCIT:C4148,DOID:9598
NCIT:C38766,DOID:7284
NCIT:C4288,DOID:3240
NCIT:C9499,DOID:2025
NCIT:C4331,DOID:3706
NCIT:C4330,DOID:0112235
NCIT:C4329,DOID:4044
NCIT:C4333,DOID:0110149
NCIT:C9080,DOID:0080904
NCIT:C4273,DOID:0080402
NCIT:C37201,DOID:1285
NCIT:C5713,DOID:12189
NCIT:C41245,DOID:5888
NCIT:C35042,DOID:4598
NCIT:C40165,DOID:9600
NCIT:C27144,DOID:5627
NCIT:C40957,DOID:0060500
NCIT:C27839,DOID:0080663
NCIT:C8717,DOID:0110551
NCIT:C39927,DOID:0050381
NCIT:C40391,DOID:0090029
NCIT:C9368,DOID:2376
NCIT:C3827,DOID:12268
NCIT:C50559,DOID:3486
NCIT:C40446,DOID:6577
NCIT:C39925,DOID:0060478
NCIT:C26867,DOID:735
NCIT:C27474,DOID:1799
NCIT:C39866,DOID:5702
NCIT:C4462,DOID:0050915
NCIT:C27779,DOID:8871
NCIT:C27448,DOID:12061
NCIT:C40285,DOID:0111397
NCIT:C111885,DOID:0050262
NCIT:C39930,DOID:10473
NCIT:C27850,DOID:0050998
NCIT:C35602,DOID:0050901
NCIT:C40359,DOID:11823
NCIT:C6876,DOID:0050285
NCIT:C5271,DOID:0050881
NCIT:C7640,DOID:0090033
NCIT:C34874,DOID:0110126
NCIT:C27472,DOID:0060339
NCIT:C34958,DOID:3615
NCIT:C40388,DOID:9388
NCIT:C40385,DOID:0050130
NCIT:C27022,DOID:6996
NCIT:C5609,DOID:1352
NCIT:C9009,DOID:4871
NCIT:C9008,DOID:2729
NCIT:C40384,DOID:0080873
NCIT:C9473,DOID:0070265
NCIT:C40383,DOID:166
NCIT:C40364,DOID:0112102
NCIT:C6469,DOID:483
NCIT:C27953,DOID:745
NCIT:C5560,DOID:11353
NCIT:C37256,DOID:9835
NCIT:C7362,DOID:2907
NCIT:C87121,DOID:10155
NCIT:C4020,DOID:13658
NCIT:C4154,DOID:0110486
NCIT:C4243,DOID:0081297
NCIT:C34795,DOID:0110402
NCIT:C6776,DOID:0050927
NCIT:C6779,DOID:0112027
NCIT:C41617,DOID:0060841
NCIT:C40439,DOID:10780
NCIT:C8289,DOID:844
NCIT:C40153,DOID:12357
NCIT:C27000,DOID:0080149
NCIT:C27466,DOID:0070104
NCIT:C5284,DOID:11839
NCIT:C3022,DOID:13677
NCIT:C8090,DOID:0090002
NCIT:C5718,DOID:0080725
NCIT:C27183,DOID:0070378
NCIT:C7990,DOID:0111197
NCIT:C8272,DOID:0070348
NCIT:C5278,DOID:7324
NCIT:C5285,DOID:0070219
NCIT:C5313,DOID:0060179
NCIT:C35603,DOID:9087
NCIT:C2918,DOID:6230
NCIT:C8271,DOID:11820
NCIT:C6636,DOID:12491
NCIT:C6625,DOID:11245
NCIT:C39926,DOID:3136
NCIT:C42060,DOID:0060746
NCIT:C42059,DOID:0112280
NCIT:C27234,DOID:2223
NCIT:C40188,DOID:5193
NCIT:C40159,DOID:2173
NCIT:C39822,DOID:0110843
NCIT:C27944,DOID:5897
NCIT:C5267,DOID:11149
NCIT:C35114,DOID:13554
NCIT:C5350,DOID:0050280
NCIT:C5292,DOID:0060266
NCIT:C39959,DOID:0112335
NCIT:C4223,DOID:4223
NCIT:C7566,DOID:0050073
NCIT:C6777,DOID:9650
NCIT:C39847,DOID:0080737
NCIT:C39848,DOID:0112028
NCIT:C6771,DOID:5698
NCIT:C41620,DOID:14518
NCIT:C39929,DOID:13459
NCIT:C39815,DOID:4374
NCIT:C39814,DOID:0081076
NCIT:C39839,DOID:2411
NCIT:C40258,DOID:3142
NCIT:C41237,DOID:0060532
NCIT:C27322,DOID:11428
NCIT:C34847,DOID:0081057
NCIT:C26700,DOID:0110306
NCIT:C40355,DOID:0060267
NCIT:C6462,DOID:0111469
NCIT:C37204,DOID:0050298
NCIT:C6573,DOID:6354
NCIT:C9469,DOID:6634
NCIT:C35786,DOID:0111120
NCIT:C40232,DOID:8553
NCIT:C40233,DOID:11239
NCIT:C26827,DOID:1969
NCIT:C39928,DOID:0110189
NCIT:C39931,DOID:0080591
NCIT:C5290,DOID:1844
NCIT:C39868,DOID:0060503
NCIT:C36087,DOID:0050684
NCIT:C36088,DOID:0070447
NCIT:C36089,DOID:0112205
NCIT:C6508,DOID:3444
NCIT:C5288,DOID:0111054
NCIT:C34479,DOID:998
NCIT:C39869,DOID:8197
NCIT:C7641,DOID:7023
NCIT:C7325,DOID:898
NCIT:C27729,DOID:0070457
NCIT:C40178,DOID:520
NCIT:C6583,DOID:5730
NCIT:C36096,DOID:3274
NCIT:C5199,DOID:13696
NCIT:C35145,DOID:1063
NCIT:C6561,DOID:0050708
NCIT:C9468,DOID:6213
NCIT:C40958,DOID:0110862
NCIT:C40212,DOID:0060292
NCIT:C39932,DOID:0060863
NCIT:C6908,DOID:0060053
NCIT:C7814,DOID:2218
NCIT:C5824,DOID:3042
NCIT:C39923,DOID:9600
NCIT:C27300,DOID:4712
NCIT:C36094,DOID:0060653
NCIT:C27389,DOID:0080862
NCIT:C4161,DOID:2233
NCIT:C6560,DOID:0111371
NCIT:C5140,DOID:0110653
NCIT:C27311,DOID:0110325
NCIT:C27331,DOID:5160
NCIT:C9175,DOID:0060057
NCIT:C37979,DOID:0060542
NCIT:C93045,DOID:3717
NCIT:C98963,DOID:9159
NCIT:C113484,DOID:8519
NCIT:C85221,DOID:5380
NCIT:C35193,DOID:1242
NCIT:C92848,DOID:2021
NCIT:C26742,DOID:0080902
NCIT:C84389,DOID:0111520
NCIT:C50713,DOID:0080863
NCIT:C26781,DOID:0080764
NCIT:C27824,DOID:933
NCIT:C6913,DOID:0080662
NCIT:C9357,DOID:11507
NCIT:C3037,DOID:3652
NCIT:C155871,DOID:0070257
NCIT:C34356,DOID:4400
NCIT:C34774,DOID:0050313
NCIT:C94575,DOID:0080985
NCIT:C128402,DOID:0050385
NCIT:C3316,DOID:13146
NCIT:C96406,DOID:0050848
NCIT:C9283,DOID:9552
NCIT:C35177,DOID:2718
NCIT:C3517,DOID:4240
NCIT:C97132,DOID:0080589
NCIT:C9323,DOID:3686
NCIT:C26977,DOID:0050875
NCIT:C35815,DOID:0111090
NCIT:C34387,DOID:2024
NCIT:C14364,DOID:0070444
NCIT:C50706,DOID:0112382
NCIT:C3151,DOID:11821
NCIT:C111888,DOID:0060184
NCIT:C84695,DOID:507
NCIT:C67277,DOID:1498
NCIT:C128382,DOID:14753
NCIT:C85051,DOID:13408
NCIT:C66911,DOID:1542
NCIT:C3518,DOID:7480
NCIT:C34961,DOID:0110401
NCIT:C3148,DOID:0050691
NCIT:C155872,DOID:1776
NCIT:C97136,DOID:0111160
NCIT:C26855,DOID:0110204
NCIT:C3663,DOID:0050334
NCIT:C3446,DOID:13033
NCIT:C84756,DOID:12936
NCIT:C4680,DOID:0060686
NCIT:C84489,DOID:6275
NCIT:C27156,DOID:7587
NCIT:C85173,DOID:0110673
NCIT:C3953,DOID:6103
NCIT:C3976,DOID:0080470
NCIT:C112833,DOID:5559
NCIT:C34767,DOID:0081314
NCIT:C8196,DOID:0080465
NCIT:C3312,DOID:0070123
NCIT:C34591,DOID:0080511
NCIT:C5574,DOID:0070153
NCIT:C3528,DOID:3528
NCIT:C34365,DOID:3436
NCIT:C84551,DOID:0050159
NCIT:C3189,DOID:6585
NCIT:C2891,DOID:4280
NCIT:C116046,DOID:0111203
NCIT:C34593,DOID:6554
NCIT:C35139,DOID:10510
NCIT:C3868,DOID:2959
NCIT:C84957,DOID:10656
NCIT:C84770,DOID:712
NCIT:C81315,DOID:7677
NCIT:C34597,DOID:8501
NCIT:C34790,DOID:0110136
NCIT:C39861,DOID:13487
NCIT:C125662,DOID:8767
NCIT:C122577,DOID:0081083
NCIT:C78643,DOID:5525
NCIT:C26735,DOID:0080316
NCIT:C116007,DOID:4284
NCIT:C35335,DOID:0112036
NCIT:C35300,DOID:0070292
NCIT:C34471,DOID:11732
NCIT:C128418,DOID:5698
NCIT:C7150,DOID:4531
NCIT:C84669,DOID:1005
NCIT:C35121,DOID:8340
NCIT:C4728,DOID:1057
NCIT:C35037,DOID:0112314
NCIT:C6483,DOID:0112054
NCIT:C84916,DOID:0090101
NCIT:C4729,DOID:0080565
NCIT:C122991,DOID:0070151
NCIT:C84581,DOID:13651
NCIT:C62546,DOID:0080747
NCIT:C35039,DOID:14550
NCIT:C50607,DOID:5537
NCIT:C35547,DOID:9080
NCIT:C116815,DOID:0080301
NCIT:C78308,DOID:9459
NCIT:C50807,DOID:14448
NCIT:C35592,DOID:0040094
NCIT:C35792,DOID:0080404
NCIT:C26985,DOID:0112071
NCIT:C26847,DOID:0111932
NCIT:C34716,DOID:5700
NCIT:C42086,DOID:0110022
NCIT:C35086,DOID:0081012
NCIT:C26717,DOID:0060126
NCIT:C82859,DOID:0050770
NCIT:C92561,DOID:3617
NCIT:C98968,DOID:0080199
NCIT:C98894,DOID:0080081
NCIT:C26963,DOID:0080942
NCIT:C34492,DOID:4358
NCIT:C34694,DOID:4235
NCIT:C171602,DOID:11875
