NCIT:C3235,DOID:0014667
NCIT:C114354,DOID:0040093
NCIT:C34792,DOID:0050120
NCIT:C128411,DOID:0050127
NCIT:C84797,DOID:0050144
NCIT:C35716,DOID:0050156
NCIT:C62586,DOID:0050157
NCIT:C35288,DOID:0050158
NCIT:C3155,DOID:0050214
NCIT:C35083,DOID:0050269
NCIT:C3339,DOID:0050424
NCIT:C84501,DOID:0050425
NCIT:C79484,DOID:0050426
NCIT:C3452,DOID:0050427
NCIT:C3147,DOID:0050428
NCIT:C82865,DOID:0050429
NCIT:C3226,DOID:0050430
NCIT:C84571,DOID:0050431
NCIT:C97159,DOID:0050432
NCIT:C84711,DOID:0050433
NCIT:C84559,DOID:0050434
NCIT:C84906,DOID:0050436
NCIT:C84735,DOID:0050437
NCIT:C122805,DOID:0050438
NCIT:C85217,DOID:0050439
NCIT:C84908,DOID:0050441
NCIT:C84789,DOID:0050444
NCIT:C85234,DOID:0050445
NCIT:C84760,DOID:0050448
NCIT:C84986,DOID:0050449
NCIT:C84730,DOID:0050450
NCIT:C142891,DOID:0050451
NCIT:C84890,DOID:0050452
NCIT:C103921,DOID:0050453
NCIT:C84604,DOID:0050456
NCIT:C168988,DOID:0050457
NCIT:C9233,DOID:0050458
NCIT:C113750,DOID:0050459
NCIT:C35528,DOID:0050460
NCIT:C61273,DOID:0050461
NCIT:C84710,DOID:0050464
NCIT:C84905,DOID:0050465
NCIT:C75006,DOID:0050466
NCIT:C84696,DOID:0050467
NCIT:C85238,DOID:0050468
NCIT:C84652,DOID:0050469
NCIT:C4705,DOID:0050471
NCIT:C84894,DOID:0050472
NCIT:C84549,DOID:0050473
NCIT:C85226,DOID:0050475
NCIT:C84585,DOID:0050476
NCIT:C84827,DOID:0050477
NCIT:C111884,DOID:0050486
NCIT:C3184,DOID:0050523
NCIT:C156310,DOID:0050530
NCIT:C84788,DOID:0050562
NCIT:C3138,DOID:0050589
NCIT:C172328,DOID:13714
NCIT:C4441,DOID:0050625
NCIT:C125693,DOID:0050649
NCIT:C3939,DOID:0050657
NCIT:C116794,DOID:0050678
NCIT:C157122,DOID:0050681
NCIT:C4099,DOID:0050685
NCIT:C123260,DOID:0050699
NCIT:C54203,DOID:0050742
NCIT:C3720,DOID:0050744
NCIT:C80280,DOID:0050745
NCIT:C4663,DOID:0050750
NCIT:C4664,DOID:0050751
NCIT:C84913,DOID:450
NCIT:C84926,DOID:0050766
NCIT:C3308,DOID:0050773
NCIT:C3453,DOID:0050782
NCIT:C120188,DOID:0050791
NCIT:C170437,DOID:0050797
NCIT:C26703,DOID:0050820
NCIT:C75100,DOID:0050834
NCIT:C26884,DOID:0050847
NCIT:C116337,DOID:0050848
NCIT:C119054,DOID:0050854
NCIT:C5105,DOID:0050861
NCIT:C4648,DOID:0050865
NCIT:C84619,DOID:0050876
NCIT:C3898,DOID:0050909
NCIT:C5546,DOID:0050915
NCIT:C3771,DOID:3457
NCIT:C4682,DOID:0060013
NCIT:C27070,DOID:0060020
NCIT:C84783,DOID:0060023
NCIT:C118786,DOID:0060055
NCIT:C3211,DOID:0060060
NCIT:C3467,DOID:0060061
NCIT:C5398,DOID:0060103
NCIT:C3325,DOID:0060119
NCIT:C3377,DOID:0060123
NCIT:C180557,DOID:0060135
NCIT:C85076,DOID:0060160
NCIT:C85233,DOID:0060161
NCIT:C122653,DOID:0060162
NCIT:C26723,DOID:0060180
NCIT:C38504,DOID:0060182
NCIT:C27021,DOID:0060183
NCIT:C27147,DOID:0060184
NCIT:C128347,DOID:0060185
NCIT:C84782,DOID:0060189
NCIT:C37262,DOID:8778
NCIT:C84670,DOID:0060215
NCIT:C84644,DOID:0060217
NCIT:C70646,DOID:0060218
NCIT:C50466,DOID:0060224
NCIT:C98873,DOID:0060234
NCIT:C114766,DOID:0060235
NCIT:C74986,DOID:0060239
NCIT:C75003,DOID:0060242
NCIT:C35043,DOID:0060243
NCIT:C129930,DOID:0060246
NCIT:C118787,DOID:0060248
NCIT:C78603,DOID:0060249
NCIT:C131133,DOID:0060251
NCIT:C85048,DOID:0060254
NCIT:C118435,DOID:0060257
NCIT:C27298,DOID:0060260
NCIT:C27049,DOID:0060261
NCIT:C34631,DOID:0060262
NCIT:C161554,DOID:0060282
NCIT:C61233,DOID:0060284
NCIT:C173131,DOID:0060304
NCIT:C112198,DOID:0060312
NCIT:C3722,DOID:0060315
NCIT:C75481,DOID:0060316
NCIT:C99090,DOID:0060317
NCIT:C3182,DOID:0081081
NCIT:C98997,DOID:0060327
NCIT:C128368,DOID:0060322
NCIT:C34945,DOID:0060329
NCIT:C3477,DOID:0060345
NCIT:C133727,DOID:0060348
NCIT:C121564,DOID:0060350
NCIT:C129976,DOID:0060352
NCIT:C138174,DOID:0060356
NCIT:C84907,DOID:0060358
NCIT:C124841,DOID:0060376
NCIT:C131420,DOID:0060387
NCIT:C84521,DOID:0060406
NCIT:C74983,DOID:0060410
NCIT:C130985,DOID:0060438
NCIT:C121563,DOID:0060439
NCIT:C142805,DOID:0060449
NCIT:C84795,DOID:0060451
NCIT:C124056,DOID:0060462
NCIT:C45716,DOID:0060463
NCIT:C125592,DOID:0060468
NCIT:C124852,DOID:0060469
NCIT:C98930,DOID:0060471
NCIT:C124837,DOID:0060473
NCIT:C74999,DOID:0060485
NCIT:C129872,DOID:0060488
NCIT:C135087,DOID:0060490
NCIT:C66950,DOID:0060534
NCIT:C53554,DOID:0060548
NCIT:C131685,DOID:0060573
NCIT:C176819,DOID:0060591
NCIT:C9143,DOID:0060592
NCIT:C3519,DOID:0060597
NCIT:C98982,DOID:0060610
NCIT:C4828,DOID:0060643
NCIT:C84805,DOID:0060655
NCIT:C84904,DOID:0060703
NCIT:C121745,DOID:0060744
NCIT:C148261,DOID:0060784
NCIT:C126747,DOID:0060799
NCIT:C124839,DOID:0060800
NCIT:C111814,DOID:0060833
NCIT:C118634,DOID:0060844
NCIT:C126560,DOID:0060847
NCIT:C130998,DOID:0060849
NCIT:C98813,DOID:0060850
NCIT:C34910,DOID:0060851
NCIT:C128145,DOID:0060852
NCIT:C124846,DOID:0060853
NCIT:C123251,DOID:0060854
NCIT:C85063,DOID:0060857
NCIT:C34555,DOID:0060870
NCIT:C84777,DOID:0060877
NCIT:C130983,DOID:0060878
NCIT:C133742,DOID:0070039
NCIT:C156360,DOID:0070145
NCIT:C118633,DOID:0070146
NCIT:C170433,DOID:0070162
NCIT:C158500,DOID:0070167
NCIT:C165527,DOID:0070202
NCIT:C48829,DOID:0070212
NCIT:C131839,DOID:0070214
NCIT:C84453,DOID:0070221
NCIT:C84402,DOID:0070230
NCIT:C4690,DOID:0070255
NCIT:C34418,DOID:13725
NCIT:C120902,DOID:0070314
NCIT:C99053,DOID:0070315
NCIT:C7955,DOID:0070322
NCIT:C9160,DOID:0070323
NCIT:C118822,DOID:0070325
NCIT:C136825,DOID:0070326
NCIT:C48613,DOID:0070327
NCIT:C7956,DOID:0070328
NCIT:C168999,DOID:0070439
NCIT:C101214,DOID:0080016
NCIT:C118697,DOID:0080041
NCIT:C34733,DOID:0080072
NCIT:C11967,DOID:0080119
NCIT:C35257,DOID:0080122
NCIT:C129977,DOID:0080335
NCIT:C3168,DOID:0080144
NCIT:C5640,DOID:0080145
NCIT:C9140,DOID:0080146
NCIT:C7210,DOID:0080148
NCIT:C8263,DOID:0080149
NCIT:C84270,DOID:0080164
NCIT:C84275,DOID:0080165
NCIT:C84276,DOID:0080166
NCIT:C84277,DOID:0080167
NCIT:C3179,DOID:0080187
NCIT:C3178,DOID:0080188
NCIT:C3800,DOID:0080190
NCIT:C2955,DOID:0080199
NCIT:C2970,DOID:4866
NCIT:C8863,DOID:0080211
NCIT:C84773,DOID:0080326
NCIT:C4563,DOID:0080367
NCIT:C4862,DOID:0080369
NCIT:C6803,DOID:0080370
NCIT:C122795,DOID:0080390
NCIT:C135017,DOID:0080521
NCIT:C3878,DOID:0080522
NCIT:C27380,DOID:0080524
NCIT:C7153,DOID:0080525
NCIT:C3704,DOID:0080531
NCIT:C2991,DOID:4
NCIT:C26731,DOID:10124
NCIT:C26998,DOID:3042
NCIT:C26704,DOID:874
NCIT:C2890,DOID:104
NCIT:C84753,DOID:11266
NCIT:C26908,DOID:3480
NCIT:C26886,DOID:76
NCIT:C27153,DOID:8857
NCIT:C3079,DOID:114
NCIT:C34909,DOID:9182
NCIT:C26912,DOID:865
NCIT:C2886,DOID:13564
NCIT:C3198,DOID:850
NCIT:C3333,DOID:552
NCIT:C26745,DOID:8913
NCIT:C34656,DOID:421
NCIT:C34536,DOID:4337
NCIT:C34528,DOID:12205
NCIT:C26843,DOID:1352
NCIT:C3245,DOID:1564
NCIT:C34569,DOID:4976
NCIT:C84599,DOID:11976
NCIT:C84638,DOID:9562
NCIT:C3299,DOID:9463
NCIT:C128334,DOID:10458
NCIT:C26835,DOID:863
NCIT:C26869,DOID:3770
NCIT:C84565,DOID:7427
NCIT:C26771,DOID:1962
NCIT:C84576,DOID:14040
NCIT:C3101,DOID:630
NCIT:C3114,DOID:1205
NCIT:C38759,DOID:2938
NCIT:C53482,DOID:8469
NCIT:C84682,DOID:1496
NCIT:C3196,DOID:409
NCIT:C34953,DOID:2789
NCIT:C2934,DOID:331
NCIT:C26767,DOID:5614
NCIT:C84751,DOID:883
NCIT:C26801,DOID:5295
NCIT:C97110,DOID:319
NCIT:C3149,DOID:557
NCIT:C128400,DOID:11080
NCIT:C26910,DOID:121
NCIT:C35720,DOID:1947
NCIT:C27631,DOID:2059
NCIT:C40241,DOID:2253
NCIT:C26903,DOID:732
NCIT:C27641,DOID:403
NCIT:C34587,DOID:1398
NCIT:C87145,DOID:9835
NCIT:C26800,DOID:1459
NCIT:C26875,DOID:5679
NCIT:C97095,DOID:2485
NCIT:C84586,DOID:11102
NCIT:C4691,DOID:626
NCIT:C28193,DOID:225
NCIT:C128346,DOID:649
NCIT:C34786,DOID:2843
NCIT:C61250,DOID:3211
NCIT:C117254,DOID:1927
NCIT:C85005,DOID:906
NCIT:C26878,DOID:10609
NCIT:C27262,DOID:4972
NCIT:C120083,DOID:3883
NCIT:C84649,DOID:9856
NCIT:C84392,DOID:1059
NCIT:C35111,DOID:12574
NCIT:C26785,DOID:12176
NCIT:C84935,DOID:9988
NCIT:C94834,DOID:767
NCIT:C35027,DOID:8736
NCIT:C35550,DOID:4953
NCIT:C2985,DOID:9351
NCIT:C85075,DOID:12377
NCIT:C35170,DOID:2462
NCIT:C75467,DOID:2477
NCIT:C97090,DOID:9252
NCIT:C26690,DOID:9553
NCIT:C3879,DOID:3973
NCIT:C4731,DOID:870
NCIT:C36078,DOID:8955
NCIT:C84910,DOID:9884
NCIT:C26757,DOID:2742
NCIT:C34560,DOID:1934
NCIT:C84615,DOID:5212
NCIT:C34979,DOID:8466
NCIT:C123330,DOID:4448
NCIT:C61272,DOID:2747
NCIT:C3207,DOID:4977
NCIT:C128414,DOID:8200
NCIT:C34723,DOID:10937
NCIT:C26782,DOID:1686
NCIT:C34747,DOID:161
NCIT:C2917,DOID:8719
NCIT:C96716,DOID:4138
NCIT:C9305,DOID:162
NCIT:C7355,DOID:5974
NCIT:C27613,DOID:15
NCIT:C2900,DOID:365
NCIT:C3431,DOID:731
NCIT:C8614,DOID:3117
NCIT:C50575,DOID:987
NCIT:C34816,DOID:655
NCIT:C2868,DOID:9120
NCIT:C84663,DOID:3144
NCIT:C34376,DOID:583
NCIT:C26729,DOID:65
NCIT:C84482,DOID:1681
NCIT:C34563,DOID:543
NCIT:C34460,DOID:1969
NCIT:C9335,DOID:1612
NCIT:C84528,DOID:13911
NCIT:C35625,DOID:8501
NCIT:C4978,DOID:5672
NCIT:C84574,DOID:913
NCIT:C3020,DOID:1826
NCIT:C98910,DOID:3762
NCIT:C35458,DOID:9973
NCIT:C3466,DOID:0081312
NCIT:C3457,DOID:707
NCIT:C34373,DOID:332
NCIT:C101216,DOID:423
NCIT:C27090,DOID:1289
NCIT:C3243,DOID:2377
NCIT:C34737,DOID:240
NCIT:C124575,DOID:3765
NCIT:C85874,DOID:10907
NCIT:C84699,DOID:9164
NCIT:C34568,DOID:13359
NCIT:C61259,DOID:12798
NCIT:C84391,DOID:10871
NCIT:C45525,DOID:4079
NCIT:C2931,DOID:1287
NCIT:C4443,DOID:10022
NCIT:C26784,DOID:2921
NCIT:C34738,DOID:326
NCIT:C127822,DOID:10128
NCIT:C26738,DOID:1679
NCIT:C3141,DOID:4610
NCIT:C2852,DOID:299
NCIT:C26907,DOID:345
NCIT:C34447,DOID:5520
NCIT:C2929,DOID:1749
NCIT:C9318,DOID:8618
NCIT:C4450,DOID:4556
NCIT:C82341,DOID:1441
NCIT:C53655,DOID:4194
NCIT:C140267,DOID:2476
NCIT:C4440,DOID:0080640
NCIT:C36082,DOID:2762
NCIT:C53459,DOID:2602
NCIT:C5156,DOID:4153
NCIT:C3288,DOID:3181
NCIT:C9377,DOID:3187
NCIT:C5573,DOID:14384
NCIT:C27605,DOID:4251
NCIT:C4290,DOID:3306
NCIT:C4433,DOID:1517
NCIT:C9333,DOID:11239
NCIT:C2953,DOID:235
NCIT:C3350,DOID:1984
NCIT:C3772,DOID:4531
NCIT:C9137,DOID:5421
NCIT:C9346,DOID:11920
NCIT:C7404,DOID:8858
NCIT:C4815,DOID:3963
NCIT:C4883,DOID:4045
NCIT:C7523,DOID:10154
NCIT:C170919,DOID:13499
NCIT:C2995,DOID:1737
NCIT:C3224,DOID:1909
NCIT:C3527,DOID:8849
NCIT:C3525,DOID:9036
NCIT:C4878,DOID:3905
NCIT:C5437,DOID:371
NCIT:C4872,DOID:3459
NCIT:C3556,DOID:9460
NCIT:C92203,DOID:303
NCIT:C99383,DOID:438
NCIT:C3009,DOID:28
NCIT:C3472,DOID:627
NCIT:C27871,DOID:0111962
NCIT:C3990,DOID:6620
NCIT:C26931,DOID:2583
NCIT:C107377,DOID:17
NCIT:C2893,DOID:150
NCIT:C97155,DOID:93
NCIT:C89334,DOID:8927
NCIT:C35284,DOID:599
NCIT:C172304,DOID:3044
NCIT:C27134,DOID:2531
NCIT:C26709,DOID:3463
NCIT:C4874,DOID:368
NCIT:C26841,DOID:1100
NCIT:C35562,DOID:3093
NCIT:C84542,DOID:4090
NCIT:C34956,DOID:4737
NCIT:C2982,DOID:1596
NCIT:C3021,DOID:1827
NCIT:C117005,DOID:10024
NCIT:C94409,DOID:8643
NCIT:C85053,DOID:12802
NCIT:C34458,DOID:10941
NCIT:C34348,DOID:12960
NCIT:C87125,DOID:11193
NCIT:C34712,DOID:205
NCIT:C34677,DOID:582
NCIT:C84632,DOID:2581
NCIT:C79545,DOID:1762
NCIT:C35079,DOID:3225
NCIT:C35346,DOID:9942
NCIT:C3171,DOID:9119
NCIT:C27065,DOID:5100
NCIT:C84683,DOID:2121
NCIT:C99248,DOID:11717
NCIT:C8971,DOID:3246
NCIT:C3298,DOID:11476
NCIT:C84532,DOID:2722
NCIT:C131634,DOID:2218
NCIT:C2944,DOID:869
NCIT:C132195,DOID:0080694
NCIT:C26837,DOID:12347
NCIT:C34651,DOID:12318
NCIT:C26955,DOID:10780
NCIT:C172313,DOID:4377
NCIT:C78787,DOID:3326
NCIT:C37261,DOID:3753
NCIT:C84492,DOID:13832
NCIT:C68677,DOID:12531
NCIT:C34854,DOID:3490
NCIT:C39725,DOID:612
NCIT:C4967,DOID:5604
NCIT:C34385,DOID:11156
NCIT:C173793,DOID:10944
NCIT:C87069,DOID:674
NCIT:C84691,DOID:4959
NCIT:C26859,DOID:1532
NCIT:C2938,DOID:6713
NCIT:C3085,DOID:255
NCIT:C84655,DOID:2340
NCIT:C90598,DOID:3209
NCIT:C84692,DOID:4644
NCIT:C177244,DOID:3328
NCIT:C85046,DOID:8465
NCIT:C34666,DOID:1682
NCIT:C61253,DOID:10579
NCIT:C85034,DOID:4479
NCIT:C62591,DOID:9406
NCIT:C41236,DOID:4254
NCIT:C4345,DOID:2226
NCIT:C26845,DOID:14330
NCIT:C26834,DOID:1063
NCIT:C111802,DOID:2729
NCIT:C35321,DOID:1925
NCIT:C3362,DOID:5419
NCIT:C61269,DOID:14504
NCIT:C26788,DOID:3265
NCIT:C84675,DOID:11720
NCIT:C4375,DOID:13317
NCIT:C3126,DOID:9993
NCIT:C84400,DOID:1852
NCIT:C84685,DOID:11726
NCIT:C34820,DOID:1382
NCIT:C3099,DOID:684
NCIT:C4989,DOID:7757
NCIT:C5165,DOID:5823
NCIT:C3510,DOID:8923
NCIT:C84639,DOID:9273
NCIT:C161542,DOID:2367
NCIT:C35337,DOID:2590
NCIT:C2892,DOID:2512
NCIT:C34450,DOID:12169
NCIT:C99027,DOID:4184
NCIT:C101328,DOID:699
NCIT:C26691,DOID:10493
NCIT:C26805,DOID:4677
NCIT:C115993,DOID:3612
NCIT:C26711,DOID:1508
NCIT:C3672,DOID:182
NCIT:C118297,DOID:9470
NCIT:C35442,DOID:272
NCIT:C4131,DOID:5015
NCIT:C4910,DOID:1520
NCIT:C2923,DOID:4926
NCIT:C3483,DOID:1036
NCIT:C40435,DOID:12594
NCIT:C27599,DOID:18
NCIT:C84579,DOID:0110861
NCIT:C84790,DOID:10486
NCIT:C131850,DOID:2855
NCIT:C85045,DOID:10584
NCIT:C97093,DOID:811
NCIT:C3305,DOID:1793
NCIT:C3424,DOID:13515
NCIT:C34449,DOID:11984
NCIT:C78650,DOID:62
NCIT:C2866,DOID:10652
NCIT:C3794,DOID:192
NCIT:C3346,DOID:8893
NCIT:C84739,DOID:3322
NCIT:C120197,DOID:14450
NCIT:C75016,DOID:11725
NCIT:C26323,DOID:74
NCIT:C2926,DOID:3908
NCIT:C84475,DOID:9563
NCIT:C3194,DOID:3382
NCIT:C6496,DOID:0080534
NCIT:C27579,DOID:2959
NCIT:C84820,DOID:14291
NCIT:C171133,DOID:0080600
NCIT:C67107,DOID:0080602
NCIT:C3636,DOID:0080617
NCIT:C8417,DOID:0080619
NCIT:C8936,DOID:0080630
NCIT:C8644,DOID:0080638
NCIT:C80331,DOID:0080643
NCIT:C80342,DOID:0080644
NCIT:C80343,DOID:0080645
NCIT:C80335,DOID:0080646
NCIT:C80338,DOID:0080647
NCIT:C80346,DOID:0080648
NCIT:C80347,DOID:0080649
NCIT:C130039,DOID:0080651
NCIT:C123245,DOID:580
NCIT:C120199,DOID:14449
NCIT:C122660,DOID:0080664
NCIT:C53555,DOID:0080674
NCIT:C129309,DOID:0080684
NCIT:C129440,DOID:0080702
NCIT:C129441,DOID:0080703
NCIT:C129442,DOID:0080704
NCIT:C129443,DOID:0080705
NCIT:C129444,DOID:0080706
NCIT:C129445,DOID:0080707
NCIT:C129446,DOID:0080708
NCIT:C176900,DOID:0080718
NCIT:C129699,DOID:0080771
NCIT:C172823,DOID:0080773
NCIT:C120191,DOID:0080775
NCIT:C45540,DOID:0080777
NCIT:C7224,DOID:0080779
NCIT:C8923,DOID:0080780
NCIT:C4613,DOID:0080781
NCIT:C7972,DOID:0080794
NCIT:C3164,DOID:0080795
NCIT:C122688,DOID:0080796
NCIT:C4684,DOID:0080797
NCIT:C43223,DOID:0080798
NCIT:C54294,DOID:0080799
NCIT:C62193,DOID:0080800
NCIT:C132067,DOID:0080829
NCIT:C4656,DOID:0080842
NCIT:C6971,DOID:0080843
NCIT:C129327,DOID:0080854
NCIT:C185167,DOID:0080875
NCIT:C129291,DOID:0080876
NCIT:C167335,DOID:0080877
NCIT:C39750,DOID:0080878
NCIT:C185371,DOID:0080880
NCIT:C129321,DOID:0080882
NCIT:C186494,DOID:0080888
NCIT:C129351,DOID:0080892
NCIT:C172207,DOID:0080895
NCIT:C45542,DOID:0080899
NCIT:C4915,DOID:0080903
NCIT:C4826,DOID:4164
NCIT:C130234,DOID:0080909
NCIT:C27349,DOID:0080915
NCIT:C7152,DOID:0080916
NCIT:C116936,DOID:0080918
NCIT:C148367,DOID:0080922
NCIT:131302,DOID:0080925
NCIT:C6772,DOID:0080956
NCIT:C129785,DOID:0080976
NCIT:C36081,DOID:0080996
NCIT:C36080,DOID:0080997
NCIT:C125904,DOID:0081004
NCIT:C126357,DOID:0081026
NCIT:C4153,DOID:0081028
NCIT:C82192,DOID:0081036
NCIT:C82203,DOID:0081037
NCIT:C82212,DOID:0081038
NCIT:C4753,DOID:0081041
NCIT:C4752,DOID:0081042
NCIT:C8459,DOID:0081049
NCIT:C45340,DOID:0081050
NCIT:C148395,DOID:0081064
NCIT:C148398,DOID:0081065
NCIT:C148394,DOID:0081066
NCIT:C148396,DOID:0081067
NCIT:C7203,DOID:0081076
NCIT:C82423,DOID:0081080
NCIT:C7463,DOID:0081082
NCIT:C82426,DOID:0081083
NCIT:C8460,DOID:0081085
NCIT:C3249,DOID:0081086
NCIT:C3250,DOID:0081087
NCIT:C82431,DOID:0081089
NCIT:C129782,DOID:0081090
NCIT:C129786,DOID:0081091
NCIT:C7600,DOID:0081092
NCIT:C9288,DOID:0081093
NCIT:C174129,DOID:0081094
NCIT:C82433,DOID:0081095
NCIT:C82427,DOID:0081096
NCIT:C155304,DOID:0081244
NCIT:C5324,DOID:0081245
NCIT:C4289,DOID:0081246
NCIT:C6476,DOID:0081247
NCIT:C6966,DOID:0081248
NCIT:C165671,DOID:0081249
NCIT:C120224,DOID:0081250
NCIT:C92624,DOID:0081251
NCIT:C186350,DOID:0081252
NCIT:C186351,DOID:0081253
NCIT:C186450,DOID:0081254
NCIT:C186451,DOID:0081255
NCIT:C129271,DOID:0081256
NCIT:C129290,DOID:0081257
NCIT:C185218,DOID:0081260
NCIT:C92552,DOID:0081261
NCIT:C185467,DOID:0081277
NCIT:C185471,DOID:0081278
NCIT:C185196,DOID:0081279
NCIT:C94524,DOID:0081280
NCIT:C92554,DOID:0081283
NCIT:C129431,DOID:0081284
NCIT:C179229,DOID:0081285
NCIT:C186534,DOID:0081286
NCIT:C5908,DOID:0081293
NCIT:C129424,DOID:0081302
NCIT:C129427,DOID:0081303
NCIT:C185879,DOID:0081304
NCIT:C180378,DOID:0081305
NCIT:C94537,DOID:0081306
NCIT:C7930,DOID:0081307
NCIT:C7931,DOID:0081308
NCIT:C4342,DOID:0081311
NCIT:C71720,DOID:0081313
NCIT:C92555,DOID:0081314
NCIT:C186556,DOID:0081315
NCIT:C186610,DOID:0081316
NCIT:C84733,DOID:0081329
NCIT:C125694,DOID:0090019
NCIT:C75000,DOID:0090027
NCIT:C155996,DOID:0090028
NCIT:C138171,DOID:0090106
NCIT:C115207,DOID:0090118
NCIT:C142085,DOID:0090123
NCIT:C131084,DOID:0090140
NCIT:C131849,DOID:0090141
NCIT:C129070,DOID:0090142
NCIT:C99003,DOID:0110334
NCIT:C118783,DOID:0110636
NCIT:C126328,DOID:0110827
NCIT:C126329,DOID:0110829
NCIT:C75008,DOID:0110948
NCIT:C84741,DOID:0111049
NCIT:C85213,DOID:0111054
NCIT:C7528,DOID:0111147
NCIT:C125484,DOID:0111148
NCIT:C27855,DOID:0111152
NCIT:C3056,DOID:0111157
NCIT:C116933,DOID:0111169
NCIT:C132826,DOID:0111200
NCIT:C118781,DOID:0111225
NCIT:C3274,DOID:0111252
NCIT:C3273,DOID:0111253
NCIT:C126744,DOID:0111274
NCIT:C98991,DOID:0111277
NCIT:C36075,DOID:0111278
NCIT:C123814,DOID:0111337
NCIT:C175241,DOID:0111358
NCIT:C128806,DOID:0111369
NCIT:C129071,DOID:0111375
NCIT:C122782,DOID:0111389
NCIT:C61261,DOID:0111390
NCIT:C84901,DOID:0111391
NCIT:C84902,DOID:0111392
NCIT:C84899,DOID:0111393
NCIT:C84898,DOID:0111394
NCIT:C84897,DOID:0111395
NCIT:C157148,DOID:0111400
NCIT:C175991,DOID:0111401
NCIT:C84900,DOID:0111402
NCIT:C142804,DOID:0111447
NCIT:C99104,DOID:0111459
NCIT:C125663,DOID:0111474
NCIT:C128191,DOID:0111509
NCIT:C128115,DOID:0111510
NCIT:C176905,DOID:0111511
NCIT:C175209,DOID:0111514
NCIT:C120376,DOID:0111526
NCIT:C98999,DOID:0111531
NCIT:C178416,DOID:0111534
NCIT:C132062,DOID:0111535
NCIT:C125385,DOID:0111537
NCIT:C122790,DOID:0111538
NCIT:C85029,DOID:0111540
NCIT:C118636,DOID:0111561
NCIT:C3391,DOID:0111563
NCIT:C177251,DOID:0111580
NCIT:C132196,DOID:0111583
NCIT:C174217,DOID:0111584
NCIT:C133086,DOID:0111585
NCIT:C129865,DOID:0111595
NCIT:C98931,DOID:0111604
NCIT:C148371,DOID:0111621
NCIT:C128190,DOID:0111633
NCIT:C84562,DOID:14793
NCIT:C98297,DOID:0111669
NCIT:C123212,DOID:0111670
NCIT:C123213,DOID:0111671
NCIT:C123214,DOID:0111672
NCIT:C98946,DOID:0111676
NCIT:C156424,DOID:0111678
NCIT:C75456,DOID:0111687
NCIT:C129021,DOID:0111704
NCIT:C120409,DOID:0111713
NCIT:C124520,DOID:0111716
NCIT:C125390,DOID:0111731
NCIT:C141423,DOID:0111765
NCIT:C134941,DOID:0111767
NCIT:C118845,DOID:0111783
NCIT:C186306,DOID:0111842
NCIT:C4924,DOID:2960
NCIT:C156433,DOID:0111873
NCIT:C35133,DOID:10632
NCIT:C84647,DOID:3635
NCIT:C98967,DOID:10426
NCIT:C84564,DOID:7147
NCIT:C7514,DOID:3116
NCIT:C35497,DOID:10619
NCIT:C85026,DOID:681
NCIT:C98989,DOID:10629
NCIT:C9343,DOID:184
NCIT:C101253,DOID:520
NCIT:C84479,DOID:2452
NCIT:C26760,DOID:9588
NCIT:C27778,DOID:2048
NCIT:C26832,DOID:322
NCIT:C27578,DOID:633
NCIT:C112112,DOID:1526
NCIT:C34831,DOID:820
NCIT:C34375,DOID:12241
NCIT:C27226,DOID:4674
NCIT:C8294,DOID:4074
NCIT:C75018,DOID:2908
NCIT:C3170,DOID:8761
NCIT:C4918,DOID:10811
NCIT:C9336,DOID:4931
NCIT:C28397,DOID:2841
NCIT:C34870,DOID:1561
NCIT:C26810,DOID:786
NCIT:C34863,DOID:5723
NCIT:C2983,DOID:2723
NCIT:C2986,DOID:9744
NCIT:C116757,DOID:480
NCIT:C113352,DOID:5426
NCIT:C9477,DOID:3078
NCIT:C4326,DOID:7154
NCIT:C3875,DOID:5503
NCIT:C6770,DOID:5074
NCIT:C4094,DOID:5662
NCIT:C3359,DOID:3247
NCIT:C4120,DOID:4014
NCIT:C4912,DOID:4007
NCIT:C4324,DOID:7305
NCIT:C5461,DOID:4439
NCIT:C9460,DOID:2962
NCIT:C4863,DOID:10286
NCIT:C9294,DOID:5621
NCIT:C35823,DOID:2529
NCIT:C80427,DOID:4248
NCIT:C84758,DOID:14735
NCIT:C112175,DOID:1558
NCIT:C115203,DOID:7841
NCIT:C95437,DOID:2913
NCIT:C118632,DOID:1935
NCIT:C5214,DOID:3458
NCIT:C4673,DOID:9953
NCIT:C3181,DOID:1039
NCIT:C43263,DOID:9409
NCIT:C84919,DOID:12387
NCIT:C9300,DOID:12603
NCIT:C85041,DOID:2548
NCIT:C84673,DOID:12930
NCIT:C129075,DOID:14791
NCIT:C164315,DOID:3082
NCIT:C85047,DOID:2580
NCIT:C5479,DOID:4847
NCIT:C3403,DOID:3307
NCIT:C3746,DOID:3098
NCIT:C85039,DOID:5453
NCIT:C7173,DOID:4857
NCIT:C7157,DOID:5048
NCIT:C182453,DOID:4990
NCIT:C2937,DOID:3541
NCIT:C5154,DOID:2132
NCIT:C84912,DOID:2106
NCIT:C62569,DOID:4603
NCIT:C3292,DOID:5408
NCIT:C72069,DOID:8472
NCIT:C189005,DOID:440
NCIT:C27301,DOID:7319
NCIT:C9227,DOID:1924
NCIT:C34704,DOID:13810
NCIT:C35194,DOID:8500
NCIT:C34368,DOID:1099
NCIT:C84473,DOID:1882
NCIT:C37864,DOID:6688
NCIT:C131001,DOID:14686
NCIT:C34412,DOID:445
NCIT:C84828,DOID:11724
NCIT:C61257,DOID:14503
NCIT:C75464,DOID:898
NCIT:C74988,DOID:4621
NCIT:C26798,DOID:14213
NCIT:C97074,DOID:12971
NCIT:C26840,DOID:13533
NCIT:C61268,DOID:1926
NCIT:C82892,DOID:2352
NCIT:C2951,DOID:5082
NCIT:C84606,DOID:13945
NCIT:C2902,DOID:1247
NCIT:C84595,DOID:2217
NCIT:C79597,DOID:420
NCIT:C62505,DOID:13636
NCIT:C123200,DOID:12712
NCIT:C37308,DOID:1312
NCIT:C79805,DOID:5200
NCIT:C26812,DOID:110
NCIT:C34515,DOID:11840
NCIT:C84704,DOID:11727
NCIT:C84648,DOID:422
NCIT:C84718,DOID:12705
NCIT:C6727,DOID:8712
NCIT:C5041,DOID:92
NCIT:C84796,DOID:4890
NCIT:C26739,DOID:10003
NCIT:C78350,DOID:11199
NCIT:C61263,DOID:12804
NCIT:C61262,DOID:12801
NCIT:C84646,DOID:1338
NCIT:C98983,DOID:14702
NCIT:C62798,DOID:397
NCIT:C7636,DOID:891
NCIT:C179710,DOID:3535
NCIT:C84723,DOID:9870
NCIT:C3476,DOID:3012
NCIT:C79698,DOID:1891
NCIT:C34381,DOID:2361
NCIT:C26768,DOID:530
NCIT:C123158,DOID:2977
NCIT:C61420,DOID:14447
NCIT:C120198,DOID:14448
NCIT:C110940,DOID:9410
NCIT:C34379,DOID:589
NCIT:C61236,DOID:1339
NCIT:C99026,DOID:2451
NCIT:C99025,DOID:3756
NCIT:C132293,DOID:0111932
NCIT:C126738,DOID:0111933
NCIT:C187988,DOID:0111936
NCIT:C176808,DOID:0111937
NCIT:C126349,DOID:0111947
NCIT:C176703,DOID:0111949
NCIT:C176799,DOID:0111951
NCIT:C126339,DOID:0111953
NCIT:C176630,DOID:0111958
NCIT:C176795,DOID:0111961
NCIT:C123729,DOID:0111967
NCIT:C176800,DOID:0111990
NCIT:C7461,DOID:6255
NCIT:C3329,DOID:3829
NCIT:C176818,DOID:0112128
NCIT:C188996,DOID:0112150
NCIT:C84666,DOID:0112158
NCIT:C113217,DOID:0112308
NCIT:C5265,DOID:10011
NCIT:C3227,DOID:10016
NCIT:C3225,DOID:10017
NCIT:C26764,DOID:1002
NCIT:C3536,DOID:10020
NCIT:C35057,DOID:10027
NCIT:C3889,DOID:1003
NCIT:C34571,DOID:10030
NCIT:C4358,DOID:10040
NCIT:C4227,DOID:10044
NCIT:C4225,DOID:10047
NCIT:C3504,DOID:1005
NCIT:C4633,DOID:10054
NCIT:C4426,DOID:10069
NCIT:C6027,DOID:10070
NCIT:C7742,DOID:10071
NCIT:C84768,DOID:10074
NCIT:C128391,DOID:10075
NCIT:C34520,DOID:10079
NCIT:C35030,DOID:10080
NCIT:C3876,DOID:10087
NCIT:C34734,DOID:10095
NCIT:C84541,DOID:10112
NCIT:C26806,DOID:10126
NCIT:C35113,DOID:10131
NCIT:C34503,DOID:10138
NCIT:C34553,DOID:10140
NCIT:C6451,DOID:10146
NCIT:C4572,DOID:10155
NCIT:C3130,DOID:10156
NCIT:C3307,DOID:146
NCIT:C5063,DOID:10183
NCIT:C4254,DOID:10184
NCIT:C5701,DOID:10187
NCIT:C5750,DOID:10190
NCIT:C3703,DOID:10192
NCIT:C27530,DOID:10193
NCIT:C5101,DOID:10194
NCIT:C6644,DOID:10195
NCIT:C4647,DOID:10199
NCIT:C6719,DOID:10200
NCIT:C5835,DOID:10201
NCIT:C4618,DOID:10203
NCIT:C35419,DOID:10205
NCIT:C3606,DOID:10206
NCIT:C6384,DOID:10207
NCIT:C6503,DOID:10208
NCIT:C5854,DOID:10209
NCIT:C85011,DOID:1022
NCIT:C26744,DOID:10223
NCIT:C94352,DOID:10236
NCIT:C84824,DOID:1024
NCIT:C35069,DOID:10241
NCIT:C35199,DOID:10261
NCIT:C29888,DOID:10264
NCIT:C5536,DOID:10287
NCIT:C5531,DOID:10289
NCIT:C84709,DOID:1029
NCIT:C5533,DOID:10290
NCIT:C114281,DOID:10301
NCIT:C26882,DOID:10303
NCIT:C118298,DOID:10310
NCIT:C26861,DOID:10316
NCIT:C27559,DOID:10319
NCIT:C84573,DOID:10320
NCIT:C34410,DOID:10321
NCIT:C84605,DOID:10323
NCIT:C34389,DOID:10324
NCIT:C3369,DOID:10325
NCIT:C34390,DOID:10327
NCIT:C27026,DOID:10329
NCIT:C35397,DOID:10330
NCIT:C35315,DOID:10331
NCIT:C3378,DOID:10349
NCIT:C8647,DOID:1035
NCIT:C5315,DOID:10350
NCIT:C3660,DOID:10353
NCIT:C3039,DOID:10354
NCIT:C128374,DOID:10361
NCIT:C3558,DOID:10366
NCIT:C39957,DOID:10368
NCIT:C7539,DOID:1037
NCIT:C41353,DOID:10371
NCIT:C118764,DOID:10376
NCIT:C3163,DOID:1040
NCIT:C34354,DOID:10423
NCIT:C50593,DOID:10443
NCIT:C116006,DOID:10456
NCIT:C128339,DOID:10457
NCIT:C34500,DOID:10459
NCIT:C34837,DOID:10460
NCIT:C98912,DOID:10480
NCIT:C87072,DOID:10485
NCIT:C34700,DOID:10487
NCIT:C84784,DOID:10488
NCIT:C3653,DOID:10499
NCIT:C5484,DOID:10536
NCIT:C4636,DOID:10540
NCIT:C27131,DOID:10541
NCIT:C188051,DOID:10544
NCIT:C34813,DOID:10554
NCIT:C84940,DOID:1056
NCIT:C41354,DOID:10567
NCIT:C41352,DOID:10568
NCIT:C26838,DOID:10573
NCIT:C61251,DOID:10581
NCIT:C85043,DOID:10582
NCIT:C61254,DOID:10587
NCIT:C61252,DOID:10588
NCIT:C85021,DOID:10591
NCIT:C26898,DOID:106
NCIT:C84748,DOID:1060
NCIT:C116768,DOID:10600
NCIT:C34646,DOID:10603
NCIT:C3154,DOID:10604
NCIT:C99059,DOID:10605
NCIT:C34431,DOID:10606
NCIT:C45428,DOID:10607
NCIT:C26714,DOID:10608
NCIT:C27056,DOID:10616
NCIT:C129932,DOID:1064
NCIT:C92632,DOID:10646
NCIT:C5493,DOID:10655
NCIT:C5492,DOID:10656
NCIT:C5500,DOID:10657
NCIT:C6628,DOID:10660
NCIT:C6627,DOID:10661
NCIT:C34641,DOID:1067
NCIT:C3515,DOID:10686
NCIT:C3125,DOID:10688
NCIT:C53662,DOID:10690
NCIT:C3661,DOID:10691
NCIT:C84995,DOID:10699
NCIT:C35394,DOID:1070
NCIT:C3121,DOID:1073
NCIT:C4376,DOID:1074
NCIT:C179934,DOID:10744
NCIT:C34885,DOID:10754
NCIT:C123216,DOID:1076
NCIT:C3119,DOID:10762
NCIT:C3117,DOID:10763
NCIT:C78797,DOID:10772
NCIT:C26830,DOID:10782
NCIT:C34817,DOID:10783
NCIT:C80099,DOID:10787
NCIT:C34473,DOID:10790
NCIT:C34626,DOID:10791
NCIT:C34477,DOID:10792
NCIT:C34480,DOID:10793
NCIT:C35031,DOID:10794
NCIT:C34611,DOID:1080
NCIT:C3388,DOID:10808
NCIT:C84882,DOID:1081
NCIT:C7604,DOID:10812
NCIT:C6074,DOID:10813
NCIT:C7889,DOID:10816
NCIT:C94358,DOID:10817
NCIT:C34802,DOID:10823
NCIT:C3118,DOID:10824
NCIT:C3478,DOID:10825
NCIT:C94360,DOID:10834
NCIT:C85227,DOID:10843
NCIT:C34577,DOID:10844
NCIT:C94356,DOID:10849
NCIT:C101362,DOID:1085
NCIT:C3655,DOID:10852
NCIT:C27593,DOID:10865
NCIT:C128439,DOID:10881
NCIT:C40341,DOID:10892
NCIT:C3111,DOID:10908
NCIT:C3656,DOID:10913
NCIT:C2867,DOID:10914
NCIT:C35764,DOID:10915
NCIT:C92633,DOID:10930
NCIT:C92637,DOID:10931
NCIT:C92638,DOID:10932
NCIT:C88411,DOID:10933
NCIT:C94330,DOID:10934
NCIT:C92197,DOID:10935
NCIT:C92631,DOID:10936
NCIT:C92630,DOID:10938
NCIT:C88413,DOID:10939
NCIT:C26833,DOID:10952
NCIT:C128398,DOID:10955
NCIT:C3654,DOID:10964
NCIT:C34781,DOID:10965
NCIT:C34844,DOID:10966
NCIT:C171201,DOID:10972
NCIT:C40120,DOID:10973
NCIT:C34645,DOID:10976
NCIT:C101304,DOID:1098
NCIT:C35116,DOID:10989
NCIT:C84535,DOID:10992
NCIT:C129468,DOID:11029
NCIT:C50508,DOID:11030
NCIT:C26970,DOID:11031
NCIT:C94328,DOID:11037
NCIT:C94331,DOID:11038
NCIT:C84712,DOID:11042
NCIT:C84725,DOID:11044
NCIT:C87093,DOID:11049
NCIT:C5687,DOID:1106
NCIT:C26858,DOID:11060
NCIT:C3513,DOID:1107
NCIT:C84602,DOID:11077
NCIT:C5707,DOID:1108
NCIT:C34970,DOID:11100
NCIT:C26796,DOID:11111
NCIT:C35078,DOID:11119
NCIT:C52595,DOID:11121
NCIT:C34963,DOID:11123
NCIT:C3657,DOID:11130
NCIT:C5341,DOID:1114
NCIT:C34443,DOID:11151
NCIT:C34718,DOID:11155
NCIT:C27043,DOID:11162
NCIT:C118765,DOID:11164
NCIT:C5028,DOID:11165
NCIT:C79552,DOID:11175
NCIT:C34962,DOID:11189
NCIT:C35196,DOID:11190
NCIT:C2989,DOID:11198
NCIT:C78282,DOID:112
NCIT:C26844,DOID:11201
NCIT:C48280,DOID:11202
NCIT:C34353,DOID:11203
NCIT:C34506,DOID:11204
NCIT:C50648,DOID:11212
NCIT:C35704,DOID:11213
NCIT:C34505,DOID:11227
NCIT:C99000,DOID:11234
NCIT:C4434,DOID:11240
NCIT:C5513,DOID:11241
NCIT:C27069,DOID:11242
NCIT:C97167,DOID:11243
NCIT:C111856,DOID:11246
NCIT:C2992,DOID:11247
NCIT:C99108,DOID:11249
NCIT:C34927,DOID:11257
NCIT:C84620,DOID:11258
NCIT:C28182,DOID:11260
NCIT:C34873,DOID:11262
NCIT:C35171,DOID:11277
NCIT:C26853,DOID:1129
NCIT:C2882,DOID:11294
NCIT:C27117,DOID:1130
NCIT:C34457,DOID:11302
NCIT:C62018,DOID:11312
NCIT:C94376,DOID:11328
NCIT:C84544,DOID:11329
NCIT:C34995,DOID:11335
NCIT:C85185,DOID:11338
NCIT:C3334,DOID:11339
NCIT:C82068,DOID:1134
NCIT:C79717,DOID:11343
NCIT:C160155,DOID:11353
NCIT:C34772,DOID:11364
NCIT:C35172,DOID:11367
NCIT:C34810,DOID:11372
NCIT:C128395,DOID:11379
NCIT:C6935,DOID:1138
NCIT:C12326,DOID:11383
NCIT:C92562,DOID:11385
NCIT:C3353,DOID:11394
NCIT:C26868,DOID:11396
NCIT:C5134,DOID:1140
NCIT:C34965,DOID:11400
NCIT:C123038,DOID:11401
NCIT:C26763,DOID:11424
NCIT:C179646,DOID:11427
NCIT:C34601,DOID:1143
NCIT:C27628,DOID:11432
NCIT:C85035,DOID:11459
NCIT:C3546,DOID:11472
NCIT:C87110,DOID:1148
NCIT:C78246,DOID:11481
NCIT:C111644,DOID:11482
NCIT:C28155,DOID:11486
NCIT:C50481,DOID:115
NCIT:C50888,DOID:11502
NCIT:C27068,DOID:11503
NCIT:C27033,DOID:11504
NCIT:C92567,DOID:11507
NCIT:C157879,DOID:11516
NCIT:C79608,DOID:11527
NCIT:C26969,DOID:11543
NCIT:C34357,DOID:11549
NCIT:C27597,DOID:11550
NCIT:C84721,DOID:11555
NCIT:C34955,DOID:1156
NCIT:C3514,DOID:11561
NCIT:C82994,DOID:11573
NCIT:C35436,DOID:11577
NCIT:C84706,DOID:11589
NCIT:C12333,DOID:11593
NCIT:C117312,DOID:11603
NCIT:C26862,DOID:11612
NCIT:C7547,DOID:11615
NCIT:C3317,DOID:11624
NCIT:C85191,DOID:11633
NCIT:C34834,DOID:11634
NCIT:C90599,DOID:11650
NCIT:C34907,DOID:11656
NCIT:C101223,DOID:11665
NCIT:C34861,DOID:11678
NCIT:C27548,DOID:11684
NCIT:C78565,DOID:11695
NCIT:C35645,DOID:1171
NCIT:C34537,DOID:11712
NCIT:C35610,DOID:11713
NCIT:C34942,DOID:11714
NCIT:C122685,DOID:11716
NCIT:C84942,DOID:11719
NCIT:C34711,DOID:1172
NCIT:C118437,DOID:11721
NCIT:C84914,DOID:11722
NCIT:C75482,DOID:11723
NCIT:C45161,DOID:11729
NCIT:C34380,DOID:11759
NCIT:C26975,DOID:11797
NCIT:C3319,DOID:118
NCIT:C34952,DOID:11801
NCIT:C4669,DOID:11812
NCIT:C12337,DOID:11818
NCIT:C7543,DOID:11819
NCIT:C12332,DOID:11820
NCIT:C6164,DOID:11821
NCIT:C113400,DOID:11823
NCIT:C27896,DOID:11824
NCIT:C157149,DOID:11829
NCIT:C102533,DOID:11830
NCIT:C118707,DOID:11831
NCIT:C3980,DOID:11832
NCIT:C84641,DOID:11836
NCIT:C7730,DOID:11838
NCIT:C34845,DOID:1184
NCIT:C85008,DOID:11870
NCIT:C3427,DOID:11885
NCIT:C6161,DOID:11887
NCIT:C6162,DOID:11888
NCIT:C7638,DOID:11905
NCIT:C80512,DOID:11914
NCIT:C34535,DOID:11917
NCIT:C3077,DOID:11934
NCIT:C26802,DOID:11949
NCIT:C27025,DOID:1195
NCIT:C9224,DOID:11963
NCIT:C34858,DOID:11981
NCIT:C75463,DOID:11983
NCIT:C84985,DOID:11991
NCIT:C123259,DOID:11994
NCIT:C26885,DOID:11996
NCIT:C120909,DOID:11997
NCIT:C6248,DOID:12001
NCIT:C6050,DOID:12002
NCIT:C4448,DOID:12003
NCIT:C5122,DOID:1201
NCIT:C5572,DOID:12016
NCIT:C34510,DOID:12028
NCIT:C84989,DOID:12030
NCIT:C101270,DOID:12043
NCIT:C2967,DOID:12053
NCIT:C75488,DOID:1206
NCIT:C6631,DOID:12064
NCIT:C84950,DOID:1210
NCIT:C85037,DOID:12120
NCIT:C92566,DOID:12128
NCIT:C3444,DOID:12132
NCIT:C27146,DOID:12134
NCIT:C34562,DOID:12139
NCIT:C79696,DOID:12143
NCIT:C174114,DOID:12155
NCIT:C37913,DOID:12156
NCIT:C118299,DOID:12157
NCIT:C34919,DOID:12161
NCIT:C34683,DOID:12206
NCIT:C128360,DOID:12211
NCIT:C92839,DOID:12215
NCIT:C84826,DOID:12217
NCIT:C6925,DOID:12239
NCIT:C6810,DOID:12253
NCIT:C26721,DOID:12259
NCIT:C98877,DOID:12270
NCIT:C84563,DOID:12271
NCIT:C34544,DOID:12275
NCIT:C9277,DOID:12286
NCIT:C34682,DOID:12287
NCIT:C35006,DOID:1229
NCIT:C85218,DOID:12297
NCIT:C84787,DOID:12305
NCIT:C26915,DOID:12306
NCIT:C34741,DOID:12308
NCIT:C3433,DOID:12309
NCIT:C94359,DOID:1233
NCIT:C7353,DOID:12339
NCIT:C4832,DOID:12341
NCIT:C7352,DOID:12342
NCIT:C94353,DOID:1235
NCIT:C34352,DOID:12351
NCIT:C3071,DOID:12361
NCIT:C34797,DOID:12365
NCIT:C26710,DOID:12375
NCIT:C118847,DOID:12376
NCIT:C157978,DOID:12385
NCIT:C84583,DOID:12386
NCIT:C84933,DOID:12388
NCIT:C94335,DOID:12399
NCIT:C3161,DOID:1240
NCIT:C94333,DOID:12400
NCIT:C94332,DOID:12401
NCIT:C94334,DOID:12402
NCIT:C7637,DOID:1243
NCIT:C2870,DOID:12449
NCIT:C34889,DOID:12450
NCIT:C113335,DOID:12466
NCIT:C27591,DOID:12491
NCIT:C6373,DOID:125
NCIT:C50732,DOID:12514
NCIT:C128399,DOID:1252
NCIT:C34409,DOID:12522
NCIT:C85183,DOID:12526
NCIT:C3096,DOID:12549
NCIT:C75545,DOID:12554
NCIT:C34749,DOID:12556
NCIT:C84678,DOID:12557
NCIT:C114906,DOID:12573
NCIT:C79804,DOID:12577
NCIT:C34518,DOID:12580
NCIT:C98952,DOID:12638
NCIT:C34966,DOID:12639
NCIT:C98945,DOID:12642
NCIT:C27207,DOID:12657
NCIT:C34891,DOID:12662
NCIT:C34428,DOID:12663
NCIT:C34422,DOID:12667
NCIT:C84918,DOID:12679
NCIT:C129934,DOID:12680
NCIT:C92563,DOID:12685
NCIT:C3276,DOID:12689
NCIT:C3073,DOID:12698
NCIT:C3157,DOID:127
NCIT:C35064,DOID:1270
NCIT:C2887,DOID:12704
NCIT:C84684,DOID:12714
NCIT:C28194,DOID:1272
NCIT:C34459,DOID:12720
NCIT:C3354,DOID:1273
NCIT:C34903,DOID:12731
NCIT:C35110,DOID:12732
NCIT:C3567,DOID:12756
NCIT:C85193,DOID:1278
NCIT:C117004,DOID:12783
NCIT:C61260,DOID:12799
NCIT:C61264,DOID:12800
NCIT:C84903,DOID:12803
NCIT:C50721,DOID:12835
NCIT:C112836,DOID:12837
NCIT:C35805,DOID:12841
NCIT:C116345,DOID:12842
NCIT:C97161,DOID:12849
NCIT:C82342,DOID:12858
NCIT:C9493,DOID:12883
NCIT:C116958,DOID:12889
NCIT:C3949,DOID:12899
NCIT:C34819,DOID:12900
NCIT:C27649,DOID:12904
NCIT:C35070,DOID:12918
NCIT:C98922,DOID:12929
NCIT:C9364,DOID:1293
NCIT:C34585,DOID:12932
NCIT:C84798,DOID:12934
NCIT:C53653,DOID:12935
NCIT:C4866,DOID:1294
NCIT:C85017,DOID:12961
NCIT:C5440,DOID:12969
NCIT:C34800,DOID:12978
NCIT:C5831,DOID:12984
NCIT:C4062,DOID:12986
NCIT:C89329,DOID:12995
NCIT:C95804,DOID:13001
NCIT:C35044,DOID:13002
NCIT:C34590,DOID:13014
NCIT:C34982,DOID:13025
NCIT:C85198,DOID:13027
NCIT:C26705,DOID:13033
NCIT:C128426,DOID:13035
NCIT:C34976,DOID:13036
NCIT:C85006,DOID:13042
NCIT:C114827,DOID:13068
NCIT:C34746,DOID:13072
NCIT:C85505,DOID:13078
NCIT:C8540,DOID:13081
NCIT:C99013,DOID:13088
NCIT:C34436,DOID:13094
NCIT:C34456,DOID:13098
NCIT:C84895,DOID:13099
NCIT:C6178,DOID:13109
NCIT:C39834,DOID:13110
NCIT:C79702,DOID:13117
NCIT:C84750,DOID:13133
NCIT:C98670,DOID:13137
NCIT:C128143,DOID:13139
NCIT:C26909,DOID:13141
NCIT:C3658,DOID:13143
NCIT:C27027,DOID:13146
NCIT:C27107,DOID:13147
NCIT:C26934,DOID:13148
NCIT:C4643,DOID:13159
NCIT:C7361,DOID:13160
NCIT:C84547,DOID:13166
NCIT:C3559,DOID:13169
NCIT:C34811,DOID:13186
NCIT:C34650,DOID:13189
NCIT:C35271,DOID:13195
NCIT:C131437,DOID:13197
NCIT:C35023,DOID:13198
NCIT:C84457,DOID:13207
NCIT:C35668,DOID:13208
NCIT:C3434,DOID:13223
NCIT:C34416,DOID:13241
NCIT:C3241,DOID:13248
NCIT:C35089,DOID:13258
NCIT:C97096,DOID:13268
NCIT:C84759,DOID:13269
NCIT:C84698,DOID:13270
NCIT:C84697,DOID:13271
NCIT:C128419,DOID:1328
NCIT:C40255,DOID:133
NCIT:C34999,DOID:13300
NCIT:C5717,DOID:13313
NCIT:C84316,DOID:13316
NCIT:C50503,DOID:13336
NCIT:C94355,DOID:13351
NCIT:C85170,DOID:13366
NCIT:C84397,DOID:13372
NCIT:C3040,DOID:13374
NCIT:C35065,DOID:13375
NCIT:C34825,DOID:13378
NCIT:C2871,DOID:13381
NCIT:C34382,DOID:13382
NCIT:C9363,DOID:13389
NCIT:C3891,DOID:13399
NCIT:C40250,DOID:134
NCIT:C34974,DOID:1340
NCIT:C34996,DOID:13402
NCIT:C35441,DOID:13403
NCIT:C35589,DOID:13405
NCIT:C34997,DOID:13406
NCIT:C35807,DOID:13407
NCIT:C78528,DOID:13409
NCIT:C79596,DOID:13413
NCIT:C26904,DOID:1343
NCIT:C34638,DOID:13444
NCIT:C84642,DOID:13450
NCIT:C119046,DOID:13452
NCIT:C3545,DOID:13476
NCIT:C3523,DOID:13477
NCIT:C85187,DOID:13481
NCIT:C85032,DOID:13482
NCIT:C97164,DOID:13487
NCIT:C40275,DOID:135
NCIT:C7488,DOID:1350
NCIT:C35075,DOID:13500
NCIT:C84893,DOID:13501
NCIT:C123175,DOID:13507
NCIT:C116814,DOID:13521
NCIT:C34784,DOID:13523
NCIT:C4552,DOID:13538
NCIT:C48259,DOID:13543
NCIT:C34899,DOID:13548
NCIT:C6068,DOID:1355
NCIT:C34639,DOID:13550
NCIT:C113824,DOID:13576
NCIT:C3219,DOID:1358
NCIT:C83006,DOID:13580
NCIT:C87167,DOID:13593
NCIT:C3542,DOID:1360
NCIT:C34742,DOID:13603
NCIT:C34421,DOID:13608
NCIT:C4419,DOID:1361
NCIT:C34420,DOID:13619
NCIT:C6849,DOID:1362
NCIT:C34619,DOID:13620
NCIT:C118750,DOID:13626
NCIT:C34607,DOID:13628
NCIT:C3541,DOID:1363
NCIT:C4416,DOID:1364
NCIT:C129025,DOID:13641
NCIT:C119049,DOID:13677
NCIT:C26936,DOID:13689
NCIT:C4632,DOID:13691
NCIT:C6374,DOID:137
NCIT:C94349,DOID:13709
NCIT:C27250,DOID:1371
NCIT:C85059,DOID:13711
NCIT:C35010,DOID:13724
NCIT:C4262,DOID:1373
NCIT:C5145,DOID:13742
NCIT:C4619,DOID:13743
NCIT:C50552,DOID:13757
NCIT:C35777,DOID:13760
NCIT:C26689,DOID:13774
NCIT:C26913,DOID:13775
NCIT:C126877,DOID:13777
NCIT:C40242,DOID:138
NCIT:C34924,DOID:13801
NCIT:C35637,DOID:13809
NCIT:C84716,DOID:1381
NCIT:C26954,DOID:13814
NCIT:C26822,DOID:13819
NCIT:C35068,DOID:13822
NCIT:C84525,DOID:1386
NCIT:C180994,DOID:13864
NCIT:C94337,DOID:13868
NCIT:C85182,DOID:1388
NCIT:C62244,DOID:13884
NCIT:C26951,DOID:1389
NCIT:C34425,DOID:13891
NCIT:C3712,DOID:139
NCIT:C84813,DOID:1391
NCIT:C118712,DOID:13912
NCIT:C27106,DOID:13921
NCIT:C27105,DOID:13922
NCIT:C34637,DOID:13924
NCIT:C34757,DOID:13929
NCIT:C35342,DOID:1393
NCIT:C26769,DOID:13934
NCIT:C61443,DOID:13938
NCIT:C39294,DOID:1394
NCIT:C79541,DOID:13948
NCIT:C27189,DOID:13949
NCIT:C40164,DOID:13951
NCIT:C40172,DOID:13953
NCIT:C40166,DOID:13956
NCIT:C40168,DOID:13957
NCIT:C40167,DOID:13958
NCIT:C75020,DOID:13994
NCIT:C4007,DOID:13996
NCIT:C26809,DOID:1400
NCIT:C27001,DOID:14004
NCIT:C34782,DOID:14018
NCIT:C80303,DOID:14039
NCIT:C50621,DOID:1406
NCIT:C35443,DOID:14064
NCIT:C35587,DOID:14066
NCIT:C34798,DOID:14067
NCIT:C34426,DOID:14068
NCIT:C128373,DOID:14069
NCIT:C35109,DOID:1407
NCIT:C127161,DOID:14080
NCIT:C7379,DOID:14110
NCIT:C35498,DOID:14115
NCIT:C4392,DOID:14116
NCIT:C84771,DOID:14118
NCIT:C5826,DOID:14125
NCIT:C5601,DOID:14139
NCIT:C4639,DOID:14145
NCIT:C114696,DOID:14146
NCIT:C84744,DOID:1415
NCIT:C5157,DOID:14150
NCIT:C5158,DOID:14151
NCIT:C5152,DOID:14152
NCIT:C116347,DOID:14159
NCIT:C34468,DOID:1417
NCIT:C3791,DOID:14174
NCIT:C3105,DOID:14175
NCIT:C27142,DOID:14176
NCIT:C3822,DOID:14179
NCIT:C26926,DOID:14183
NCIT:C27576,DOID:14203
NCIT:C84672,DOID:14218
NCIT:C28129,DOID:14219
NCIT:C84442,DOID:14221
NCIT:C84938,DOID:14223
NCIT:C35314,DOID:14224
NCIT:C80076,DOID:14227
NCIT:C34860,DOID:14228
NCIT:C128386,DOID:14247
NCIT:C35666,DOID:1425
NCIT:C2993,DOID:14250
NCIT:C27148,DOID:1426
NCIT:C84717,DOID:14261
NCIT:C28137,DOID:14262
NCIT:C84593,DOID:14264
NCIT:C62436,DOID:14265
NCIT:C35336,DOID:14269
NCIT:C35372,DOID:14270
NCIT:C35334,DOID:14271
NCIT:C34916,DOID:14272
NCIT:C85023,DOID:14283
NCIT:C84681,DOID:14289
NCIT:C34565,DOID:14292
NCIT:C34575,DOID:14305
NCIT:C7393,DOID:14308
NCIT:C92622,DOID:14320
NCIT:C34807,DOID:14323
NCIT:C34799,DOID:14324
NCIT:C34898,DOID:14332
NCIT:C113344,DOID:14336
NCIT:C129724,DOID:14350
NCIT:C35827,DOID:14351
NCIT:C98864,DOID:14365
NCIT:C34855,DOID:14374
NCIT:C119028,DOID:1439
NCIT:C84830,DOID:1440
NCIT:C62578,DOID:14400
NCIT:C34766,DOID:14415
NCIT:C84677,DOID:14418
NCIT:C34540,DOID:14422
NCIT:C123429,DOID:14451
NCIT:C84775,DOID:14452
NCIT:C34605,DOID:14453
NCIT:C6245,DOID:14459
NCIT:C4546,DOID:14463
NCIT:C94829,DOID:14464
NCIT:C84747,DOID:14472
NCIT:C85003,DOID:14482
NCIT:C6175,DOID:14489
NCIT:C9356,DOID:14491
NCIT:C2994,DOID:14495
NCIT:C61271,DOID:14497
NCIT:C84829,DOID:14498
NCIT:C84701,DOID:14499
NCIT:C61274,DOID:14500
NCIT:C85070,DOID:14501
NCIT:C3718,DOID:14515
NCIT:C35192,DOID:14522
NCIT:C34983,DOID:14525
NCIT:C5367,DOID:14534
NCIT:C5371,DOID:14535
NCIT:C8955,DOID:14544
NCIT:C39906,DOID:14545
NCIT:C3543,DOID:14546
NCIT:C6066,DOID:14547
NCIT:C84588,DOID:1455
NCIT:C112199,DOID:1456
NCIT:C26866,DOID:14654
NCIT:C85068,DOID:14681
NCIT:C156311,DOID:14687
NCIT:C85071,DOID:14692
NCIT:C114767,DOID:14695
NCIT:C99038,DOID:14699
NCIT:C34796,DOID:1470
NCIT:C85030,DOID:14701
NCIT:C99100,DOID:14705
NCIT:C125696,DOID:14720
NCIT:C75109,DOID:14743
NCIT:C75019,DOID:14748
NCIT:C8965,DOID:1475
NCIT:C98964,DOID:14753
NCIT:C84569,DOID:14755
NCIT:C125699,DOID:14756
NCIT:C125698,DOID:14757
NCIT:C35255,DOID:14761
NCIT:C75034,DOID:14768
NCIT:C61245,DOID:14773
NCIT:C125700,DOID:14775
NCIT:C84947,DOID:14784
NCIT:C125591,DOID:14796
NCIT:C173795,DOID:1483
NCIT:C2975,DOID:1485
NCIT:C3961,DOID:1920
NCIT:C2869,DOID:2355
NCIT:C84785,DOID:9267
NCIT:C89715,DOID:6364
NCIT:C3156,DOID:2598
NCIT:C4962,DOID:3277
NCIT:C4432,DOID:7505
NCIT:C3027,DOID:6050
NCIT:C3372,DOID:3165
NCIT:C35768,DOID:1936
NCIT:C34915,DOID:1787
NCIT:C35204,DOID:9408
NCIT:C26865,DOID:47
NCIT:C34596,DOID:9840
NCIT:C26828,DOID:9471
NCIT:C6943,DOID:5997
NCIT:C27194,DOID:3690
NCIT:C85015,DOID:3482
NCIT:C92950,DOID:7551
NCIT:C34918,DOID:824
NCIT:C50515,DOID:8463
NCIT:C35723,DOID:9561
NCIT:C52593,DOID:216
NCIT:C97141,DOID:971
NCIT:C26695,DOID:3128
NCIT:C4004,DOID:3717
NCIT:C26797,DOID:4195
NCIT:C26716,DOID:2568
NCIT:C5678,DOID:6460
NCIT:C6624,DOID:4691
NCIT:C2878,DOID:2030
NCIT:C35206,DOID:3951
NCIT:C26863,DOID:8432
NCIT:C3092,DOID:2860
NCIT:C34809,DOID:2051
NCIT:C3318,DOID:750
NCIT:C27102,DOID:2163
NCIT:C3789,DOID:369
NCIT:C26941,DOID:3817
NCIT:C3410,DOID:3875
NCIT:C26880,DOID:5733
NCIT:C34578,DOID:639
NCIT:C35012,DOID:9669
NCIT:C26786,DOID:2277
NCIT:C34530,DOID:5330
NCIT:C35119,DOID:9809
NCIT:C3285,DOID:9282
NCIT:C34504,DOID:6195
NCIT:C35197,DOID:2475
NCIT:C16522,DOID:302
NCIT:C118723,DOID:529
NCIT:C26752,DOID:7475
NCIT:C35420,DOID:591
NCIT:C34369,DOID:841
NCIT:C27066,DOID:3646
NCIT:C34964,DOID:2744
NCIT:C3014,DOID:289
NCIT:C99246,DOID:2383
NCIT:C84791,DOID:9428
NCIT:C7484,DOID:2596
NCIT:C78446,DOID:61
NCIT:C89332,DOID:8670
NCIT:C27598,DOID:562
NCIT:C2883,DOID:848
NCIT:C34744,DOID:9368
NCIT:C9006,DOID:6498
NCIT:C4784,DOID:176
NCIT:C27870,DOID:6025
NCIT:C26747,DOID:9352
NCIT:C34879,DOID:8125
NCIT:C172147,DOID:790
NCIT:C3282,DOID:9650
NCIT:C26811,DOID:3437
NCIT:C35275,DOID:5691
NCIT:C34850,DOID:8499
NCIT:C26887,DOID:9637
NCIT:C3269,DOID:3192
NCIT:C41430,DOID:956
NCIT:C99088,DOID:8504
NCIT:C26911,DOID:2170
NCIT:C159658,DOID:9970
NCIT:C26890,DOID:2519
NCIT:C3674,DOID:193
NCIT:C3272,DOID:962
NCIT:C35761,DOID:2092
NCIT:C92200,DOID:3324
NCIT:C27221,DOID:573
NCIT:C26893,DOID:50
NCIT:C34465,DOID:1949
NCIT:C9242,DOID:219
NCIT:C94407,DOID:2965
NCIT:C7472,DOID:4284
NCIT:C84761,DOID:2741
NCIT:C7137,DOID:3663
NCIT:C82978,DOID:2237
NCIT:C122812,DOID:2234
NCIT:C2920,DOID:4159
NCIT:C26874,DOID:5327
NCIT:C34973,DOID:9307
NCIT:C61469,DOID:7997
NCIT:C26733,DOID:5656
NCIT:C171941,DOID:227
NCIT:C2958,DOID:2033
NCIT:C40118,DOID:5731
NCIT:C110923,DOID:8886
NCIT:C34493,DOID:2113
NCIT:C5102,DOID:292
NCIT:C6105,DOID:3479
NCIT:C26748,DOID:9743
NCIT:C26971,DOID:950
NCIT:C34521,DOID:9938
NCIT:C84476,DOID:3407
NCIT:C50781,DOID:224
NCIT:C9295,DOID:3664
NCIT:C3120,DOID:6432
NCIT:C98920,DOID:2034
NCIT:C34978,DOID:8483
NCIT:C34398,DOID:2349
NCIT:C112857,DOID:9667
NCIT:C112183,DOID:9423
NCIT:C79697,DOID:539
NCIT:C6389,DOID:3445
NCIT:C34538,DOID:8947
NCIT:C3418,DOID:9965
NCIT:C27204,DOID:854
NCIT:C84622,DOID:525
NCIT:C50766,DOID:2703
NCIT:C185243,DOID:9849
NCIT:C27594,DOID:1756
NCIT:C34980,DOID:1729
NCIT:C34632,DOID:2326
NCIT:C98933,DOID:2862
NCIT:C79548,DOID:3558
NCIT:C9011,DOID:2658
NCIT:C5451,DOID:6293
NCIT:C128401,DOID:5502
NCIT:C26718,DOID:9446
NCIT:C26687,DOID:3138
NCIT:C3065,DOID:9113
NCIT:C34430,DOID:2456
NCIT:C60989,DOID:437
NCIT:C35799,DOID:4781
NCIT:C35338,DOID:2388
NCIT:C5503,DOID:5772
NCIT:C3801,DOID:5241
NCIT:C2884,DOID:7148
NCIT:C78579,DOID:5749
NCIT:C45692,DOID:3798
NCIT:C26894,DOID:7166
NCIT:C34998,DOID:8295
NCIT:C3086,DOID:483
NCIT:C8993,DOID:4939
NCIT:C3798,DOID:5940
NCIT:C39955,DOID:5639
NCIT:C63743,DOID:3388
NCIT:C92636,DOID:1509
NCIT:C27057,DOID:1513
NCIT:C3491,DOID:1519
NCIT:C9329,DOID:1521
NCIT:C5515,DOID:1522
NCIT:C4793,DOID:1523
NCIT:C6077,DOID:1542
NCIT:C34400,DOID:1556
NCIT:C34501,DOID:1573
NCIT:C20701,DOID:1574
NCIT:C72070,DOID:418
NCIT:C116791,DOID:1580
NCIT:C26895,DOID:1583
NCIT:C138179,DOID:1584
NCIT:C34984,DOID:1586
NCIT:C3991,DOID:1587
NCIT:C85044,DOID:1591
NCIT:C181765,DOID:1607
NCIT:C5193,DOID:1616
NCIT:C40399,DOID:1623
NCIT:C40382,DOID:1625
NCIT:C3863,DOID:1626
NCIT:C36090,DOID:1628
NCIT:C3785,DOID:1627
NCIT:C36083,DOID:3013
NCIT:C40397,DOID:1629
NCIT:C40381,DOID:1637
NCIT:C5144,DOID:1641
NCIT:C40389,DOID:3004
NCIT:C84506,DOID:1657
NCIT:C3717,DOID:166
NCIT:C9344,DOID:1664
NCIT:C35225,DOID:1670
NCIT:C3809,DOID:169
NCIT:C84779,DOID:1700
NCIT:C84778,DOID:1702
NCIT:C35424,DOID:1703
NCIT:C50462,DOID:1712
NCIT:C97041,DOID:172
NCIT:C26755,DOID:1724
NCIT:C35341,DOID:1726
NCIT:C34981,DOID:1727
NCIT:C6796,DOID:173
NCIT:C3398,DOID:2664
NCIT:C128408,DOID:1733
NCIT:C7725,DOID:1738
NCIT:C7419,DOID:174
NCIT:C3792,DOID:3168
NCIT:C4549,DOID:1748
NCIT:C4550,DOID:1751
NCIT:C3030,DOID:2174
NCIT:C50654,DOID:1754
NCIT:C84703,DOID:1757
NCIT:C5827,DOID:1760
NCIT:C5828,DOID:3417
NCIT:C84886,DOID:1761
NCIT:C26818,DOID:9297
NCIT:C2860,DOID:1786
NCIT:C7633,DOID:1789
NCIT:C40022,DOID:1791
NCIT:C5714,DOID:1792
NCIT:C7430,DOID:1795
NCIT:C5715,DOID:1796
NCIT:C3770,DOID:1798
NCIT:C8422,DOID:180
NCIT:C3773,DOID:1800
NCIT:C116381,DOID:1803
NCIT:C85042,DOID:1811
NCIT:C85079,DOID:1824
NCIT:C3023,DOID:1825
NCIT:C70938,DOID:1835
NCIT:C50530,DOID:1837
NCIT:C75486,DOID:1838
NCIT:C34445,DOID:1849
NCIT:C34657,DOID:9977
NCIT:C84630,DOID:1856
NCIT:C34610,DOID:1858
NCIT:C3375,DOID:1863
NCIT:C173930,DOID:1866
NCIT:C121932,DOID:4305
NCIT:C3133,DOID:1875
NCIT:C3347,DOID:1876
NCIT:C3098,DOID:1883
NCIT:C7737,DOID:1901
NCIT:C5576,DOID:1906
NCIT:C4574,DOID:5274
NCIT:C4247,DOID:1907
NCIT:C6379,DOID:1910
NCIT:C3011,DOID:1911
NCIT:C3708,DOID:2994
NCIT:C61255,DOID:1919
NCIT:C34752,DOID:1921
NCIT:C85232,DOID:1928
NCIT:C85176,DOID:1929
NCIT:C34760,DOID:1930
NCIT:C85186,DOID:4662
NCIT:C75462,DOID:1932
NCIT:C75466,DOID:1933
NCIT:C112200,DOID:1943
NCIT:C3867,DOID:1963
NCIT:C40128,DOID:1965
NCIT:C3158,DOID:1967
NCIT:C6511,DOID:4230
NCIT:C40124,DOID:1970
NCIT:C40125,DOID:1973
NCIT:C9474,DOID:1974
NCIT:C6452,DOID:1975
NCIT:C26962,DOID:533
NCIT:C5553,DOID:1988
NCIT:C4640,DOID:1992
NCIT:C5548,DOID:1995
NCIT:C9383,DOID:1996
NCIT:C3055,DOID:200
NCIT:C3275,DOID:2001
NCIT:C175882,DOID:2006
NCIT:C3555,DOID:2021
NCIT:C8893,DOID:2024
NCIT:C4646,DOID:2025
NCIT:C2948,DOID:3594
NCIT:C3029,DOID:203
NCIT:C3097,DOID:2043
NCIT:C27549,DOID:2053
NCIT:C3389,DOID:2055
NCIT:C34444,DOID:2058
NCIT:C5183,DOID:206
NCIT:C40312,DOID:2060
NCIT:C7560,DOID:3896
NCIT:C40311,DOID:2064
NCIT:C3761,DOID:2065
NCIT:C8596,DOID:2066
NCIT:C6434,DOID:2068
NCIT:C6376,DOID:2071
NCIT:C40283,DOID:2072
NCIT:C39611,DOID:2074
NCIT:C40301,DOID:2075
NCIT:C40292,DOID:2076
NCIT:C40302,DOID:2078
NCIT:C4474,DOID:2079
NCIT:C40314,DOID:2080
NCIT:C37930,DOID:2089
NCIT:C40329,DOID:2093
NCIT:C4810,DOID:2095
NCIT:C40317,DOID:2096
NCIT:C4027,DOID:2097
NCIT:C6380,DOID:2098
NCIT:C4052,DOID:2101
NCIT:C4076,DOID:2112
NCIT:C84715,DOID:2120
NCIT:C6284,DOID:2127
NCIT:C6906,DOID:2129
NCIT:C5153,DOID:2133
NCIT:C5567,DOID:2135
NCIT:C3428,DOID:730
NCIT:C5061,DOID:2140
NCIT:C6171,DOID:2142
NCIT:C40444,DOID:2143
NCIT:C3843,DOID:2145
NCIT:C8267,DOID:2146
NCIT:C40021,DOID:2150
NCIT:C40026,DOID:2151
NCIT:C4381,DOID:2152
NCIT:C40443,DOID:2153
NCIT:C4514,DOID:2155
NCIT:C3873,DOID:2156
NCIT:C3031,DOID:2173
NCIT:C34529,DOID:693
NCIT:C98941,DOID:2211
NCIT:C131631,DOID:2215
NCIT:C98938,DOID:2216
NCIT:C61249,DOID:2219
NCIT:C131632,DOID:2222
NCIT:C3407,DOID:2224
NCIT:C7066,DOID:2225
NCIT:C35530,DOID:2228
NCIT:C84705,DOID:2229
NCIT:C34413,DOID:223
NCIT:C131740,DOID:2231
NCIT:C26799,DOID:2235
NCIT:C98130,DOID:2236
NCIT:C27015,DOID:2239
NCIT:C2914,DOID:2272
NCIT:C35131,DOID:2273
NCIT:C128429,DOID:2280
NCIT:C112190,DOID:2282
NCIT:C27012,DOID:2283
NCIT:C27509,DOID:2286
NCIT:C84825,DOID:2297
NCIT:C129933,DOID:230
NCIT:C35034,DOID:2300
NCIT:C171147,DOID:2312
NCIT:C27184,DOID:2327
NCIT:C26780,DOID:4029
NCIT:C35178,DOID:2338
NCIT:C84653,DOID:2339
NCIT:C4349,DOID:234
NCIT:C35885,DOID:2344
NCIT:C35767,DOID:2347
NCIT:C35882,DOID:2373
NCIT:C34527,DOID:3213
NCIT:C165675,DOID:2378
NCIT:C84799,DOID:2382
NCIT:C39860,DOID:2392
NCIT:C5617,DOID:2410
NCIT:C3474,DOID:2411
NCIT:C4481,DOID:2425
NCIT:C6934,DOID:2426
NCIT:C4491,DOID:2430
NCIT:C3060,DOID:2431
NCIT:C7076,DOID:3850
NCIT:C4463,DOID:2433
NCIT:C6750,DOID:2435
NCIT:C4222,DOID:2436
NCIT:C6529,DOID:5238
NCIT:C4475,DOID:2438
NCIT:C6067,DOID:2441
NCIT:C84533,DOID:2449
NCIT:C118859,DOID:2450
NCIT:C34507,DOID:2457
NCIT:C35616,DOID:2458
NCIT:C34508,DOID:2474
NCIT:C50687,DOID:607
NCIT:C3501,DOID:2491
NCIT:C84724,DOID:2493
NCIT:C4390,DOID:2495
NCIT:C84802,DOID:2510
NCIT:C4914,DOID:3451
NCIT:C5432,DOID:2516
NCIT:C3633,DOID:2517
NCIT:C97145,DOID:2518
NCIT:C2919,DOID:2526
NCIT:C38012,DOID:576
NCIT:C35347,DOID:2530
NCIT:C84636,DOID:5213
NCIT:C84806,DOID:2538
NCIT:C3635,DOID:254
NCIT:C7760,DOID:2544
NCIT:C4687,DOID:2550
NCIT:C34653,DOID:2555
NCIT:C157268,DOID:2556
NCIT:C8541,DOID:256
NCIT:C34913,DOID:2562
NCIT:C34793,DOID:2565
NCIT:C3106,DOID:3405
NCIT:C84526,DOID:2582
NCIT:C3544,DOID:2595
NCIT:C4425,DOID:2597
NCIT:C4923,DOID:2599
NCIT:C4855,DOID:2600
NCIT:C4302,DOID:2601
NCIT:C3726,DOID:2609
NCIT:C4181,DOID:2614
NCIT:C4527,DOID:262
NCIT:C5112,DOID:2621
NCIT:C4182,DOID:2632
NCIT:C2853,DOID:3112
NCIT:C2972,DOID:2634
NCIT:C39954,DOID:2636
NCIT:C4272,DOID:2639
NCIT:C3087,DOID:264
NCIT:C7468,DOID:2640
NCIT:C8113,DOID:2641
NCIT:C7286,DOID:5207
NCIT:C38150,DOID:2643
NCIT:C3234,DOID:2645
NCIT:C3734,DOID:3314
NCIT:C6581,DOID:2647
NCIT:C4174,DOID:2648
NCIT:C3363,DOID:5759
NCIT:C2945,DOID:2649
NCIT:C4564,DOID:265
NCIT:C4457,DOID:2653
NCIT:C4271,DOID:2656
NCIT:C9014,DOID:2660
NCIT:C40392,DOID:2661
NCIT:C4267,DOID:2667
NCIT:C3233,DOID:2668
NCIT:C4328,DOID:2669
NCIT:C4115,DOID:2670
NCIT:C7504,DOID:2673
NCIT:C9505,DOID:2679
NCIT:C4438,DOID:268
NCIT:C6582,DOID:2685
NCIT:C5585,DOID:2687
NCIT:C4882,DOID:2691
NCIT:C4063,DOID:461
NCIT:C8383,DOID:2697
NCIT:C39812,DOID:2698
NCIT:C4437,DOID:270
NCIT:C8978,DOID:2700
NCIT:C3401,DOID:2702
NCIT:C6535,DOID:2704
NCIT:C6531,DOID:2706
NCIT:C4090,DOID:2705
NCIT:C3869,DOID:271
NCIT:C26852,DOID:2712
NCIT:C2903,DOID:2717
NCIT:C7457,DOID:2725
NCIT:C67383,DOID:2730
NCIT:C3335,DOID:2732
NCIT:C35163,DOID:2733
NCIT:C84665,DOID:2734
NCIT:C85036,DOID:2738
NCIT:C84729,DOID:2739
NCIT:C92635,DOID:2745
NCIT:C84738,DOID:2746
NCIT:C84736,DOID:2748
NCIT:C5481,DOID:275
NCIT:C84737,DOID:2750
NCIT:C84734,DOID:2752
NCIT:C126875,DOID:2754
NCIT:C36197,DOID:2755
NCIT:C6065,DOID:2763
NCIT:C6238,DOID:2764
NCIT:C6237,DOID:2766
NCIT:C116767,DOID:2768
NCIT:C4868,DOID:277
NCIT:C111886,DOID:2770
NCIT:C27151,DOID:2772
NCIT:C26743,DOID:2773
NCIT:C7644,DOID:2776
NCIT:C4877,DOID:2780
NCIT:C7421,DOID:2781
NCIT:C7420,DOID:2782
NCIT:C4860,DOID:2784
NCIT:C75012,DOID:2785
NCIT:C34838,DOID:2790
NCIT:C62580,DOID:2799
NCIT:C35806,DOID:2800
NCIT:C35717,DOID:2801
NCIT:C4539,DOID:2814
NCIT:C3000,DOID:833
NCIT:C6995,DOID:2816
NCIT:C6994,DOID:2817
NCIT:C35578,DOID:2828
NCIT:C27310,DOID:2833
NCIT:C27178,DOID:2834
NCIT:C27312,DOID:2835
NCIT:C27174,DOID:2838
NCIT:C35434,DOID:2839
NCIT:C84793,DOID:2842
NCIT:C73511,DOID:2846
NCIT:C7402,DOID:285
NCIT:C113170,DOID:2856
NCIT:C34675,DOID:2859
NCIT:C7558,DOID:2871
NCIT:C4044,DOID:2876
NCIT:C6020,DOID:2877
NCIT:C4795,DOID:2883
NCIT:C5544,DOID:2887
NCIT:C3502,DOID:2891
NCIT:C7453,DOID:2892
NCIT:C9039,DOID:2893
NCIT:C84740,DOID:2907
NCIT:C3306,DOID:4989
NCIT:C26736,DOID:2917
NCIT:C34644,DOID:2920
NCIT:C84801,DOID:2926
NCIT:C34849,DOID:2929
NCIT:C6129,DOID:293
NCIT:C2941,DOID:2935
NCIT:C39658,DOID:2942
NCIT:C85064,DOID:2945
NCIT:C6079,DOID:295
NCIT:C34824,DOID:2951
NCIT:C26899,DOID:2957
NCIT:C6804,DOID:296
NCIT:C4397,DOID:297
NCIT:C4541,DOID:298
NCIT:C114699,DOID:2983
NCIT:C34643,DOID:2986
NCIT:C84707,DOID:2987
NCIT:C61283,DOID:2988
NCIT:C5545,DOID:2992
NCIT:C5241,DOID:2996
NCIT:C7113,DOID:3001
NCIT:C5237,DOID:3002
NCIT:C5212,DOID:3003
NCIT:C5169,DOID:3009
NCIT:C27939,DOID:3010
NCIT:C40400,DOID:3011
NCIT:C4670,DOID:3017
NCIT:C5596,DOID:3024
NCIT:C3768,DOID:3025
NCIT:C7966,DOID:3029
NCIT:C38760,DOID:3038
NCIT:C5543,DOID:3039
NCIT:C34481,DOID:3049
NCIT:C3796,DOID:3071
NCIT:C4642,DOID:3073
NCIT:C4325,DOID:3074
NCIT:C7049,DOID:3076
NCIT:C9022,DOID:3079
NCIT:C3724,DOID:3081
NCIT:C3199,DOID:3083
NCIT:C27162,DOID:3089
NCIT:C84889,DOID:310
NCIT:C85188,DOID:3103
NCIT:C84780,DOID:3109
NCIT:C3777,DOID:3110
NCIT:C2971,DOID:3111
NCIT:C2927,DOID:3113
NCIT:C3778,DOID:3114
NCIT:C3959,DOID:3118
NCIT:C7130,DOID:3120
NCIT:C38011,DOID:3127
NCIT:C27725,DOID:3132
NCIT:C3402,DOID:314
NCIT:C85057,DOID:3140
NCIT:C34710,DOID:3145
NCIT:C3146,DOID:3149
NCIT:C8964,DOID:315
NCIT:C4819,DOID:3151
NCIT:C7582,DOID:3156
NCIT:C4237,DOID:3162
NCIT:C3185,DOID:3166
NCIT:C79951,DOID:3172
NCIT:C40112,DOID:3173
NCIT:C4101,DOID:3177
NCIT:C4614,DOID:3178
NCIT:C3793,DOID:3179
NCIT:C85027,DOID:318
NCIT:C4045,DOID:3183
NCIT:C4535,DOID:3184
NCIT:C4534,DOID:3185
NCIT:C4724,DOID:3196
NCIT:C5434,DOID:3197
NCIT:C5830,DOID:3198
NCIT:C5413,DOID:3199
NCIT:C5414,DOID:3200
NCIT:C5421,DOID:3201
NCIT:C4655,DOID:3202
NCIT:C5321,DOID:3203
NCIT:C6557,DOID:3204
NCIT:C6970,DOID:3205
NCIT:C6969,DOID:3206
NCIT:C179058,DOID:321
NCIT:C75487,DOID:3210
NCIT:C5787,DOID:3216
NCIT:C8401,DOID:3218
NCIT:C121572,DOID:3222
NCIT:C78646,DOID:3227
NCIT:C9301,DOID:3234
NCIT:C4258,DOID:3250
NCIT:C5525,DOID:3251
NCIT:C5522,DOID:3252
NCIT:C5847,DOID:3253
NCIT:C5860,DOID:3254
NCIT:C9150,DOID:3255
NCIT:C6246,DOID:3258
NCIT:C4543,DOID:3259
NCIT:C6519,DOID:3260
NCIT:C85009,DOID:3263
NCIT:C4512,DOID:3267
NCIT:C4060,DOID:3269
NCIT:C85179,DOID:327
NCIT:C8365,DOID:3274
NCIT:C3411,DOID:3275
NCIT:C7386,DOID:3278
NCIT:C6454,DOID:3279
NCIT:C6885,DOID:3280
NCIT:C7114,DOID:3282
NCIT:C6453,DOID:3283
NCIT:C7569,DOID:3284
NCIT:C128421,DOID:3292
NCIT:C3754,DOID:3301
NCIT:C2947,DOID:3302
NCIT:C7063,DOID:3303
NCIT:C3756,DOID:3305
NCIT:C111963,DOID:3309
NCIT:C27485,DOID:3317
NCIT:C38151,DOID:3318
NCIT:C38153,DOID:3319
NCIT:C85184,DOID:3320
NCIT:C85052,DOID:3323
NCIT:C50847,DOID:3327
NCIT:C92634,DOID:334
NCIT:C34875,DOID:3341
NCIT:C61267,DOID:3343
NCIT:C9145,DOID:3347
NCIT:C6479,DOID:3351
NCIT:C8563,DOID:3352
NCIT:C7780,DOID:3356
NCIT:C8810,DOID:3357
NCIT:C6470,DOID:3360
NCIT:C6585,DOID:3361
NCIT:C168176,DOID:3362
NCIT:C7154,DOID:3367
NCIT:C5829,DOID:337
NCIT:C4021,DOID:3372
NCIT:C8969,DOID:3373
NCIT:C7134,DOID:3374
NCIT:C53707,DOID:3376
NCIT:C4023,DOID:3377
NCIT:C38157,DOID:3379
NCIT:C7598,DOID:3381
NCIT:C116973,DOID:3385
NCIT:C84992,DOID:3389
NCIT:C26953,DOID:339
NCIT:C3988,DOID:3401
NCIT:C84548,DOID:3413
NCIT:C4801,DOID:3419
NCIT:C5825,DOID:3421
NCIT:C27575,DOID:3428
NCIT:C84786,DOID:3429
NCIT:C27199,DOID:3431
NCIT:C27305,DOID:3436
NCIT:C7073,DOID:3443
NCIT:C7728,DOID:3444
NCIT:C5598,DOID:3446
NCIT:C5600,DOID:3447
NCIT:C27817,DOID:3448
NCIT:C9061,DOID:3449
NCIT:C3302,DOID:3450
NCIT:C34840,DOID:3486
NCIT:C9235,DOID:349
NCIT:C84892,DOID:3492
NCIT:C3774,DOID:3493
NCIT:C5776,DOID:3494
NCIT:C7975,DOID:3495
NCIT:C5720,DOID:3497
NCIT:C9120,DOID:3498
NCIT:C5745,DOID:3499
NCIT:C84269,DOID:350
NCIT:C9166,DOID:3500
NCIT:C6656,DOID:3501
NCIT:C6650,DOID:3502
NCIT:C5175,DOID:3503
NCIT:C5535,DOID:3504
NCIT:C7809,DOID:3516
NCIT:C9429,DOID:3517
NCIT:C8088,DOID:3520
NCIT:C84807,DOID:3522
NCIT:C50486,DOID:3526
NCIT:C83010,DOID:3529
NCIT:C84804,DOID:3534
NCIT:C3473,DOID:3540
NCIT:C8568,DOID:3542
NCIT:C53686,DOID:3544
NCIT:C42080,DOID:3545
NCIT:C9348,DOID:355
NCIT:C85175,DOID:3557
NCIT:C3345,DOID:3559
NCIT:C39976,DOID:3577
NCIT:C39985,DOID:3578
NCIT:C39911,DOID:3579
NCIT:C6900,DOID:3593
NCIT:C3757,DOID:3596
NCIT:C27961,DOID:3602
NCIT:C3776,DOID:3603
NCIT:C4026,DOID:3604
NCIT:C5228,DOID:3605
NCIT:C5243,DOID:3606
NCIT:C5511,DOID:3607
NCIT:C7718,DOID:3608
NCIT:C40354,DOID:3609
NCIT:C27623,DOID:361
NCIT:C9131,DOID:3610
NCIT:C84611,DOID:3613
NCIT:C75479,DOID:3614
NCIT:C7449,DOID:3615
NCIT:C3733,DOID:3616
NCIT:C5424,DOID:3617
NCIT:C3019,DOID:3618
NCIT:C84596,DOID:3633
NCIT:C9234,DOID:3637
NCIT:C5428,DOID:3639
NCIT:C5441,DOID:3640
NCIT:C5443,DOID:3641
NCIT:C84686,DOID:3642
NCIT:C4944,DOID:3643
NCIT:C3129,DOID:3644
NCIT:C103968,DOID:3649
NCIT:C98969,DOID:3650
NCIT:C85040,DOID:3651
NCIT:C84814,DOID:3652
NCIT:C85067,DOID:3659
NCIT:C3218,DOID:3665
NCIT:C7138,DOID:3666
NCIT:C27210,DOID:367
NCIT:C3808,DOID:3672
NCIT:C8715,DOID:3674
NCIT:C6563,DOID:3675
NCIT:C3200,DOID:3683
NCIT:C84885,DOID:3687
NCIT:C27744,DOID:3688
NCIT:C84600,DOID:3689
NCIT:C5606,DOID:3691
NCIT:C7471,DOID:3692
NCIT:C27416,DOID:3693
NCIT:C5846,DOID:3698
NCIT:C40137,DOID:3699
NCIT:C4768,DOID:370
NCIT:C40135,DOID:3700
NCIT:C36095,DOID:3701
NCIT:C4029,DOID:3702
NCIT:C5537,DOID:3703
NCIT:C40103,DOID:3704
NCIT:C40109,DOID:3705
NCIT:C6265,DOID:3706
NCIT:C40144,DOID:3707
NCIT:C7973,DOID:3709
NCIT:C39837,DOID:3710
NCIT:C4032,DOID:3711
NCIT:C7700,DOID:3713
NCIT:C5248,DOID:3716
NCIT:C4002,DOID:3720
NCIT:C9349,DOID:3721
NCIT:C7812,DOID:3722
NCIT:C6711,DOID:3723
NCIT:C3781,DOID:3737
NCIT:C26836,DOID:374
NCIT:C6383,DOID:3740
NCIT:C39832,DOID:3741
NCIT:C4031,DOID:3742
NCIT:C40190,DOID:3743
NCIT:C4028,DOID:3744
NCIT:C27420,DOID:3747
NCIT:C4024,DOID:3748
NCIT:C39874,DOID:3749
NCIT:C6165,DOID:3750
NCIT:C6811,DOID:3751
NCIT:C8188,DOID:3752
NCIT:C98815,DOID:3755
NCIT:C45909,DOID:3763
NCIT:C84668,DOID:3764
NCIT:C34775,DOID:3766
NCIT:C5273,DOID:3772
NCIT:C5592,DOID:3774
NCIT:C3470,DOID:3777
NCIT:C34388,DOID:3781
NCIT:C84643,DOID:3783
NCIT:C26972,DOID:379
NCIT:C85019,DOID:3805
NCIT:C5310,DOID:3809
NCIT:C7001,DOID:3813
NCIT:C9482,DOID:3814
NCIT:C27335,DOID:3816
NCIT:C34687,DOID:3827
NCIT:C2857,DOID:3828
NCIT:C35132,DOID:384
NCIT:C2964,DOID:3840
NCIT:C4676,DOID:3842
NCIT:C4726,DOID:3846
NCIT:C4725,DOID:3847
NCIT:C39908,DOID:3855
NCIT:C6904,DOID:3857
NCIT:C5401,DOID:3860
NCIT:C3706,DOID:3861
NCIT:C4011,DOID:3864
NCIT:C5411,DOID:3865
NCIT:C9497,DOID:3868
NCIT:C3997,DOID:3869
NCIT:C5961,DOID:3870
NCIT:C5407,DOID:3873
NCIT:C84536,DOID:3890
NCIT:C3760,DOID:3893
NCIT:C4168,DOID:3895
NCIT:C35875,DOID:3904
NCIT:C3493,DOID:3907
NCIT:C34951,DOID:3911
NCIT:C5712,DOID:3917
NCIT:C4374,DOID:3918
NCIT:C41248,DOID:3919
NCIT:C6504,DOID:3923
NCIT:C27487,DOID:3925
NCIT:C27488,DOID:3926
NCIT:C27486,DOID:3927
NCIT:C84540,DOID:3928
NCIT:C4501,DOID:3939
NCIT:C113210,DOID:3946
NCIT:C113208,DOID:3947
NCIT:C9325,DOID:3948
NCIT:C27044,DOID:396
NCIT:C8054,DOID:3962
NCIT:C46095,DOID:3964
NCIT:C4068,DOID:3965
NCIT:C7380,DOID:3968
NCIT:C4035,DOID:3969
NCIT:C8967,DOID:3981
NCIT:C40297,DOID:3998
NCIT:C9055,DOID:3999
NCIT:C5240,DOID:4000
NCIT:C54287,DOID:4003
NCIT:C40154,DOID:4005
NCIT:C39851,DOID:4006
NCIT:C40104,DOID:4008
NCIT:C128415,DOID:401
NCIT:C4122,DOID:4012
NCIT:C6166,DOID:4013
NCIT:C27004,DOID:4015
NCIT:C123159,DOID:4022
NCIT:C3190,DOID:4023
NCIT:C2928,DOID:4024
NCIT:C3926,DOID:4028
NCIT:C27052,DOID:4030
NCIT:C35330,DOID:4031
NCIT:C27340,DOID:4033
NCIT:C27342,DOID:4034
NCIT:C27051,DOID:4035
NCIT:C27329,DOID:4037
NCIT:C27348,DOID:4038
NCIT:C6516,DOID:4043
NCIT:C6514,DOID:4044
NCIT:C5834,DOID:4047
NCIT:C5464,DOID:4048
NCIT:C6617,DOID:4049
NCIT:C6606,DOID:4050
NCIT:C5627,DOID:4053
NCIT:C7731,DOID:4054
NCIT:C4716,DOID:4055
NCIT:C5839,DOID:4057
NCIT:C5736,DOID:4058
NCIT:C5236,DOID:4059
NCIT:C5190,DOID:4060
NCIT:C6378,DOID:4061
NCIT:C6359,DOID:4062
NCIT:C5029,DOID:4064
NCIT:C5610,DOID:4066
NCIT:C5611,DOID:4067
NCIT:C3874,DOID:4073
NCIT:C4130,DOID:4075
NCIT:C50783,DOID:4078
NCIT:C50842,DOID:4080
NCIT:C39934,DOID:4084
NCIT:C3422,DOID:4085
NCIT:C9313,DOID:4086
NCIT:C39915,DOID:4087
NCIT:C40229,DOID:4111
NCIT:C6336,DOID:4113
NCIT:C6311,DOID:4114
NCIT:C7317,DOID:4115
NCIT:C40277,DOID:4117
NCIT:C5697,DOID:4118
NCIT:C5695,DOID:4119
NCIT:C3255,DOID:4136
NCIT:C6778,DOID:4141
NCIT:C36207,DOID:4147
NCIT:C27721,DOID:4148
NCIT:C5453,DOID:4151
NCIT:C6902,DOID:4152
NCIT:C84667,DOID:4154
NCIT:C128413,DOID:4157
NCIT:C42048,DOID:4160
NCIT:C3790,DOID:4163
NCIT:C113150,DOID:4175
NCIT:C129722,DOID:4183
NCIT:C97166,DOID:4188
NCIT:C26746,DOID:419
NCIT:C27595,DOID:4196
NCIT:C27596,DOID:4201
NCIT:C8501,DOID:4202
NCIT:C5969,DOID:4206
NCIT:C5802,DOID:4207
NCIT:C5295,DOID:4209
NCIT:C4722,DOID:4210
NCIT:C6775,DOID:4211
NCIT:C4270,DOID:4217
NCIT:C8973,DOID:4226
NCIT:C40219,DOID:4227
NCIT:C35765,DOID:4231
NCIT:C27293,DOID:4232
NCIT:C27005,DOID:4235
NCIT:C4525,DOID:4242
NCIT:C84727,DOID:4249
NCIT:C84545,DOID:4252
NCIT:C84887,DOID:4253
NCIT:C84645,DOID:4257
NCIT:C85010,DOID:4258
NCIT:C3747,DOID:4265
NCIT:C5355,DOID:4266
NCIT:C84891,DOID:4271
NCIT:C39961,DOID:4277
NCIT:C6386,DOID:4278
NCIT:C62282,DOID:4280
NCIT:C7473,DOID:4283
NCIT:C4346,DOID:4286
NCIT:C6082,DOID:4287
NCIT:C6081,DOID:4288
NCIT:C84743,DOID:429
NCIT:C7585,DOID:4290
NCIT:C4109,DOID:4291
NCIT:C27182,DOID:4292
NCIT:C27536,DOID:4293
NCIT:C27535,DOID:4294
NCIT:C27538,DOID:4295
NCIT:C85056,DOID:4297
NCIT:C4108,DOID:4300
NCIT:C6381,DOID:4301
NCIT:C38111,DOID:4303
NCIT:C38110,DOID:4304
NCIT:C34934,DOID:4307
NCIT:C3751,DOID:4310
NCIT:C84690,DOID:4313
NCIT:C27518,DOID:4321
NCIT:C4468,DOID:4322
NCIT:C27516,DOID:4323
NCIT:C27517,DOID:4324
NCIT:C36171,DOID:4325
NCIT:C84883,DOID:4327
NCIT:C53972,DOID:4329
NCIT:C62545,DOID:4331
NCIT:C7297,DOID:4334
NCIT:C35072,DOID:4336
NCIT:C85219,DOID:4346
NCIT:C78442,DOID:4347
NCIT:C35775,DOID:4353
NCIT:C3802,DOID:4359
NCIT:C4236,DOID:4360
NCIT:C8410,DOID:4364
NCIT:C123231,DOID:4367
NCIT:C175521,DOID:4379
NCIT:C6247,DOID:4384
NCIT:C4102,DOID:4385
NCIT:C8776,DOID:4388
NCIT:C27471,DOID:4389
NCIT:C3356,DOID:4394
NCIT:C3505,DOID:4397
NCIT:C34888,DOID:4398
NCIT:C35277,DOID:4399
NCIT:C2984,DOID:4400
NCIT:C34859,DOID:4404
NCIT:C27037,DOID:4406
NCIT:C4816,DOID:4407
NCIT:C94408,DOID:4409
NCIT:C40239,DOID:4413
NCIT:C3739,DOID:4415
NCIT:C6492,DOID:4419
NCIT:C40035,DOID:4422
NCIT:C85062,DOID:4423
NCIT:C3451,DOID:4424
NCIT:C96410,DOID:4428
NCIT:C3379,DOID:4430
NCIT:C95595,DOID:4432
NCIT:C28396,DOID:4433
NCIT:C5803,DOID:4434
NCIT:C5268,DOID:4435
NCIT:C5286,DOID:4436
NCIT:C5272,DOID:4437
NCIT:C7009,DOID:4438
NCIT:C9309,DOID:5842
NCIT:C40225,DOID:4442
NCIT:C34794,DOID:4447
NCIT:C35468,DOID:4449
NCIT:C9385,DOID:4450
NCIT:C9384,DOID:4451
NCIT:C6568,DOID:4454
NCIT:C4524,DOID:4463
NCIT:C6194,DOID:4464
NCIT:C4033,DOID:4467
NCIT:C4146,DOID:4471
NCIT:C39807,DOID:4472
NCIT:C27893,DOID:4473
NCIT:C34345,DOID:4480
NCIT:C34987,DOID:4481
NCIT:C34986,DOID:4483
NCIT:C4282,DOID:4486
NCIT:C45655,DOID:4488
NCIT:C7985,DOID:4489
NCIT:C34939,DOID:4500
NCIT:C5450,DOID:4504
NCIT:C9174,DOID:4505
NCIT:C5376,DOID:4510
NCIT:C5184,DOID:4511
NCIT:C9426,DOID:4512
NCIT:C5840,DOID:4513
NCIT:C6043,DOID:4514
NCIT:C6041,DOID:4515
NCIT:C4489,DOID:4517
NCIT:C35691,DOID:452
NCIT:C40220,DOID:4520
NCIT:C40218,DOID:4521
NCIT:C5378,DOID:4522
NCIT:C5528,DOID:4524
NCIT:C6613,DOID:4525
NCIT:C5232,DOID:4527
NCIT:C84746,DOID:4534
NCIT:C34386,DOID:4541
NCIT:C2856,DOID:4542
NCIT:C34372,DOID:4543
NCIT:C3737,DOID:4545
NCIT:C27374,DOID:4546
NCIT:C27375,DOID:4547
NCIT:C27481,DOID:4548
NCIT:C27502,DOID:4549
NCIT:C2877,DOID:4551
NCIT:C3780,DOID:4552
NCIT:C6461,DOID:4553
NCIT:C7612,DOID:4554
NCIT:C5238,DOID:4555
NCIT:C128392,DOID:456
NCIT:C27625,DOID:4560
NCIT:C27626,DOID:4561
NCIT:C34583,DOID:4562
NCIT:C4719,DOID:4584
NCIT:C5301,DOID:4586
NCIT:C4055,DOID:4587
NCIT:C4718,DOID:4588
NCIT:C4720,DOID:4591
NCIT:C8264,DOID:4593
NCIT:C4721,DOID:4594
NCIT:C3213,DOID:4624
NCIT:C98949,DOID:4626
NCIT:C8194,DOID:4633
NCIT:C27016,DOID:4636
NCIT:C26937,DOID:4637
NCIT:C27332,DOID:4638
NCIT:C27135,DOID:4639
NCIT:C27333,DOID:4640
NCIT:C8495,DOID:4648
NCIT:C8713,DOID:4650
NCIT:C8714,DOID:4651
NCIT:C7846,DOID:4653
NCIT:C7848,DOID:4656
NCIT:C9303,DOID:4658
NCIT:C7136,DOID:4659
NCIT:C9286,DOID:4660
NCIT:C4296,DOID:467
NCIT:C27055,DOID:4675
NCIT:C6457,DOID:4678
NCIT:C5166,DOID:4679
NCIT:C3699,DOID:468
NCIT:C5164,DOID:4680
NCIT:C5862,DOID:4681
NCIT:C3860,DOID:4682
NCIT:C4472,DOID:4683
NCIT:C6091,DOID:4685
NCIT:C5343,DOID:4686
NCIT:C38762,DOID:4687
NCIT:C9463,DOID:4688
NCIT:C6555,DOID:469
NCIT:C5429,DOID:4690
NCIT:C34586,DOID:4692
NCIT:C5822,DOID:4693
NCIT:C6911,DOID:4696
NCIT:C5119,DOID:4698
NCIT:C5347,DOID:4699
NCIT:C4299,DOID:470
NCIT:C3945,DOID:4702
NCIT:C5423,DOID:4707
NCIT:C5280,DOID:4708
NCIT:C4905,DOID:471
NCIT:C5696,DOID:4715
NCIT:C6448,DOID:4716
NCIT:C4304,DOID:4719
NCIT:C6026,DOID:472
NCIT:C34988,DOID:4730
NCIT:C84607,DOID:4734
NCIT:C39953,DOID:4739
NCIT:C4298,DOID:474
NCIT:C6347,DOID:4743
NCIT:C26856,DOID:4744
NCIT:C5586,DOID:4749
NCIT:C125695,DOID:4751
NCIT:C84909,DOID:4752
NCIT:C39948,DOID:4757
NCIT:C5353,DOID:476
NCIT:C3732,DOID:4765
NCIT:C8997,DOID:4766
NCIT:C36054,DOID:4767
NCIT:C36053,DOID:4768
NCIT:C5669,DOID:4769
NCIT:C6569,DOID:4773
NCIT:C35264,DOID:4776
NCIT:C35706,DOID:4777
NCIT:C35281,DOID:4778
NCIT:C35707,DOID:4779
NCIT:C35798,DOID:4780
NCIT:C35801,DOID:4782
NCIT:C35445,DOID:4783
NCIT:C35800,DOID:4784
NCIT:C5436,DOID:4787
NCIT:C5817,DOID:4788
NCIT:C66808,DOID:4790
NCIT:C6968,DOID:4791
NCIT:C133084,DOID:4795
NCIT:C9284,DOID:4797
NCIT:C9285,DOID:4798
NCIT:C84628,DOID:4810
NCIT:C9370,DOID:4812
NCIT:C9091,DOID:4813
NCIT:C27507,DOID:482
NCIT:C9133,DOID:4829
NCIT:C3727,DOID:4830
NCIT:C7596,DOID:4838
NCIT:C40310,DOID:4839
NCIT:C8409,DOID:4840
NCIT:C3795,DOID:4843
NCIT:C3017,DOID:4844
NCIT:C40315,DOID:4845
NCIT:C5408,DOID:4846
NCIT:C9475,DOID:4848
NCIT:C4047,DOID:4851
NCIT:C4323,DOID:4852
NCIT:C6809,DOID:4853
NCIT:C5128,DOID:4855
NCIT:C5419,DOID:4856
NCIT:C8274,DOID:4858
NCIT:C27505,DOID:486
NCIT:C7445,DOID:4860
NCIT:C4641,DOID:4863
NCIT:C6346,DOID:4867
NCIT:C5539,DOID:4868
NCIT:C9462,DOID:4869
NCIT:C4540,DOID:4870
NCIT:C5666,DOID:4872
NCIT:C6051,DOID:4875
NCIT:C5130,DOID:4877
NCIT:C5342,DOID:4878
NCIT:C40295,DOID:4879
NCIT:C4264,DOID:4880
NCIT:C26896,DOID:4889
NCIT:C6848,DOID:4892
NCIT:C6089,DOID:4893
NCIT:C40017,DOID:4894
NCIT:C40016,DOID:4895
NCIT:C27813,DOID:4896
NCIT:C27814,DOID:4897
NCIT:C40023,DOID:4901
NCIT:C9330,DOID:4902
NCIT:C3681,DOID:4903
NCIT:C3850,DOID:4905
NCIT:C7888,DOID:4906
NCIT:C7724,DOID:4907
NCIT:C9291,DOID:4908
NCIT:C6167,DOID:4910
NCIT:C4025,DOID:4914
NCIT:C4150,DOID:4915
NCIT:C4536,DOID:4916
NCIT:C4142,DOID:4917
NCIT:C6143,DOID:4918
NCIT:C27018,DOID:492
NCIT:C5559,DOID:4921
NCIT:C4189,DOID:4922
NCIT:C6459,DOID:4923
NCIT:C36077,DOID:4927
NCIT:C35417,DOID:4928
NCIT:C65192,DOID:4929
NCIT:C6015,DOID:4930
NCIT:C3908,DOID:4932
NCIT:C4169,DOID:4933
NCIT:C6800,DOID:4934
NCIT:C6155,DOID:4938
NCIT:C4123,DOID:4943
NCIT:C9296,DOID:4944
NCIT:C3844,DOID:4948
NCIT:C5504,DOID:4955
NCIT:C4660,DOID:4957
NCIT:C4754,DOID:496
NCIT:C34433,DOID:4961
NCIT:C84917,DOID:4968
NCIT:C85031,DOID:4970
NCIT:C7135,DOID:4985
NCIT:C4537,DOID:4992
NCIT:C6895,DOID:4993
NCIT:C6338,DOID:4994
NCIT:C40231,DOID:4995
NCIT:C84610,DOID:4997
NCIT:C75118,DOID:4998
NCIT:C7004,DOID:501
NCIT:C5754,DOID:5016
NCIT:C27922,DOID:5022
NCIT:C27388,DOID:5026
NCIT:C6967,DOID:5030
NCIT:C8273,DOID:5031
NCIT:C3252,DOID:5039
NCIT:C5700,DOID:5040
NCIT:C4336,DOID:5042
NCIT:C40328,DOID:5043
NCIT:C5360,DOID:5044
NCIT:C6601,DOID:5046
NCIT:C7017,DOID:5047
NCIT:C128336,DOID:5052
NCIT:C5968,DOID:5056
NCIT:C5270,DOID:5057
NCIT:C6909,DOID:5058
NCIT:C5970,DOID:5059
NCIT:C2922,DOID:5063
NCIT:C3697,DOID:5075
NCIT:C3903,DOID:5076
NCIT:C3696,DOID:5077
NCIT:C37265,DOID:5088
NCIT:C4412,DOID:5099
NCIT:C39784,DOID:5102
NCIT:C27617,DOID:5104
NCIT:C3856,DOID:5117
NCIT:C7283,DOID:5118
NCIT:C39958,DOID:512
NCIT:C6598,DOID:5123
NCIT:C40127,DOID:5124
NCIT:C5855,DOID:5125
NCIT:C6998,DOID:5126
NCIT:C4257,DOID:5127
NCIT:C6512,DOID:5128
NCIT:C4482,DOID:5132
NCIT:C5608,DOID:5134
NCIT:C5660,DOID:5136
NCIT:C6743,DOID:5137
NCIT:C3748,DOID:5138
NCIT:C4256,DOID:5139
NCIT:C5747,DOID:5140
NCIT:C40326,DOID:5142
NCIT:C5677,DOID:5143
NCIT:C5514,DOID:5146
NCIT:C4483,DOID:5147
NCIT:C6558,DOID:5149
NCIT:C5746,DOID:5150
NCIT:C3797,DOID:5151
NCIT:C41427,DOID:5152
NCIT:C6559,DOID:5155
NCIT:C9351,DOID:5157
NCIT:C35543,DOID:5162
NCIT:C6339,DOID:5165
NCIT:C40065,DOID:5169
NCIT:C40270,DOID:5170
NCIT:C40269,DOID:5171
NCIT:C6951,DOID:5176
NCIT:C38158,DOID:5178
NCIT:C9149,DOID:5179
NCIT:C9147,DOID:5182
NCIT:C8496,DOID:5183
NCIT:C9146,DOID:5189
NCIT:C97085,DOID:519
NCIT:C40236,DOID:5190
NCIT:C9148,DOID:5191
NCIT:C42058,DOID:5193
NCIT:C42057,DOID:5194
NCIT:C6594,DOID:5195
NCIT:C40129,DOID:5196
NCIT:C128119,DOID:5204
NCIT:C4291,DOID:5208
NCIT:C27062,DOID:5214
NCIT:C36071,DOID:5221
NCIT:C35383,DOID:5222
NCIT:C3836,DOID:5223
NCIT:C35796,DOID:5224
NCIT:C26761,DOID:5225
NCIT:C84754,DOID:5230
NCIT:C4221,DOID:5233
NCIT:C36079,DOID:5236
NCIT:C39783,DOID:5240
NCIT:C27495,DOID:5251
NCIT:C9428,DOID:5253
NCIT:C6999,DOID:5254
NCIT:C27494,DOID:5258
NCIT:C5494,DOID:5259
NCIT:C3108,DOID:526
NCIT:C5495,DOID:5260
NCIT:C5364,DOID:5261
NCIT:C7723,DOID:5262
NCIT:C5234,DOID:5263
NCIT:C3700,DOID:5264
NCIT:C5667,DOID:5265
NCIT:C5599,DOID:5267
NCIT:C3701,DOID:5268
NCIT:C7085,DOID:5271
NCIT:C5335,DOID:5272
NCIT:C4484,DOID:5273
NCIT:C5841,DOID:5275
NCIT:C5334,DOID:5276
NCIT:C27200,DOID:5280
NCIT:C5526,DOID:5282
NCIT:C6326,DOID:5283
NCIT:C27904,DOID:5284
NCIT:C5186,DOID:5285
NCIT:C40318,DOID:5286
NCIT:C6183,DOID:5287
NCIT:C6022,DOID:5288
NCIT:C6340,DOID:5289
NCIT:C6619,DOID:5292
NCIT:C5848,DOID:5293
NCIT:C5756,DOID:5296
NCIT:C5549,DOID:5297
NCIT:C8028,DOID:5299
NCIT:C6280,DOID:5301
NCIT:C40139,DOID:5302
NCIT:C6344,DOID:5303
NCIT:C40078,DOID:5304
NCIT:C6179,DOID:5306
NCIT:C6172,DOID:5307
NCIT:C27414,DOID:5308
NCIT:C4199,DOID:5309
NCIT:C40368,DOID:5310
NCIT:C40320,DOID:5313
NCIT:C40130,DOID:5324
NCIT:C4681,DOID:5325
NCIT:C6357,DOID:5331
NCIT:C34893,DOID:5334
NCIT:C3948,DOID:5337
NCIT:C3820,DOID:5339
NCIT:C6752,DOID:5341
NCIT:C27364,DOID:5342
NCIT:C8000,DOID:5344
NCIT:C5027,DOID:5345
NCIT:C27241,DOID:5348
NCIT:C6285,DOID:5349
NCIT:C8107,DOID:5350
NCIT:C39986,DOID:5351
NCIT:C97083,DOID:5362
NCIT:C40254,DOID:5368
NCIT:C40396,DOID:5370
NCIT:C5386,DOID:5373
NCIT:C7368,DOID:5374
NCIT:C7367,DOID:5375
NCIT:C4114,DOID:5376
NCIT:C35344,DOID:5378
NCIT:C35287,DOID:5379
NCIT:C2942,DOID:5381
NCIT:C40299,DOID:5382
NCIT:C4129,DOID:5384
NCIT:C4157,DOID:5385
NCIT:C4455,DOID:5386
NCIT:C6834,DOID:5387
NCIT:C3759,DOID:5389
NCIT:C4151,DOID:5390
NCIT:C3494,DOID:5391
NCIT:C6780,DOID:5392
NCIT:C7739,DOID:5393
NCIT:C3342,DOID:5394
NCIT:C8388,DOID:5395
NCIT:C5962,DOID:5396
NCIT:C4159,DOID:5398
NCIT:C4155,DOID:5401
NCIT:C40256,DOID:5402
NCIT:C3685,DOID:5403
NCIT:C4917,DOID:5409
NCIT:C5670,DOID:5410
NCIT:C3915,DOID:5411
NCIT:C6683,DOID:5414
NCIT:C94378,DOID:5418
NCIT:C7414,DOID:5427
NCIT:C37266,DOID:5429
NCIT:C39857,DOID:5432
NCIT:C7126,DOID:5437
NCIT:C5857,DOID:5438
NCIT:C4171,DOID:5439
NCIT:C7568,DOID:5442
NCIT:C7567,DOID:5443
NCIT:C4170,DOID:5444
NCIT:C4172,DOID:5445
NCIT:C4173,DOID:5446
NCIT:C6023,DOID:5457
NCIT:C6120,DOID:5465
NCIT:C65198,DOID:5468
NCIT:C37215,DOID:5469
NCIT:C40031,DOID:5474
NCIT:C6337,DOID:5475
NCIT:C40230,DOID:5476
NCIT:C8985,DOID:5482
NCIT:C40113,DOID:5478
NCIT:C8986,DOID:5479
NCIT:C27287,DOID:5480
NCIT:C6533,DOID:5484
NCIT:C3400,DOID:5485
NCIT:C4277,DOID:5487
NCIT:C6618,DOID:5488
NCIT:C4279,DOID:5492
NCIT:C4278,DOID:5494
NCIT:C6534,DOID:5495
NCIT:C4713,DOID:5500
NCIT:C6903,DOID:5504
NCIT:C4319,DOID:5505
NCIT:C5098,DOID:5508
NCIT:C8578,DOID:5509
NCIT:C7169,DOID:5510
NCIT:C8106,DOID:5511
NCIT:C5177,DOID:5514
NCIT:C8192,DOID:5515
NCIT:C5475,DOID:5516
NCIT:C4911,DOID:5517
NCIT:C5490,DOID:5519
NCIT:C4105,DOID:5521
NCIT:C54244,DOID:5522
NCIT:C4200,DOID:5524
NCIT:C9161,DOID:5525
NCIT:C6086,DOID:5526
NCIT:C27417,DOID:5527
NCIT:C5554,DOID:5528
NCIT:C6092,DOID:5529
NCIT:C6455,DOID:5530
NCIT:C40093,DOID:5531
NCIT:C8719,DOID:5533
NCIT:C7732,DOID:5534
NCIT:C9170,DOID:5535
NCIT:C27084,DOID:5536
NCIT:C5777,DOID:5537
NCIT:C6083,DOID:5538
NCIT:C6154,DOID:5539
NCIT:C6282,DOID:5540
NCIT:C5603,DOID:5545
NCIT:C5381,DOID:5547
NCIT:C4515,DOID:5550
NCIT:C7733,DOID:5551
NCIT:C6759,DOID:5553
NCIT:C9063,DOID:5556
NCIT:C8591,DOID:5557
NCIT:C6637,DOID:5560
NCIT:C5259,DOID:5561
NCIT:C40131,DOID:5564
NCIT:C9013,DOID:5565
NCIT:C9015,DOID:5566
NCIT:C8110,DOID:5567
NCIT:C6438,DOID:5568
NCIT:C43345,DOID:5570
NCIT:C34415,DOID:5572
NCIT:C26749,DOID:5574
NCIT:C34959,DOID:5576
NCIT:C3050,DOID:5577
NCIT:C27444,DOID:5579
NCIT:C9069,DOID:5580
NCIT:C4461,DOID:5585
NCIT:C35130,DOID:5587
NCIT:C5650,DOID:5588
NCIT:C123215,DOID:559
NCIT:C6870,DOID:5592
NCIT:C5472,DOID:5593
NCIT:C27937,DOID:5595
NCIT:C6267,DOID:5597
NCIT:C40099,DOID:5598
NCIT:C9142,DOID:5602
NCIT:C9119,DOID:5605
NCIT:C5135,DOID:5615
NCIT:C40361,DOID:5623
NCIT:C5778,DOID:5624
NCIT:C27421,DOID:5625
NCIT:C6458,DOID:5626
NCIT:C7356,DOID:5627
NCIT:C27418,DOID:5628
NCIT:C5491,DOID:5629
NCIT:C40296,DOID:5630
NCIT:C4538,DOID:5632
NCIT:C5538,DOID:5634
NCIT:C5474,DOID:5635
NCIT:C4519,DOID:5636
NCIT:C5721,DOID:5637
NCIT:C8380,DOID:5638
NCIT:C27216,DOID:5641
NCIT:C27103,DOID:5642
NCIT:C39872,DOID:5643
NCIT:C4152,DOID:5658
NCIT:C4107,DOID:5660
NCIT:C4653,DOID:5665
NCIT:C6938,DOID:5667
NCIT:C4188,DOID:5670
NCIT:C3680,DOID:5675
NCIT:C8885,DOID:5677
NCIT:C6341,DOID:5680
NCIT:C8108,DOID:5681
NCIT:C8493,DOID:5683
NCIT:C92206,DOID:5684
NCIT:C3447,DOID:5688
NCIT:C176979,DOID:5690
NCIT:C4252,DOID:5692
NCIT:C7811,DOID:5693
NCIT:C5705,DOID:5694
NCIT:C8091,DOID:5695
NCIT:C6021,DOID:5696
NCIT:C6419,DOID:5697
NCIT:C6509,DOID:5698
NCIT:C6185,DOID:5699
NCIT:C51223,DOID:57
NCIT:C5488,DOID:5700
NCIT:C5187,DOID:5701
NCIT:C3705,DOID:5702
NCIT:C4253,DOID:5703
NCIT:C6507,DOID:5704
NCIT:C27489,DOID:5705
NCIT:C27781,DOID:5709
NCIT:C40321,DOID:5711
NCIT:C5615,DOID:5712
NCIT:C6614,DOID:5713
NCIT:C6973,DOID:5714
NCIT:C4348,DOID:5715
NCIT:C4827,DOID:5718
NCIT:C39907,DOID:5724
NCIT:C40019,DOID:5725
NCIT:C40142,DOID:5726
NCIT:C40133,DOID:5727
NCIT:C3958,DOID:5728
NCIT:C4518,DOID:5729
NCIT:C40119,DOID:5730
NCIT:C34968,DOID:5732
NCIT:C27455,DOID:5740
NCIT:C95599,DOID:5741
NCIT:C7977,DOID:5742
NCIT:C40367,DOID:5743
NCIT:C7978,DOID:5746
NCIT:C40136,DOID:5747
NCIT:C27838,DOID:5750
NCIT:C5724,DOID:5751
NCIT:C40201,DOID:5752
NCIT:C26762,DOID:5757
NCIT:C4268,DOID:5758
NCIT:C40369,DOID:5760
NCIT:C40309,DOID:5761
NCIT:C38152,DOID:5763
NCIT:C5656,DOID:5766
NCIT:C5671,DOID:5767
NCIT:C35795,DOID:5768
NCIT:C4478,DOID:5769
NCIT:C34866,DOID:5773
NCIT:C27777,DOID:5774
NCIT:C5395,DOID:5775
NCIT:C7053,DOID:5776
NCIT:C5698,DOID:5777
NCIT:C5821,DOID:5784
NCIT:C7097,DOID:5789
NCIT:C7095,DOID:5798
NCIT:C6095,DOID:9987
NCIT:C3264,DOID:688
NCIT:C35870,DOID:7602
NCIT:C26688,DOID:9396
NCIT:C3270,DOID:769
NCIT:C38003,DOID:864
NCIT:C6798,DOID:5876
NCIT:C118422,DOID:682
NCIT:C9192,DOID:6170
NCIT:C7296,DOID:710
NCIT:C4807,DOID:6112
NCIT:C4603,DOID:9310
NCIT:C7541,DOID:768
NCIT:C84566,DOID:9808
NCIT:C6643,DOID:6175
NCIT:C8112,DOID:6231
NCIT:C40018,DOID:6837
NCIT:C3728,DOID:687
NCIT:C85172,DOID:5805
NCIT:C6589,DOID:5809
NCIT:C3962,DOID:5810
NCIT:C3895,DOID:5812
NCIT:C176817,DOID:5813
NCIT:C7611,DOID:5815
NCIT:C38661,DOID:5820
NCIT:C37869,DOID:5822
NCIT:C7587,DOID:5825
NCIT:C7979,DOID:5828
NCIT:C40138,DOID:5829
NCIT:C35142,DOID:720
NCIT:C6343,DOID:5830
NCIT:C39921,DOID:5834
NCIT:C7327,DOID:5838
NCIT:C36068,DOID:5843
NCIT:C27996,DOID:5844
NCIT:C36073,DOID:5848
NCIT:C35305,DOID:5849
NCIT:C35672,DOID:5851
NCIT:C35673,DOID:5852
NCIT:C35400,DOID:5854
NCIT:C8778,DOID:5862
NCIT:C7357,DOID:5866
NCIT:C6475,DOID:5867
NCIT:C35150,DOID:5870
NCIT:C6447,DOID:5874
NCIT:C7635,DOID:5884
NCIT:C8269,DOID:5890
NCIT:C8097,DOID:5893
NCIT:C7947,DOID:5894
NCIT:C8988,DOID:5895
NCIT:C40086,DOID:5896
NCIT:C40085,DOID:5897
NCIT:C4662,DOID:5900
NCIT:C27791,DOID:5907
NCIT:C6982,DOID:5908
NCIT:C5823,DOID:5913
NCIT:C7427,DOID:5914
NCIT:C40170,DOID:5916
NCIT:C9371,DOID:5921
NCIT:C6954,DOID:5922
NCIT:C7109,DOID:5923
NCIT:C5845,DOID:5926
NCIT:C34362,DOID:593
NCIT:C8114,DOID:5936
NCIT:C34890,DOID:594
NCIT:C3927,DOID:5948
NCIT:C7751,DOID:5949
NCIT:C39845,DOID:5957
NCIT:C39842,DOID:5958
NCIT:C6148,DOID:5973
NCIT:C8603,DOID:5975
NCIT:C8404,DOID:5977
NCIT:C7726,DOID:5982
NCIT:C6181,DOID:5983
NCIT:C5307,DOID:5990
NCIT:C3484,DOID:5998
NCIT:C5198,DOID:5999
NCIT:C35273,DOID:600
NCIT:C5185,DOID:6001
NCIT:C4983,DOID:6003
NCIT:C4982,DOID:6004
NCIT:C5794,DOID:6015
NCIT:C27400,DOID:6016
NCIT:C7013,DOID:6017
NCIT:C27401,DOID:6018
NCIT:C7014,DOID:6019
NCIT:C35492,DOID:602
NCIT:C27143,DOID:6024
NCIT:C35614,DOID:603
NCIT:C5361,DOID:6033
NCIT:C5365,DOID:6034
NCIT:C7986,DOID:6037
NCIT:C7712,DOID:6039
NCIT:C6099,DOID:6041
NCIT:C4561,DOID:6438
NCIT:C6117,DOID:6043
NCIT:C5345,DOID:6048
NCIT:C35413,DOID:605
NCIT:C6205,DOID:6052
NCIT:C7928,DOID:6053
NCIT:C6837,DOID:6054
NCIT:C4369,DOID:6059
NCIT:C84601,DOID:606
NCIT:C39854,DOID:6065
NCIT:C6552,DOID:6082
NCIT:C6551,DOID:6083
NCIT:C8588,DOID:6084
NCIT:C5317,DOID:6085
NCIT:C8506,DOID:6086
NCIT:C5318,DOID:6089
NCIT:C5319,DOID:6090
NCIT:C40205,DOID:6101
NCIT:C27341,DOID:6102
NCIT:C5297,DOID:6103
NCIT:C5293,DOID:6110
NCIT:C5269,DOID:6113
NCIT:C4959,DOID:6114
NCIT:C5302,DOID:6115
NCIT:C6187,DOID:6118
NCIT:C4528,DOID:6119
NCIT:C7489,DOID:6126
NCIT:C4318,DOID:6128
NCIT:C40174,DOID:6139
NCIT:C6544,DOID:6160
NCIT:C6542,DOID:6161
NCIT:C6545,DOID:6162
NCIT:C9222,DOID:6163
NCIT:C39900,DOID:6166
NCIT:C39870,DOID:6167
NCIT:C39867,DOID:736
NCIT:C42700,DOID:6171
NCIT:C27390,DOID:6179
NCIT:C5550,DOID:6190
NCIT:C6497,DOID:6192
NCIT:C3714,DOID:6193
NCIT:C34975,DOID:6196
NCIT:C9425,DOID:6197
NCIT:C6093,DOID:6198
NCIT:C6846,DOID:6203
NCIT:C6615,DOID:6208
NCIT:C6608,DOID:6209
NCIT:C39849,DOID:6210
NCIT:C4508,DOID:6211
NCIT:C8430,DOID:6214
NCIT:C7035,DOID:6225
NCIT:C7695,DOID:6228
NCIT:C6548,DOID:6229
NCIT:C6554,DOID:6230
NCIT:C39992,DOID:6232
NCIT:C27071,DOID:624
NCIT:C27319,DOID:625
NCIT:C8960,DOID:6244
NCIT:C4526,DOID:6245
NCIT:C6812,DOID:6249
NCIT:C5963,DOID:6256
NCIT:C3687,DOID:6257
NCIT:C39809,DOID:6258
NCIT:C39810,DOID:6259
NCIT:C9281,DOID:6262
NCIT:C27260,DOID:7849
NCIT:C4001,DOID:6263
NCIT:C6794,DOID:6270
NCIT:C5247,DOID:6271
NCIT:C5965,DOID:6274
NCIT:C7915,DOID:6275
NCIT:C5964,DOID:6276
NCIT:C40034,DOID:6278
NCIT:C6742,DOID:6284
NCIT:C6741,DOID:6285
NCIT:C6286,DOID:6286
NCIT:C6220,DOID:6291
NCIT:C5438,DOID:6294
NCIT:C27108,DOID:6297
NCIT:C27804,DOID:6307
NCIT:C87497,DOID:631
NCIT:C5412,DOID:6312
NCIT:C5426,DOID:6313
NCIT:C39996,DOID:6314
NCIT:C7285,DOID:6315
NCIT:C7719,DOID:6316
NCIT:C8461,DOID:6322
NCIT:C8111,DOID:6331
NCIT:C7946,DOID:6332
NCIT:C9183,DOID:6333
NCIT:C7538,DOID:6334
NCIT:C5304,DOID:6335
NCIT:C5300,DOID:6337
NCIT:C40305,DOID:6339
NCIT:C6910,DOID:6344
NCIT:C4748,DOID:6345
NCIT:C2851,DOID:635
NCIT:C27911,DOID:6354
NCIT:C84623,DOID:636
NCIT:C5833,DOID:6370
NCIT:C34714,DOID:6376
NCIT:C6890,DOID:6379
NCIT:C5281,DOID:6381
NCIT:C9042,DOID:6383
NCIT:C6216,DOID:6386
NCIT:C34580,DOID:640
NCIT:C27253,DOID:6404
NCIT:C7278,DOID:6405
NCIT:C98916,DOID:6406
NCIT:C7279,DOID:6407
NCIT:C6256,DOID:6408
NCIT:C84505,DOID:6419
NCIT:C27404,DOID:6423
NCIT:C6078,DOID:6425
NCIT:C40213,DOID:6428
NCIT:C26815,DOID:643
NCIT:C40060,DOID:6445
NCIT:C4176,DOID:6446
NCIT:C40308,DOID:6448
NCIT:C5465,DOID:6451
NCIT:C6905,DOID:6458
NCIT:C5551,DOID:6459
NCIT:C34576,DOID:646
NCIT:C8979,DOID:6468
NCIT:C40040,DOID:6469
NCIT:C6539,DOID:6474
NCIT:C39827,DOID:6476
NCIT:C27885,DOID:6477
NCIT:C6163,DOID:6481
NCIT:C5649,DOID:6482
NCIT:C39956,DOID:6483
NCIT:C6635,DOID:6484
NCIT:C8970,DOID:6489
NCIT:C5210,DOID:6491
NCIT:C5211,DOID:6492
NCIT:C27377,DOID:6494
NCIT:C5146,DOID:6500
NCIT:C5147,DOID:6501
NCIT:C40280,DOID:6505
NCIT:C6686,DOID:6510
NCIT:C39988,DOID:6511
NCIT:C39989,DOID:6512
NCIT:C39987,DOID:6514
NCIT:C5289,DOID:6517
NCIT:C40300,DOID:6518
NCIT:C35781,DOID:6522
NCIT:C35783,DOID:6523
NCIT:C4558,DOID:6524
NCIT:C35782,DOID:6525
NCIT:C6888,DOID:6530
NCIT:C27910,DOID:706
NCIT:C5368,DOID:6547
NCIT:C4332,DOID:6548
NCIT:C6764,DOID:6552
NCIT:C5282,DOID:6553
NCIT:C40079,DOID:6554
NCIT:C6836,DOID:6559
NCIT:C6843,DOID:6562
NCIT:C5418,DOID:6564
NCIT:C40175,DOID:6567
NCIT:C40290,DOID:6569
NCIT:C7534,DOID:6575
NCIT:C7535,DOID:6576
NCIT:C6724,DOID:6579
NCIT:C5141,DOID:6581
NCIT:C40366,DOID:6585
NCIT:C9135,DOID:6587
NCIT:C39835,DOID:6594
NCIT:C5473,DOID:6595
NCIT:C27888,DOID:6605
NCIT:C27889,DOID:6606
NCIT:C6997,DOID:6607
NCIT:C5661,DOID:6608
NCIT:C40259,DOID:6613
NCIT:C5433,DOID:6621
NCIT:C40206,DOID:6627
NCIT:C28432,DOID:6629
NCIT:C6387,DOID:663
NCIT:C5793,DOID:6634
NCIT:C6206,DOID:6639
NCIT:C7752,DOID:664
NCIT:C9503,DOID:6641
NCIT:C8292,DOID:6648
NCIT:C84671,DOID:6652
NCIT:C27405,DOID:6654
NCIT:C40356,DOID:6657
NCIT:C40214,DOID:6659
NCIT:C34625,DOID:6676
NCIT:C35699,DOID:6677
NCIT:C40553,DOID:6678
NCIT:C3253,DOID:668
NCIT:C34446,DOID:6680
NCIT:C94379,DOID:778
NCIT:C35033,DOID:6682
NCIT:C129720,DOID:6683
NCIT:C35809,DOID:6686
NCIT:C35467,DOID:6687
NCIT:C35709,DOID:6691
NCIT:C34411,DOID:6692
NCIT:C39935,DOID:6693
NCIT:C6471,DOID:6696
NCIT:C6472,DOID:6697
NCIT:C8398,DOID:6700
NCIT:C6795,DOID:6703
NCIT:C8399,DOID:6705
NCIT:C40959,DOID:6706
NCIT:C4335,DOID:6707
NCIT:C39865,DOID:6721
NCIT:C6886,DOID:6723
NCIT:C4322,DOID:6726
NCIT:C6761,DOID:6727
NCIT:C96835,DOID:6733
NCIT:C5323,DOID:6735
NCIT:C7982,DOID:6740
NCIT:C8287,DOID:6741
NCIT:C40370,DOID:6742
NCIT:C5452,DOID:6752
NCIT:C6620,DOID:6759
NCIT:C6716,DOID:6762
NCIT:C39990,DOID:6774
NCIT:C40395,DOID:6776
NCIT:C27846,DOID:6777
NCIT:C85028,DOID:678
NCIT:C8300,DOID:6785
NCIT:C35574,DOID:6786
NCIT:C35556,DOID:6787
NCIT:C40268,DOID:6788
NCIT:C36098,DOID:6789
NCIT:C5516,DOID:6804
NCIT:C27081,DOID:6811
NCIT:C4048,DOID:6812
NCIT:C4265,DOID:6823
NCIT:C5728,DOID:6827
NCIT:C3500,DOID:683
NCIT:C40020,DOID:6838
NCIT:C27942,DOID:6839
NCIT:C7927,DOID:686
NCIT:C36086,DOID:6841
NCIT:C6186,DOID:6844
NCIT:C39879,DOID:6845
NCIT:C4830,DOID:6888
NCIT:C8498,DOID:6846
NCIT:C36099,DOID:6847
NCIT:C40267,DOID:6848
NCIT:C5309,DOID:6854
NCIT:C6753,DOID:6856
NCIT:C6754,DOID:6857
NCIT:C6755,DOID:6858
NCIT:C27849,DOID:6865
NCIT:C37870,DOID:6867
NCIT:C6633,DOID:6868
NCIT:C4960,DOID:6869
NCIT:C5155,DOID:6871
NCIT:C5406,DOID:6872
NCIT:C3374,DOID:6873
NCIT:C5336,DOID:6880
NCIT:C6176,DOID:6886
NCIT:C40090,DOID:6898
NCIT:C36102,DOID:6901
NCIT:C35690,DOID:6903
NCIT:C27496,DOID:6906
NCIT:C6887,DOID:6917
NCIT:C27061,DOID:6925
NCIT:C39859,DOID:6932
NCIT:C6173,DOID:6934
NCIT:C6174,DOID:6935
NCIT:C6160,DOID:6936
NCIT:C9047,DOID:6938
NCIT:C6253,DOID:6939
NCIT:C40291,DOID:6943
NCIT:C6375,DOID:6944
NCIT:C9007,DOID:6945
NCIT:C6792,DOID:6947
NCIT:C5256,DOID:6948
NCIT:C3902,DOID:6951
NCIT:C5630,DOID:6958
NCIT:C5555,DOID:6959
NCIT:C40293,DOID:6961
NCIT:C7383,DOID:6975
NCIT:C27202,DOID:6976
NCIT:C3488,DOID:6977
NCIT:C50778,DOID:698
NCIT:C27473,DOID:6988
NCIT:C7989,DOID:6992
NCIT:C6101,DOID:6993
NCIT:C9088,DOID:6994
NCIT:C6100,DOID:6996
NCIT:C6118,DOID:6997
NCIT:C5744,DOID:6998
NCIT:C7462,DOID:7004
NCIT:C4321,DOID:7005
NCIT:C4347,DOID:7007
NCIT:C4320,DOID:7008
NCIT:C40041,DOID:7013
NCIT:C7450,DOID:7014
NCIT:C6499,DOID:7016
NCIT:C6500,DOID:7017
NCIT:C41618,DOID:7024
NCIT:C5664,DOID:7030
NCIT:C8186,DOID:7031
NCIT:C5775,DOID:7032
NCIT:C128393,DOID:7033
NCIT:C6547,DOID:7037
NCIT:C35780,DOID:7040
NCIT:C6102,DOID:7041
NCIT:C6119,DOID:7042
NCIT:C7266,DOID:7045
NCIT:C40189,DOID:7046
NCIT:C6980,DOID:7047
NCIT:C40286,DOID:7048
NCIT:C27543,DOID:7049
NCIT:C84808,DOID:705
NCIT:C6456,DOID:7050
NCIT:C7032,DOID:7051
NCIT:C5279,DOID:7054
NCIT:C6808,DOID:7071
NCIT:C40365,DOID:7076
NCIT:C6630,DOID:7077
NCIT:C9012,DOID:7079
NCIT:C9423,DOID:7081
NCIT:C37304,DOID:7086
NCIT:C35830,DOID:7088
NCIT:C35558,DOID:7089
NCIT:C7301,DOID:709
NCIT:C8095,DOID:7095
NCIT:C39924,DOID:7097
NCIT:C5283,DOID:7103
NCIT:C4933,DOID:7105
NCIT:C6793,DOID:8002
NCIT:C142882,DOID:711
NCIT:C27357,DOID:712
NCIT:C123174,DOID:7127
NCIT:C7401,DOID:713
NCIT:C9461,DOID:7132
NCIT:C6763,DOID:7133
NCIT:C6762,DOID:7134
NCIT:C6655,DOID:7136
NCIT:C96230,DOID:7138
NCIT:C40155,DOID:7139
NCIT:C40298,DOID:7140
NCIT:C6460,DOID:7142
NCIT:C6025,DOID:7144
NCIT:C6921,DOID:7146
NCIT:C5524,DOID:7152
NCIT:C5552,DOID:7160
NCIT:C35071,DOID:7165
NCIT:C6699,DOID:7168
NCIT:C6685,DOID:7169
NCIT:C8255,DOID:7173
NCIT:C8256,DOID:7174
NCIT:C7470,DOID:7175
NCIT:C7469,DOID:7177
NCIT:C4148,DOID:7179
NCIT:C34378,DOID:718
NCIT:C5569,DOID:7181
NCIT:C35829,DOID:7187
NCIT:C38766,DOID:7188
NCIT:C40075,DOID:7191
NCIT:C36260,DOID:7192
NCIT:C6239,DOID:7198
NCIT:C4288,DOID:7202
NCIT:C9499,DOID:7206
NCIT:C7267,DOID:7207
NCIT:C4331,DOID:7210
NCIT:C4330,DOID:7211
NCIT:C4329,DOID:7212
NCIT:C4333,DOID:7213
NCIT:C9080,DOID:7214
NCIT:C5743,DOID:7221
NCIT:C4273,DOID:7223
NCIT:C37201,DOID:7230
NCIT:C6208,DOID:7231
NCIT:C7010,DOID:7232
NCIT:C5790,DOID:7233
NCIT:C5713,DOID:7234
NCIT:C41247,DOID:7235
NCIT:C41246,DOID:7236
NCIT:C41245,DOID:7237
NCIT:C35042,DOID:724
NCIT:C40165,DOID:7241
NCIT:C40163,DOID:7242
NCIT:C39844,DOID:7244
NCIT:C39885,DOID:7246
NCIT:C27144,DOID:7263
NCIT:C40455,DOID:7266
NCIT:C40957,DOID:7269
NCIT:C4675,DOID:7280
NCIT:C27839,DOID:7289
NCIT:C8717,DOID:7293
NCIT:C27376,DOID:7297
NCIT:C39927,DOID:7302
NCIT:C40391,DOID:7312
NCIT:C9368,DOID:7315
NCIT:C40032,DOID:7320
NCIT:C27248,DOID:7326
NCIT:C3827,DOID:7327
NCIT:C50559,DOID:9598
NCIT:C6098,DOID:7328
NCIT:C7415,DOID:7333
NCIT:C97097,DOID:7334
NCIT:C6550,DOID:7340
NCIT:C40446,DOID:7347
NCIT:C27802,DOID:7350
NCIT:C5556,DOID:7356
NCIT:C39925,DOID:7360
NCIT:C40284,DOID:7363
NCIT:C26867,DOID:7365
NCIT:C27474,DOID:7371
NCIT:C27343,DOID:7378
NCIT:C9276,DOID:7379
NCIT:C39866,DOID:738
NCIT:C4462,DOID:7380
NCIT:C27779,DOID:7381
NCIT:C7376,DOID:7474
NCIT:C5374,DOID:7388
NCIT:C5373,DOID:7389
NCIT:C6745,DOID:7390
NCIT:C4970,DOID:7398
NCIT:C4692,DOID:7400
NCIT:C27447,DOID:7401
NCIT:C27448,DOID:7402
NCIT:C128167,DOID:7408
NCIT:C40285,DOID:7409
NCIT:C27288,DOID:7411
NCIT:C8712,DOID:7428
NCIT:C6207,DOID:7429
NCIT:C111885,DOID:743
NCIT:C5795,DOID:7430
NCIT:C39930,DOID:7435
NCIT:C27850,DOID:7436
NCIT:C40180,DOID:7437
NCIT:C7980,DOID:7438
NCIT:C6933,DOID:7439
NCIT:C35602,DOID:7441
NCIT:C7364,DOID:7444
NCIT:C6382,DOID:745
NCIT:C40359,DOID:7459
NCIT:C3762,DOID:746
NCIT:C40358,DOID:7460
NCIT:C40357,DOID:7461
NCIT:C7959,DOID:7463
NCIT:C39591,DOID:7465
NCIT:C27407,DOID:7479
NCIT:C6876,DOID:7480
NCIT:C5271,DOID:7482
NCIT:C40187,DOID:7483
NCIT:C7640,DOID:7488
NCIT:C34874,DOID:7489
NCIT:C40319,DOID:7491
NCIT:C27472,DOID:7492
NCIT:C3861,DOID:7497
NCIT:C9041,DOID:7501
NCIT:C9043,DOID:7502
NCIT:C5849,DOID:7503
NCIT:C27452,DOID:7506
NCIT:C5201,DOID:7511
NCIT:C7365,DOID:7512
NCIT:C40141,DOID:7514
NCIT:C5298,DOID:7515
NCIT:C27403,DOID:7516
NCIT:C34958,DOID:7518
NCIT:C40388,DOID:7520
NCIT:C40385,DOID:7521
NCIT:C6773,DOID:7522
NCIT:C27022,DOID:7528
NCIT:C5609,DOID:7531
NCIT:C9009,DOID:7532
NCIT:C9008,DOID:7533
NCIT:C40384,DOID:7538
NCIT:C9473,DOID:7539
NCIT:C40383,DOID:7540
NCIT:C40364,DOID:7541
NCIT:C6469,DOID:7542
NCIT:C6088,DOID:7549
NCIT:C39824,DOID:7553
NCIT:C27212,DOID:7558
NCIT:C27953,DOID:7559
NCIT:C40306,DOID:7565
NCIT:C5560,DOID:7566
NCIT:C40307,DOID:7567
NCIT:C5725,DOID:7574
NCIT:C37256,DOID:7577
NCIT:C7362,DOID:7578
NCIT:C87121,DOID:758
NCIT:C8189,DOID:7583
NCIT:C8190,DOID:7584
NCIT:C8187,DOID:7585
NCIT:C5972,DOID:7764
NCIT:C8191,DOID:7586
NCIT:C4945,DOID:7587
NCIT:C5973,DOID:7763
NCIT:C40442,DOID:7591
NCIT:C27925,DOID:7596
NCIT:C40193,DOID:7598
NCIT:C7998,DOID:7599
NCIT:C39821,DOID:7600
NCIT:C4020,DOID:7603
NCIT:C4154,DOID:7607
NCIT:C156757,DOID:7608
NCIT:C7993,DOID:7609
NCIT:C7994,DOID:7610
NCIT:C27393,DOID:7611
NCIT:C6590,DOID:7612
NCIT:C4334,DOID:7613
NCIT:C4073,DOID:7614
NCIT:C4243,DOID:7615
NCIT:C8290,DOID:7631
NCIT:C39864,DOID:7632
NCIT:C34795,DOID:7633
NCIT:C6776,DOID:7634
NCIT:C6779,DOID:7635
NCIT:C5614,DOID:7639
NCIT:C41617,DOID:7642
NCIT:C4460,DOID:7643
NCIT:C5275,DOID:7646
NCIT:C40440,DOID:7650
NCIT:C40439,DOID:7651
NCIT:C8289,DOID:7656
NCIT:C40153,DOID:7664
NCIT:C39991,DOID:7665
NCIT:C39951,DOID:7675
NCIT:C39952,DOID:7676
NCIT:C6841,DOID:7678
NCIT:C6838,DOID:7679
NCIT:C7061,DOID:771
NCIT:C6240,DOID:7684
NCIT:C41251,DOID:7685
NCIT:C8312,DOID:7689
NCIT:C27000,DOID:7693
NCIT:C39843,DOID:7694
NCIT:C27466,DOID:7697
NCIT:C45837,DOID:7698
NCIT:C9168,DOID:7707
NCIT:C7476,DOID:7708
NCIT:C5284,DOID:7713
NCIT:C37214,DOID:7717
NCIT:C3022,DOID:7725
NCIT:C5727,DOID:7729
NCIT:C8090,DOID:7731
NCIT:C8094,DOID:7732
NCIT:C41619,DOID:7733
NCIT:C5718,DOID:7735
NCIT:C4365,DOID:774
NCIT:C9048,DOID:7747
NCIT:C9184,DOID:775
NCIT:C9372,DOID:7750
NCIT:C7124,DOID:7752
NCIT:C3845,DOID:7756
NCIT:C6566,DOID:7762
NCIT:C5189,DOID:7787
NCIT:C27399,DOID:7788
NCIT:C27183,DOID:7806
NCIT:C6865,DOID:7807
NCIT:C7990,DOID:7808
NCIT:C8272,DOID:7817
NCIT:C5278,DOID:7818
NCIT:C5285,DOID:7819
NCIT:C5313,DOID:7820
NCIT:C5287,DOID:7824
NCIT:C35603,DOID:7825
NCIT:C8293,DOID:7826
NCIT:C7925,DOID:7827
NCIT:C9438,DOID:784
NCIT:C40363,DOID:7839
NCIT:C28333,DOID:7840
NCIT:C2918,DOID:7843
NCIT:C9282,DOID:7848
NCIT:C5792,DOID:7867
NCIT:C6840,DOID:7868
NCIT:C27514,DOID:7875
NCIT:C40235,DOID:7878
NCIT:C40445,DOID:7880
NCIT:C7924,DOID:7902
NCIT:C5462,DOID:7903
NCIT:C8271,DOID:7907
NCIT:C6064,DOID:7910
NCIT:C4050,DOID:7912
NCIT:C5296,DOID:7915
NCIT:C6636,DOID:7921
NCIT:C6625,DOID:7922
NCIT:C7997,DOID:7926
NCIT:C7999,DOID:7927
NCIT:C9077,DOID:7928
NCIT:C39926,DOID:7930
NCIT:C8696,DOID:7936
NCIT:C7027,DOID:7941
NCIT:C27402,DOID:7945
NCIT:C42060,DOID:7949
NCIT:C42059,DOID:7951
NCIT:C27234,DOID:7953
NCIT:C6984,DOID:7958
NCIT:C5731,DOID:7959
NCIT:C5117,DOID:7960
NCIT:C40188,DOID:7961
NCIT:C40159,DOID:7962
NCIT:C39828,DOID:7967
NCIT:C39823,DOID:7968
NCIT:C39819,DOID:7969
NCIT:C39820,DOID:7971
NCIT:C39822,DOID:7972
NCIT:C5180,DOID:7983
NCIT:C27944,DOID:7984
NCIT:C5267,DOID:7986
NCIT:C35114,DOID:799
NCIT:C7002,DOID:7994
NCIT:C5350,DOID:7996
NCIT:C5292,DOID:8000
NCIT:C4140,DOID:8003
NCIT:C5277,DOID:8006
NCIT:C39959,DOID:8009
NCIT:C6744,DOID:8012
NCIT:C6983,DOID:8013
NCIT:C4223,DOID:8020
NCIT:C5832,DOID:8022
NCIT:C5235,DOID:8023
NCIT:C5250,DOID:8025
NCIT:C7566,DOID:8029
NCIT:C6777,DOID:8030
NCIT:C6756,DOID:8031
NCIT:C6546,DOID:8036
NCIT:C40962,DOID:8042
NCIT:C6720,DOID:8043
NCIT:C39847,DOID:8050
NCIT:C39848,DOID:8051
NCIT:C6771,DOID:8057
NCIT:C5311,DOID:8058
NCIT:C6842,DOID:8060
NCIT:C40387,DOID:8068
NCIT:C41620,DOID:8072
NCIT:C27406,DOID:8078
NCIT:C39929,DOID:8081
NCIT:C39815,DOID:8082
NCIT:C39814,DOID:8083
NCIT:C6839,DOID:8093
NCIT:C39839,DOID:8096
NCIT:C39838,DOID:8097
NCIT:C4160,DOID:8102
NCIT:C40258,DOID:8104
NCIT:C5851,DOID:8105
NCIT:C41237,DOID:8106
NCIT:C6170,DOID:8108
NCIT:C7416,DOID:8109
NCIT:C27322,DOID:8110
NCIT:C34847,DOID:8117
NCIT:C5260,DOID:8118
NCIT:C7477,DOID:8119
NCIT:C27542,DOID:8122
NCIT:C26700,DOID:813
NCIT:C40355,DOID:8130
NCIT:C5734,DOID:8135
NCIT:C6462,DOID:8137
NCIT:C6463,DOID:8138
NCIT:C7646,DOID:8140
NCIT:C37204,DOID:8144
NCIT:C6541,DOID:8149
NCIT:C5726,DOID:8150
NCIT:C27445,DOID:8151
NCIT:C6573,DOID:8153
NCIT:C9469,DOID:8158
NCIT:C4946,DOID:8161
NCIT:C6042,DOID:8162
NCIT:C5735,DOID:8167
NCIT:C35786,DOID:817
NCIT:C5604,DOID:8170
NCIT:C40232,DOID:8177
NCIT:C40233,DOID:8178
NCIT:C40234,DOID:8179
NCIT:C6278,DOID:8186
NCIT:C27246,DOID:8188
NCIT:C26827,DOID:819
NCIT:C39928,DOID:8193
NCIT:C39931,DOID:8195
NCIT:C34833,DOID:82
NCIT:C5299,DOID:8203
NCIT:C7454,DOID:8207
NCIT:C7779,DOID:8208
NCIT:C40114,DOID:8211
NCIT:C5303,DOID:8216
NCIT:C5290,DOID:8221
NCIT:C39868,DOID:8223
NCIT:C36087,DOID:8224
NCIT:C36088,DOID:8225
NCIT:C36089,DOID:8227
NCIT:C7125,DOID:8230
NCIT:C6508,DOID:8233
NCIT:C5288,DOID:8239
NCIT:C6891,DOID:8243
NCIT:C27369,DOID:8251
NCIT:C34479,DOID:8252
NCIT:C6857,DOID:8255
NCIT:C39869,DOID:8259
NCIT:C7641,DOID:8272
NCIT:C6525,DOID:8274
NCIT:C7325,DOID:8275
NCIT:C7944,DOID:8282
NCIT:C4459,DOID:8288
NCIT:C27729,DOID:8292
NCIT:C40178,DOID:8302
NCIT:C6584,DOID:8304
NCIT:C6583,DOID:8305
NCIT:C36096,DOID:8307
NCIT:C5205,DOID:8310
NCIT:C6526,DOID:8331
NCIT:C5199,DOID:8335
NCIT:C6549,DOID:8336
NCIT:C35145,DOID:8337
NCIT:C40208,DOID:8338
NCIT:C40203,DOID:8339
NCIT:C5375,DOID:8352
NCIT:C6561,DOID:8353
NCIT:C9468,DOID:8354
NCIT:C40958,DOID:8358
NCIT:C40212,DOID:8361
NCIT:C39932,DOID:8362
NCIT:C6908,DOID:8368
NCIT:C7814,DOID:8369
NCIT:C5824,DOID:8389
NCIT:C39923,DOID:8392
NCIT:C39946,DOID:8394
NCIT:C4553,DOID:8400
NCIT:C27300,DOID:8408
NCIT:C36094,DOID:8409
NCIT:C6565,DOID:8410
NCIT:C3888,DOID:8411
NCIT:C27389,DOID:8415
NCIT:C4244,DOID:8418
NCIT:C4161,DOID:8419
NCIT:C6560,DOID:8420
NCIT:C4469,DOID:8426
NCIT:C8601,DOID:8427
NCIT:C5140,DOID:8428
NCIT:C27311,DOID:8431
NCIT:C27331,DOID:8433
NCIT:C9175,DOID:8437
NCIT:C37979,DOID:8440
NCIT:C93045,DOID:8442
NCIT:C98963,DOID:8445
NCIT:C113484,DOID:8446
NCIT:C85221,DOID:8455
NCIT:C35256,DOID:8461
NCIT:C85228,DOID:8476
NCIT:C34350,DOID:8478
NCIT:C34985,DOID:8481
NCIT:C35193,DOID:8482
NCIT:C92848,DOID:8488
NCIT:C26742,DOID:8505
NCIT:C84389,DOID:8506
NCIT:C26706,DOID:851
NCIT:C50713,DOID:9477
NCIT:C3172,DOID:8692
NCIT:C85018,DOID:853
NCIT:C7190,DOID:8533
NCIT:C26781,DOID:8534
NCIT:C71079,DOID:8536
NCIT:C27824,DOID:8538
NCIT:C3366,DOID:8541
NCIT:C6913,DOID:8543
NCIT:C9357,DOID:8567
NCIT:C3037,DOID:8544
NCIT:C84869,DOID:8545
NCIT:C7398,DOID:8557
NCIT:C84598,DOID:856
NCIT:C7485,DOID:8564
NCIT:C155871,DOID:8566
NCIT:C34726,DOID:8568
NCIT:C2952,DOID:8577
NCIT:C3529,DOID:8578
NCIT:C2912,DOID:8584
NCIT:C98842,DOID:859
NCIT:C34356,DOID:8590
NCIT:C34774,DOID:8593
NCIT:C94575,DOID:8596
NCIT:C9317,DOID:8602
NCIT:C128402,DOID:8607
NCIT:C3316,DOID:8616
NCIT:C96406,DOID:8622
NCIT:C9283,DOID:8628
NCIT:C35177,DOID:8635
NCIT:C3517,DOID:8654
NCIT:C97132,DOID:8659
NCIT:C9323,DOID:8660
NCIT:C35868,DOID:867
NCIT:C26977,DOID:8680
NCIT:C3981,DOID:8681
NCIT:C35815,DOID:8683
NCIT:C3640,DOID:8687
NCIT:C34387,DOID:8689
NCIT:C3246,DOID:8691
NCIT:C9320,DOID:8702
NCIT:C14364,DOID:8704
NCIT:C50706,DOID:8717
NCIT:C3574,DOID:8731
NCIT:C3151,DOID:8738
NCIT:C111888,DOID:8741
NCIT:C84695,DOID:8743
NCIT:C67277,DOID:8757
NCIT:C128382,DOID:876
NCIT:C85051,DOID:8781
NCIT:C3639,DOID:8802
NCIT:C66911,DOID:8805
NCIT:C128389,DOID:882
NCIT:C3518,DOID:8838
NCIT:C128390,DOID:884
NCIT:C128387,DOID:885
NCIT:C34961,DOID:8861
NCIT:C3148,DOID:8866
NCIT:C155872,DOID:8867
NCIT:C84934,DOID:8869
NCIT:C27790,DOID:8872
NCIT:C128388,DOID:888
NCIT:C97136,DOID:8881
NCIT:C26855,DOID:8892
NCIT:C3663,DOID:8920
NCIT:C3446,DOID:8924
NCIT:C7405,DOID:8929
NCIT:C84756,DOID:893
NCIT:C61284,DOID:8931
NCIT:C4680,DOID:8936
NCIT:C85171,DOID:8970
NCIT:C84489,DOID:8986
NCIT:C2943,DOID:899
NCIT:C3336,DOID:8997
NCIT:C27156,DOID:90
NCIT:C85173,DOID:9007
NCIT:C61277,DOID:9008
NCIT:C4949,DOID:901
NCIT:C3953,DOID:9021
NCIT:C38162,DOID:903
NCIT:C3662,DOID:9042
NCIT:C3976,DOID:9043
NCIT:C85239,DOID:905
NCIT:C112833,DOID:9060
NCIT:C85077,DOID:9063
NCIT:C34767,DOID:9065
NCIT:C5752,DOID:907
NCIT:C8196,DOID:9072
NCIT:C3201,DOID:9074
NCIT:C157575,DOID:9087
NCIT:C3312,DOID:9088
NCIT:C34591,DOID:9097
NCIT:C5574,DOID:910
NCIT:C34768,DOID:9111
NCIT:C35620,DOID:9123
NCIT:C34771,DOID:9146
NCIT:C3528,DOID:9149
NCIT:C34365,DOID:9153
NCIT:C3448,DOID:9169
NCIT:C5753,DOID:917
NCIT:C3526,DOID:9173
NCIT:C5858,DOID:918
NCIT:C84551,DOID:9181
NCIT:C3189,DOID:9201
NCIT:C2891,DOID:9206
NCIT:C84763,DOID:9210
NCIT:C85014,DOID:9212
NCIT:C116046,DOID:9220
NCIT:C3531,DOID:9235
NCIT:C34593,DOID:9240
NCIT:C35139,DOID:9245
NCIT:C84987,DOID:9248
NCIT:C84531,DOID:9250
NCIT:C3868,DOID:9253
NCIT:C3169,DOID:9254
NCIT:C9321,DOID:9261
NCIT:C84765,DOID:9263
NCIT:C84664,DOID:9266
NCIT:C84937,DOID:9268
NCIT:C34806,DOID:9269
NCIT:C84546,DOID:9270
NCIT:C84957,DOID:9271
NCIT:C123433,DOID:9274
NCIT:C84568,DOID:9278
NCIT:C84770,DOID:9279
NCIT:C84612,DOID:9280
NCIT:C81315,DOID:9281
NCIT:C85022,DOID:9286
NCIT:C87175,DOID:9296
NCIT:C5359,DOID:9300
NCIT:C34472,DOID:9312
NCIT:C34597,DOID:9507
NCIT:C34790,DOID:9317
NCIT:C39861,DOID:9341
NCIT:C125662,DOID:9348
NCIT:C122577,DOID:9362
NCIT:C87114,DOID:9370
NCIT:C78643,DOID:9392
NCIT:C26735,DOID:9395
NCIT:C116007,DOID:9398
NCIT:C3503,DOID:9427
NCIT:C35335,DOID:9439
NCIT:C40215,DOID:9442
NCIT:C6342,DOID:9445
NCIT:C75120,DOID:9467
NCIT:C35300,DOID:9476
NCIT:C92852,DOID:9478
NCIT:C12264,DOID:9487
NCIT:C34471,DOID:9502
NCIT:C35301,DOID:9503
NCIT:C3180,DOID:9513
NCIT:C130994,DOID:9521
NCIT:C35056,DOID:9531
NCIT:C128418,DOID:9537
NCIT:C3242,DOID:9538
NCIT:C35254,DOID:9540
NCIT:C7813,DOID:9544
NCIT:C7150,DOID:9550
NCIT:C84669,DOID:9565
NCIT:C116810,DOID:9577
NCIT:C35121,DOID:9584
NCIT:C26995,DOID:9589
NCIT:C5344,DOID:959
NCIT:C3153,DOID:9597
NCIT:C4728,DOID:9599
NCIT:C35037,DOID:96
NCIT:C3866,DOID:960
NCIT:C6483,DOID:9601
NCIT:C84916,DOID:9602
NCIT:C4729,DOID:9603
NCIT:C5704,DOID:961
NCIT:C84467,DOID:9620
NCIT:C122991,DOID:9622
NCIT:C85002,DOID:9631
NCIT:C84581,DOID:9643
NCIT:C62546,DOID:9663
NCIT:C34852,DOID:9672
NCIT:C35039,DOID:9673
NCIT:C50607,DOID:9681
NCIT:C35547,DOID:9682
NCIT:C116815,DOID:9699
NCIT:C53656,DOID:9700
NCIT:C78308,DOID:9714
NCIT:C50807,DOID:9726
NCIT:C123020,DOID:9733
NCIT:C26792,DOID:9746
NCIT:C35592,DOID:9765
NCIT:C35792,DOID:9766
NCIT:C82343,DOID:9778
NCIT:C85199,DOID:9784
NCIT:C26985,DOID:9788
NCIT:C34758,DOID:9790
NCIT:C26847,DOID:9810
NCIT:C34469,DOID:9821
NCIT:C34716,DOID:9837
NCIT:C42086,DOID:9841
NCIT:C35086,DOID:9861
NCIT:C34731,DOID:9868
NCIT:C84720,DOID:9869
NCIT:C50655,DOID:988
NCIT:C26717,DOID:9903
NCIT:C82859,DOID:9905
NCIT:C118722,DOID:9909
NCIT:C92561,DOID:9923
NCIT:C85225,DOID:9931
NCIT:C98968,DOID:9939
NCIT:C98894,DOID:9955
NCIT:C26963,DOID:9969
NCIT:C34492,DOID:9975
NCIT:C34694,DOID:9976
NCIT:C6244,DOID:9986
NCIT:C171602,DOID:9997
