NCIT:C3235,DOID:4
NCIT:C114354,DOID:8857
NCIT:C128411,DOID:1352
NCIT:C35716,DOID:3770
NCIT:C62586,DOID:2797
NCIT:C35288,DOID:2797
NCIT:C84501,DOID:331
NCIT:C84571,DOID:0060036
NCIT:C97159,DOID:0060041
NCIT:C84789,DOID:906
NCIT:C84760,DOID:37
NCIT:C103921,DOID:2490
NCIT:C84604,DOID:0050338
NCIT:C168988,DOID:12336
NCIT:C113750,DOID:2485
NCIT:C35528,DOID:0060388
NCIT:C61273,DOID:3211
NCIT:C84905,DOID:3883
NCIT:C111884,DOID:37
NCIT:C4099,DOID:305
NCIT:C54203,DOID:9973
NCIT:C80280,DOID:707
NCIT:C3453,DOID:225
NCIT:C170437,DOID:906
NCIT:C26703,DOID:10273
NCIT:C26884,DOID:535
NCIT:C116337,DOID:0050847
NCIT:C3771,DOID:0050938
NCIT:C3211,DOID:0060058
NCIT:C5398,DOID:368
NCIT:C180557,DOID:4090
NCIT:C85076,DOID:12377
NCIT:C26723,DOID:0050589
NCIT:C38504,DOID:0060180
NCIT:C27021,DOID:0060182
NCIT:C27147,DOID:0060182
NCIT:C128347,DOID:0060180
NCIT:C84782,DOID:8778
NCIT:C37262,DOID:0050589
NCIT:C70646,DOID:225
NCIT:C50466,DOID:10273
NCIT:C98873,DOID:12960
NCIT:C35043,DOID:4186
NCIT:C131133,DOID:205
NCIT:C118435,DOID:10123
NCIT:C27298,DOID:5614
NCIT:C34631,DOID:77
NCIT:C161554,DOID:9720
NCIT:C61233,DOID:582
NCIT:C173131,DOID:10123
NCIT:C112198,DOID:1762
NCIT:C3182,DOID:0060318
NCIT:C98997,DOID:0080015
NCIT:C34945,DOID:229
NCIT:C3477,DOID:11102
NCIT:C131420,DOID:2256
NCIT:C130985,DOID:12347
NCIT:C121563,DOID:9252
NCIT:C124056,DOID:2256
NCIT:C45716,DOID:305
NCIT:C66950,DOID:299
NCIT:C53554,DOID:3459
NCIT:C131685,DOID:12531
NCIT:C3519,DOID:4972
NCIT:C148261,DOID:0060782
NCIT:C126560,DOID:2256
NCIT:C98813,DOID:26
NCIT:C34910,DOID:9182
NCIT:C34555,DOID:9406
NCIT:C130983,DOID:0060388
NCIT:C48829,DOID:0050580
NCIT:C84453,DOID:1852
NCIT:C84402,DOID:1852
NCIT:C34418,DOID:0070313
NCIT:C120902,DOID:557
NCIT:C99053,DOID:1682
NCIT:C48613,DOID:8923
NCIT:C168999,DOID:0070438
NCIT:C34733,DOID:5353
NCIT:C84275,DOID:0080164
NCIT:C84276,DOID:0080164
NCIT:C84277,DOID:0080164
NCIT:C3178,DOID:1036
NCIT:C8863,DOID:0050748
NCIT:C135017,DOID:3908
NCIT:C7153,DOID:0080524
NCIT:C26731,DOID:5614
NCIT:C2890,DOID:0050117
NCIT:C26908,DOID:5614
NCIT:C26886,DOID:77
NCIT:C26912,DOID:178
NCIT:C2886,DOID:2473
NCIT:C3333,DOID:850
NCIT:C26745,DOID:0050134
NCIT:C34656,DOID:16
NCIT:C34536,DOID:8913
NCIT:C34528,DOID:934
NCIT:C26843,DOID:2825
NCIT:C3245,DOID:0050117
NCIT:C34569,DOID:4977
NCIT:C84599,DOID:0050338
NCIT:C84638,DOID:0060340
NCIT:C128334,DOID:0050338
NCIT:C26835,DOID:7
NCIT:C26869,DOID:3082
NCIT:C84565,DOID:0050338
NCIT:C26771,DOID:229
NCIT:C3101,DOID:4
NCIT:C3114,DOID:2914
NCIT:C38759,DOID:934
NCIT:C3196,DOID:3118
NCIT:C34953,DOID:1398
NCIT:C2934,DOID:863
NCIT:C26767,DOID:0050155
NCIT:C26801,DOID:77
NCIT:C97110,DOID:331
NCIT:C3149,DOID:18
NCIT:C26910,DOID:229
NCIT:C27631,DOID:229
NCIT:C40241,DOID:345
NCIT:C26903,DOID:18
NCIT:C27641,DOID:77
NCIT:C87145,DOID:5614
NCIT:C26875,DOID:5614
NCIT:C97095,DOID:0050032
NCIT:C84586,DOID:0050338
NCIT:C4691,DOID:612
NCIT:C28193,DOID:4
NCIT:C117254,DOID:9455
NCIT:C85005,DOID:655
NCIT:C26878,DOID:0080005
NCIT:C84392,DOID:0060038
NCIT:C35111,DOID:12030
NCIT:C94834,DOID:423
NCIT:C97090,DOID:655
NCIT:C26690,DOID:28
NCIT:C4731,DOID:574
NCIT:C36078,DOID:12449
NCIT:C26757,DOID:0050155
NCIT:C34560,DOID:0080006
NCIT:C123330,DOID:8466
NCIT:C3207,DOID:75
NCIT:C128414,DOID:4166
NCIT:C34723,DOID:150
NCIT:C26782,DOID:5614
NCIT:C34747,DOID:37
NCIT:C96716,DOID:9741
NCIT:C9305,DOID:14566
NCIT:C2900,DOID:18
NCIT:C50575,DOID:4535
NCIT:C2868,DOID:0014667
NCIT:C34376,DOID:720
NCIT:C26729,DOID:17
NCIT:C84482,DOID:1682
NCIT:C34563,DOID:480
NCIT:C34460,DOID:936
NCIT:C84528,DOID:13399
NCIT:C35625,DOID:5614
NCIT:C3020,DOID:936
NCIT:C35458,DOID:303
NCIT:C101216,DOID:66
NCIT:C27090,DOID:331
NCIT:C34737,DOID:3480
NCIT:C124575,DOID:1923
NCIT:C85874,DOID:2490
NCIT:C84699,DOID:6050
NCIT:C45525,DOID:114
NCIT:C2931,DOID:7
NCIT:C26784,DOID:10952
NCIT:C34738,DOID:178
NCIT:C127822,DOID:866
NCIT:C26738,DOID:365
NCIT:C26907,DOID:229
NCIT:C140267,DOID:607
NCIT:C53459,DOID:0060084
NCIT:C5573,DOID:368
NCIT:C27605,DOID:5614
NCIT:C3350,DOID:4610
NCIT:C3772,DOID:305
NCIT:C5437,DOID:769
NCIT:C92203,DOID:150
NCIT:C3009,DOID:7
NCIT:C3472,DOID:0111962
NCIT:C3990,DOID:2959
NCIT:C26931,DOID:2115
NCIT:C107377,DOID:7
NCIT:C2893,DOID:4
NCIT:C89334,DOID:0060038
NCIT:C35284,DOID:591
NCIT:C172304,DOID:0060502
NCIT:C26709,DOID:0060118
NCIT:C4874,DOID:1659
NCIT:C84542,DOID:2033
NCIT:C34956,DOID:150
NCIT:C3021,DOID:1826
NCIT:C117005,DOID:6364
NCIT:C94409,DOID:5295
NCIT:C85053,DOID:12798
NCIT:C34458,DOID:3527
NCIT:C87125,DOID:11971
NCIT:C34712,DOID:0080005
NCIT:C34677,DOID:576
NCIT:C79545,DOID:9297
NCIT:C35079,DOID:974
NCIT:C35346,DOID:75
NCIT:C27065,DOID:2742
NCIT:C3298,DOID:0080011
NCIT:C131634,DOID:1247
NCIT:C2944,DOID:161
NCIT:C26955,DOID:8432
NCIT:C172313,DOID:3044
NCIT:C78787,DOID:2213
NCIT:C84492,DOID:1682
NCIT:C68677,DOID:1247
NCIT:C39725,DOID:2914
NCIT:C4967,DOID:9952
NCIT:C34385,DOID:11155
NCIT:C173793,DOID:403
NCIT:C84691,DOID:2730
NCIT:C26859,DOID:0050161
NCIT:C84655,DOID:11971
NCIT:C90598,DOID:2730
NCIT:C84692,DOID:2730
NCIT:C177244,DOID:2234
NCIT:C85034,DOID:447
NCIT:C62591,DOID:53
NCIT:C41236,DOID:0080005
NCIT:C26845,DOID:0050890
NCIT:C26834,DOID:10952
NCIT:C3362,DOID:2468
NCIT:C84675,DOID:9884
NCIT:C4375,DOID:9993
NCIT:C84400,DOID:13580
NCIT:C84685,DOID:9884
NCIT:C34820,DOID:1383
NCIT:C84639,DOID:9267
NCIT:C161542,DOID:1443
NCIT:C2892,DOID:225
NCIT:C34450,DOID:573
NCIT:C99027,DOID:896
NCIT:C101328,DOID:423
NCIT:C26805,DOID:10124
NCIT:C115993,DOID:5679
NCIT:C26711,DOID:2473
NCIT:C3672,DOID:10575
NCIT:C4131,DOID:684
NCIT:C2923,DOID:3910
NCIT:C3483,DOID:1240
NCIT:C40435,DOID:14766
NCIT:C131850,DOID:50
NCIT:C85045,DOID:8466
NCIT:C97093,DOID:65
NCIT:C34449,DOID:0060036
NCIT:C2866,DOID:680
NCIT:C3794,DOID:193
NCIT:C3346,DOID:0060039
NCIT:C120197,DOID:14447
NCIT:C26323,DOID:7
NCIT:C84475,DOID:1176
NCIT:C27579,DOID:2115
NCIT:C171133,DOID:0080599
NCIT:C80331,DOID:0080630
NCIT:C80335,DOID:0080630
NCIT:C80338,DOID:0080630
NCIT:C130039,DOID:0080630
NCIT:C123245,DOID:585
NCIT:C120199,DOID:14447
NCIT:C53555,DOID:3459
NCIT:C129309,DOID:0080879
NCIT:C129440,DOID:0050902
NCIT:C129441,DOID:0050902
NCIT:C129442,DOID:0080703
NCIT:C129443,DOID:0080703
NCIT:C129444,DOID:0050902
NCIT:C129445,DOID:0080706
NCIT:C129446,DOID:0080706
NCIT:C129699,DOID:12241
NCIT:C120191,DOID:4674
NCIT:C7224,DOID:0050745
NCIT:C3164,DOID:9119
NCIT:C122688,DOID:9119
NCIT:C6971,DOID:3565
NCIT:C185167,DOID:3078
NCIT:C39750,DOID:3068
NCIT:C129321,DOID:7154
NCIT:C129351,DOID:0080890
NCIT:C4915,DOID:0081286
NCIT:C7152,DOID:0080780
NCIT:C116936,DOID:936
NCIT:C129785,DOID:9119
NCIT:C36080,DOID:0050745
NCIT:C125904,DOID:707
NCIT:C4153,DOID:3458
NCIT:C82212,DOID:9953
NCIT:C148395,DOID:0050745
NCIT:C148398,DOID:0050745
NCIT:C148394,DOID:0050745
NCIT:C148396,DOID:0050745
NCIT:C7203,DOID:12603
NCIT:C82423,DOID:9119
NCIT:C7463,DOID:9119
NCIT:C82426,DOID:9119
NCIT:C8460,DOID:9119
NCIT:C3249,DOID:9119
NCIT:C3250,DOID:9119
NCIT:C82431,DOID:9119
NCIT:C129782,DOID:9119
NCIT:C129786,DOID:9119
NCIT:C7600,DOID:9119
NCIT:C9288,DOID:9119
NCIT:C174129,DOID:9119
NCIT:C82433,DOID:9119
NCIT:C82427,DOID:9119
NCIT:C4289,DOID:3307
NCIT:C165671,DOID:3098
NCIT:C120224,DOID:0081249
NCIT:C92552,DOID:0080829
NCIT:C185196,DOID:4857
NCIT:C94524,DOID:5048
NCIT:C92554,DOID:0060090
NCIT:C129431,DOID:0060090
NCIT:C179229,DOID:0060090
NCIT:C186534,DOID:0060103
NCIT:C129424,DOID:0060090
NCIT:C185879,DOID:3078
NCIT:C7931,DOID:0081307
NCIT:C4342,DOID:707
NCIT:C186556,DOID:0060103
NCIT:C186610,DOID:2132
NCIT:C84733,DOID:2747
NCIT:C155996,DOID:0050718
NCIT:C142085,DOID:655
NCIT:C126328,DOID:0050439
NCIT:C126329,DOID:0050439
NCIT:C75008,DOID:9258
NCIT:C85213,DOID:12531
NCIT:C125484,DOID:110
NCIT:C27855,DOID:0111157
NCIT:C3056,DOID:0060704
NCIT:C132826,DOID:0111198
NCIT:C3274,DOID:8712
NCIT:C3391,DOID:178
NCIT:C123212,DOID:2977
NCIT:C123213,DOID:2977
NCIT:C123214,DOID:2977
NCIT:C120409,DOID:225
NCIT:C124520,DOID:0080015
NCIT:C98989,DOID:5614
NCIT:C101253,DOID:0050828
NCIT:C84479,DOID:1247
NCIT:C26760,DOID:936
NCIT:C27778,DOID:0060031
NCIT:C26832,DOID:319
NCIT:C112112,DOID:37
NCIT:C34831,DOID:3978
NCIT:C34375,DOID:10241
NCIT:C27226,DOID:1923
NCIT:C28397,DOID:1176
NCIT:C34863,DOID:1891
NCIT:C2983,DOID:37
NCIT:C116757,DOID:936
NCIT:C113352,DOID:1100
NCIT:C4094,DOID:4015
NCIT:C4324,DOID:3069
NCIT:C35823,DOID:75
NCIT:C80427,DOID:3393
NCIT:C112175,DOID:37
NCIT:C95437,DOID:4989
NCIT:C43263,DOID:557
NCIT:C84919,DOID:9409
NCIT:C9300,DOID:1037
NCIT:C85041,DOID:0050706
NCIT:C84673,DOID:0060036
NCIT:C3403,DOID:3095
NCIT:C3746,DOID:201
NCIT:C85039,DOID:6432
NCIT:C182453,DOID:480
NCIT:C2937,DOID:368
NCIT:C62569,DOID:1697
NCIT:C3292,DOID:205
NCIT:C72069,DOID:419
NCIT:C27301,DOID:870
NCIT:C34704,DOID:1168
NCIT:C35194,DOID:8501
NCIT:C34368,DOID:10241
NCIT:C84473,DOID:1681
NCIT:C37864,DOID:2916
NCIT:C84828,DOID:9884
NCIT:C61257,DOID:9455
NCIT:C26840,DOID:4254
NCIT:C82892,DOID:896
NCIT:C2951,DOID:409
NCIT:C2902,DOID:74
NCIT:C79597,DOID:421
NCIT:C37308,DOID:0050851
NCIT:C26812,DOID:5614
NCIT:C34515,DOID:3393
NCIT:C84704,DOID:9884
NCIT:C5041,DOID:2033
NCIT:C84796,DOID:0050705
NCIT:C26739,DOID:2952
NCIT:C62798,DOID:0060036
NCIT:C7636,DOID:0050706
NCIT:C179710,DOID:891
NCIT:C79698,DOID:5656
NCIT:C34381,DOID:2355
NCIT:C26768,DOID:37
NCIT:C123158,DOID:2978
NCIT:C61420,DOID:1923
NCIT:C120198,DOID:14447
NCIT:C110940,DOID:9406
NCIT:C99026,DOID:2452
NCIT:C7461,DOID:5395
NCIT:C113217,DOID:28
NCIT:C35057,DOID:9988
NCIT:C34571,DOID:9675
NCIT:C4227,DOID:8923
NCIT:C4225,DOID:8923
NCIT:C3504,DOID:345
NCIT:C4426,DOID:2598
NCIT:C34734,DOID:331
NCIT:C84541,DOID:10113
NCIT:C26806,DOID:10124
NCIT:C35113,DOID:10132
NCIT:C3130,DOID:7505
NCIT:C3307,DOID:1891
NCIT:C4254,DOID:3315
NCIT:C3703,DOID:3315
NCIT:C27530,DOID:3315
NCIT:C6503,DOID:3315
NCIT:C94352,DOID:0060044
NCIT:C84709,DOID:896
NCIT:C114281,DOID:10302
NCIT:C26882,DOID:10854
NCIT:C27559,DOID:10316
NCIT:C84573,DOID:10316
NCIT:C34410,DOID:10316
NCIT:C84605,DOID:10316
NCIT:C34389,DOID:10316
NCIT:C3369,DOID:10316
NCIT:C34390,DOID:10316
NCIT:C27026,DOID:10316
NCIT:C35397,DOID:10316
NCIT:C35315,DOID:10316
NCIT:C3378,DOID:10350
NCIT:C3660,DOID:5997
NCIT:C3039,DOID:0060082
NCIT:C128374,DOID:10341
NCIT:C41353,DOID:0050338
NCIT:C118764,DOID:5614
NCIT:C34354,DOID:824
NCIT:C50593,DOID:9383
NCIT:C116006,DOID:974
NCIT:C128339,DOID:10458
NCIT:C98912,DOID:10481
NCIT:C34700,DOID:11372
NCIT:C3653,DOID:1397
NCIT:C27131,DOID:3717
NCIT:C188051,DOID:10534
NCIT:C34813,DOID:331
NCIT:C41354,DOID:10371
NCIT:C41352,DOID:10371
NCIT:C26838,DOID:0080005
NCIT:C85043,DOID:3146
NCIT:C85021,DOID:10763
NCIT:C84748,DOID:9252
NCIT:C116768,DOID:2769
NCIT:C34646,DOID:4195
NCIT:C99059,DOID:5295
NCIT:C34431,DOID:5295
NCIT:C45428,DOID:5295
NCIT:C26714,DOID:0060031
NCIT:C27056,DOID:2568
NCIT:C34641,DOID:1686
NCIT:C3515,DOID:10350
NCIT:C3125,DOID:3463
NCIT:C53662,DOID:3463
NCIT:C3661,DOID:3463
NCIT:C35394,DOID:1067
NCIT:C4376,DOID:557
NCIT:C34885,DOID:5100
NCIT:C123216,DOID:11400
NCIT:C3119,DOID:272
NCIT:C26830,DOID:1602
NCIT:C34817,DOID:2860
NCIT:C34626,DOID:0050127
NCIT:C35031,DOID:0050127
NCIT:C94358,DOID:0060043
NCIT:C3118,DOID:10763
NCIT:C3478,DOID:10763
NCIT:C94360,DOID:0060044
NCIT:C94356,DOID:0060043
NCIT:C101362,DOID:0060429
NCIT:C3655,DOID:10754
NCIT:C27593,DOID:3817
NCIT:C128439,DOID:934
NCIT:C3111,DOID:1443
NCIT:C3656,DOID:10825
NCIT:C2867,DOID:1561
NCIT:C35764,DOID:0070313
NCIT:C92633,DOID:1510
NCIT:C92637,DOID:1510
NCIT:C92638,DOID:1510
NCIT:C88411,DOID:2030
NCIT:C94330,DOID:10935
NCIT:C92197,DOID:150
NCIT:C92631,DOID:1510
NCIT:C92630,DOID:1510
NCIT:C88413,DOID:1510
NCIT:C26833,DOID:557
NCIT:C34781,DOID:0050669
NCIT:C34844,DOID:1184
NCIT:C171201,DOID:10974
NCIT:C40120,DOID:5733
NCIT:C34645,DOID:2921
NCIT:C101304,DOID:11252
NCIT:C84535,DOID:639
NCIT:C129468,DOID:10139
NCIT:C26970,DOID:11030
NCIT:C94328,DOID:10935
NCIT:C94331,DOID:10935
NCIT:C26858,DOID:780
NCIT:C84602,DOID:0050338
NCIT:C34970,DOID:0050338
NCIT:C26796,DOID:5200
NCIT:C52595,DOID:5330
NCIT:C34963,DOID:9809
NCIT:C3657,DOID:10763
NCIT:C34443,DOID:0060262
NCIT:C34718,DOID:1383
NCIT:C27043,DOID:850
NCIT:C118765,DOID:1237
NCIT:C5028,DOID:934
NCIT:C34962,DOID:5330
NCIT:C35196,DOID:11184
NCIT:C26844,DOID:28
NCIT:C48280,DOID:13543
NCIT:C50648,DOID:0050593
NCIT:C35704,DOID:11184
NCIT:C99000,DOID:11230
NCIT:C27069,DOID:8432
NCIT:C97167,DOID:11244
NCIT:C111856,DOID:11247
NCIT:C2992,DOID:2452
NCIT:C99108,DOID:5113
NCIT:C34927,DOID:591
NCIT:C28182,DOID:934
NCIT:C34873,DOID:0050338
NCIT:C26853,DOID:1130
NCIT:C2882,DOID:255
NCIT:C27117,DOID:3646
NCIT:C62018,DOID:0050822
NCIT:C94376,DOID:2468
NCIT:C84544,DOID:65
NCIT:C34995,DOID:2916
NCIT:C85185,DOID:0050338
NCIT:C82068,DOID:1483
NCIT:C79717,DOID:5614
NCIT:C160155,DOID:365
NCIT:C34772,DOID:110
NCIT:C34810,DOID:5353
NCIT:C12326,DOID:1923
NCIT:C92562,DOID:93
NCIT:C3353,DOID:11162
NCIT:C26868,DOID:11162
NCIT:C123038,DOID:1076
NCIT:C179646,DOID:289
NCIT:C34601,DOID:540
NCIT:C85035,DOID:9428
NCIT:C87110,DOID:0080015
NCIT:C111644,DOID:118
NCIT:C28155,DOID:11504
NCIT:C50481,DOID:118
NCIT:C27033,DOID:11465
NCIT:C92567,DOID:8670
NCIT:C157879,DOID:114
NCIT:C3514,DOID:5679
NCIT:C82994,DOID:0050338
NCIT:C12333,DOID:11054
NCIT:C117312,DOID:3463
NCIT:C34834,DOID:1459
NCIT:C90599,DOID:850
NCIT:C101223,DOID:0080014
NCIT:C27548,DOID:6498
NCIT:C35645,DOID:1168
NCIT:C34537,DOID:9352
NCIT:C35610,DOID:341
NCIT:C34942,DOID:9351
NCIT:C122685,DOID:4194
NCIT:C34711,DOID:1168
NCIT:C45161,DOID:0050338
NCIT:C34380,DOID:2355
NCIT:C26975,DOID:3437
NCIT:C3319,DOID:0050829
NCIT:C34952,DOID:5113
NCIT:C12337,DOID:11054
NCIT:C12332,DOID:11054
NCIT:C113400,DOID:3021
NCIT:C27896,DOID:225
NCIT:C157149,DOID:11830
NCIT:C102533,DOID:9835
NCIT:C118707,DOID:5691
NCIT:C3980,DOID:1826
NCIT:C84641,DOID:0080006
NCIT:C7638,DOID:1245
NCIT:C34535,DOID:8913
NCIT:C26802,DOID:649
NCIT:C27025,DOID:870
NCIT:C9224,DOID:6050
NCIT:C34858,DOID:9970
NCIT:C123259,DOID:2519
NCIT:C26885,DOID:2519
NCIT:C120909,DOID:48
NCIT:C5572,DOID:368
NCIT:C34510,DOID:656
NCIT:C101270,DOID:2383
NCIT:C2967,DOID:2473
NCIT:C84950,DOID:1891
NCIT:C92566,DOID:8670
NCIT:C34562,DOID:3324
NCIT:C79696,DOID:365
NCIT:C37913,DOID:9471
NCIT:C118299,DOID:9471
NCIT:C34919,DOID:8466
NCIT:C34683,DOID:12205
NCIT:C92839,DOID:780
NCIT:C84826,DOID:1307
NCIT:C98877,DOID:5614
NCIT:C84563,DOID:240
NCIT:C34544,DOID:4223
NCIT:C34682,DOID:934
NCIT:C35006,DOID:5419
NCIT:C84787,DOID:10123
NCIT:C26915,DOID:0060039
NCIT:C34741,DOID:2741
NCIT:C3433,DOID:3663
NCIT:C94359,DOID:1235
NCIT:C94353,DOID:0060044
NCIT:C34797,DOID:2789
NCIT:C26710,DOID:552
NCIT:C118847,DOID:0060160
NCIT:C84583,DOID:2789
NCIT:C94335,DOID:10937
NCIT:C94333,DOID:10937
NCIT:C94332,DOID:10937
NCIT:C94334,DOID:10937
NCIT:C2870,DOID:2355
NCIT:C34889,DOID:2355
NCIT:C113335,DOID:13543
NCIT:C27591,DOID:3418
NCIT:C50732,DOID:5327
NCIT:C34409,DOID:841
NCIT:C85183,DOID:1187
NCIT:C75545,DOID:557
NCIT:C34749,DOID:3021
NCIT:C79804,DOID:732
NCIT:C98952,DOID:12639
NCIT:C34966,DOID:3122
NCIT:C98945,DOID:76
NCIT:C34891,DOID:0050292
NCIT:C34428,DOID:0050292
NCIT:C34422,DOID:540
NCIT:C129934,DOID:936
NCIT:C92563,DOID:2033
NCIT:C3073,DOID:1923
NCIT:C3157,DOID:0060084
NCIT:C28194,DOID:341
NCIT:C34459,DOID:1936
NCIT:C3354,DOID:934
NCIT:C34903,DOID:8886
NCIT:C35110,DOID:13141
NCIT:C117004,DOID:6364
NCIT:C84903,DOID:12798
NCIT:C50721,DOID:331
NCIT:C112836,DOID:50
NCIT:C97161,DOID:0060041
NCIT:C9493,DOID:4737
NCIT:C34819,DOID:417
NCIT:C27649,DOID:10854
NCIT:C35070,DOID:341
NCIT:C98922,DOID:0050825
NCIT:C34585,DOID:397
NCIT:C53653,DOID:3978
NCIT:C34800,DOID:12365
NCIT:C4062,DOID:9500
NCIT:C89329,DOID:0060038
NCIT:C95804,DOID:3407
NCIT:C35044,DOID:225
NCIT:C34590,DOID:9368
NCIT:C34982,DOID:5679
NCIT:C85198,DOID:10914
NCIT:C26705,DOID:1529
NCIT:C128426,DOID:13034
NCIT:C85006,DOID:6432
NCIT:C114827,DOID:557
NCIT:C34746,DOID:161
NCIT:C85505,DOID:1563
NCIT:C99013,DOID:2034
NCIT:C34436,DOID:8483
NCIT:C34456,DOID:8483
NCIT:C79702,DOID:4123
NCIT:C98670,DOID:0060160
NCIT:C128143,DOID:13138
NCIT:C26909,DOID:3480
NCIT:C3658,DOID:11130
NCIT:C26934,DOID:1679
NCIT:C3559,DOID:3856
NCIT:C34811,DOID:6050
NCIT:C35271,DOID:12176
NCIT:C131437,DOID:12176
NCIT:C35023,DOID:5113
NCIT:C84457,DOID:8947
NCIT:C35668,DOID:8947
NCIT:C3241,DOID:5295
NCIT:C35089,DOID:0050338
NCIT:C97096,DOID:655
NCIT:C128419,DOID:934
NCIT:C5717,DOID:26
NCIT:C84316,DOID:26
NCIT:C94355,DOID:0060044
NCIT:C84397,DOID:2345
NCIT:C34825,DOID:1602
NCIT:C2871,DOID:5113
NCIT:C34382,DOID:2361
NCIT:C3891,DOID:1432
NCIT:C34974,DOID:12449
NCIT:C35441,DOID:11335
NCIT:C35807,DOID:11335
NCIT:C78528,DOID:9741
NCIT:C79596,DOID:936
NCIT:C26904,DOID:732
NCIT:C34638,DOID:0050338
NCIT:C84642,DOID:0050292
NCIT:C119046,DOID:11343
NCIT:C3523,DOID:13033
NCIT:C85187,DOID:2256
NCIT:C97164,DOID:0060040
NCIT:C35075,DOID:10944
NCIT:C123175,DOID:1679
NCIT:C34899,DOID:1289
NCIT:C34639,DOID:1686
NCIT:C113824,DOID:11244
NCIT:C3219,DOID:1350
NCIT:C83006,DOID:4138
NCIT:C87167,DOID:10591
NCIT:C34742,DOID:13580
NCIT:C4419,DOID:1350
NCIT:C34420,DOID:13580
NCIT:C34619,DOID:1882
NCIT:C118750,DOID:4677
NCIT:C34607,DOID:2862
NCIT:C4416,DOID:1350
NCIT:C119049,DOID:225
NCIT:C94349,DOID:10132
NCIT:C85059,DOID:1091
NCIT:C35010,DOID:5113
NCIT:C50552,DOID:1400
NCIT:C35777,DOID:5502
NCIT:C26689,DOID:10493
NCIT:C34924,DOID:934
NCIT:C35637,DOID:1168
NCIT:C26954,DOID:3418
NCIT:C35068,DOID:83
NCIT:C94337,DOID:10132
NCIT:C85182,DOID:1387
NCIT:C26951,DOID:574
NCIT:C34425,DOID:841
NCIT:C118712,DOID:13399
NCIT:C27105,DOID:11963
NCIT:C34637,DOID:3087
NCIT:C34757,DOID:1400
NCIT:C35342,DOID:5614
NCIT:C61443,DOID:229
NCIT:C79541,DOID:365
NCIT:C40164,DOID:13223
NCIT:C40172,DOID:13223
NCIT:C40168,DOID:13223
NCIT:C26809,DOID:5614
NCIT:C27001,DOID:3627
NCIT:C50621,DOID:240
NCIT:C35443,DOID:2921
NCIT:C34798,DOID:12365
NCIT:C34426,DOID:12365
NCIT:C128373,DOID:12365
NCIT:C35109,DOID:12030
NCIT:C127161,DOID:446
NCIT:C35498,DOID:0050339
NCIT:C4392,DOID:3153
NCIT:C116347,DOID:10908
NCIT:C34468,DOID:3480
NCIT:C3105,DOID:5241
NCIT:C27142,DOID:11702
NCIT:C26926,DOID:2537
NCIT:C27576,DOID:10223
NCIT:C28129,DOID:447
NCIT:C84442,DOID:0060611
NCIT:C84938,DOID:65
NCIT:C35314,DOID:3225
NCIT:C128386,DOID:11506
NCIT:C35666,DOID:1426
NCIT:C27148,DOID:18
NCIT:C35336,DOID:9446
NCIT:C35372,DOID:9446
NCIT:C35334,DOID:9446
NCIT:C34916,DOID:9446
NCIT:C85023,DOID:225
NCIT:C84681,DOID:0050826
NCIT:C34565,DOID:2059
NCIT:C92622,DOID:2030
NCIT:C34799,DOID:12365
NCIT:C34898,DOID:13548
NCIT:C113344,DOID:1414
NCIT:C129724,DOID:7166
NCIT:C35827,DOID:7166
NCIT:C98864,DOID:9252
NCIT:C34855,DOID:8295
NCIT:C119028,DOID:18
NCIT:C123429,DOID:1029
NCIT:C84775,DOID:1029
NCIT:C34605,DOID:841
NCIT:C94829,DOID:863
NCIT:C2994,DOID:8439
NCIT:C61271,DOID:0080217
NCIT:C84829,DOID:3146
NCIT:C61274,DOID:3211
NCIT:C3718,DOID:0060388
NCIT:C35192,DOID:8483
NCIT:C34983,DOID:225
NCIT:C84588,DOID:1453
NCIT:C112199,DOID:10944
NCIT:C26866,DOID:47
NCIT:C114767,DOID:9870
NCIT:C34796,DOID:1596
NCIT:C85030,DOID:0060159
NCIT:C8965,DOID:60006
NCIT:C98964,DOID:0060159
NCIT:C84569,DOID:9252
NCIT:C125698,DOID:13359
NCIT:C173795,DOID:3388
NCIT:C3961,DOID:0060158
NCIT:C2869,DOID:74
NCIT:C89715,DOID:936
NCIT:C4432,DOID:4610
NCIT:C3027,DOID:77
NCIT:C35768,DOID:2348
NCIT:C34915,DOID:0050829
NCIT:C35204,DOID:5844
NCIT:C26865,DOID:48
NCIT:C34596,DOID:540
NCIT:C26828,DOID:331
NCIT:C6943,DOID:10354
NCIT:C27194,DOID:870
NCIT:C34918,DOID:3388
NCIT:C50515,DOID:4677
NCIT:C35723,DOID:974
NCIT:C52593,DOID:214
NCIT:C97141,DOID:633
NCIT:C26695,DOID:1285
NCIT:C26716,DOID:2253
NCIT:C6624,DOID:5559
NCIT:C2878,DOID:1561
NCIT:C35206,DOID:820
NCIT:C26863,DOID:4961
NCIT:C3092,DOID:589
NCIT:C34809,DOID:0050127
NCIT:C3318,DOID:77
NCIT:C27102,DOID:2825
NCIT:C34578,DOID:640
NCIT:C35012,DOID:83
NCIT:C26786,DOID:28
NCIT:C35119,DOID:1557
NCIT:C3285,DOID:5614
NCIT:C34504,DOID:4251
NCIT:C35197,DOID:6195
NCIT:C16522,DOID:303
NCIT:C118723,DOID:0050836
NCIT:C26752,DOID:5295
NCIT:C35420,DOID:2030
NCIT:C27066,DOID:53
NCIT:C34964,DOID:557
NCIT:C3014,DOID:229
NCIT:C99246,DOID:10123
NCIT:C84791,DOID:936
NCIT:C78446,DOID:4079
NCIT:C27598,DOID:5656
NCIT:C2883,DOID:3342
NCIT:C34744,DOID:5614
NCIT:C27870,DOID:2115
NCIT:C26747,DOID:9351
NCIT:C34879,DOID:0080008
NCIT:C172147,DOID:5614
NCIT:C26811,DOID:786
NCIT:C35275,DOID:1393
NCIT:C26911,DOID:121
NCIT:C159658,DOID:654
NCIT:C35761,DOID:381
NCIT:C92200,DOID:1561
NCIT:C27221,DOID:574
NCIT:C26893,DOID:28
NCIT:C34465,DOID:9446
NCIT:C94407,DOID:381
NCIT:C82978,DOID:409
NCIT:C122812,DOID:1826
NCIT:C26874,DOID:5679
NCIT:C34973,DOID:1285
NCIT:C61469,DOID:50
NCIT:C26733,DOID:870
NCIT:C171941,DOID:381
NCIT:C2958,DOID:0060038
NCIT:C40118,DOID:5733
NCIT:C110923,DOID:5614
NCIT:C34493,DOID:2789
NCIT:C26748,DOID:870
NCIT:C26971,DOID:1400
NCIT:C34521,DOID:6970
NCIT:C50781,DOID:2316
NCIT:C3120,DOID:10763
NCIT:C98920,DOID:936
NCIT:C34398,DOID:0050828
NCIT:C112857,DOID:780
NCIT:C112183,DOID:530
NCIT:C79697,DOID:1279
NCIT:C3418,DOID:2113
NCIT:C27204,DOID:65
NCIT:C50766,DOID:65
NCIT:C185243,DOID:9848
NCIT:C27594,DOID:5656
NCIT:C34632,DOID:77
NCIT:C79548,DOID:4072
NCIT:C26718,DOID:4138
NCIT:C26687,DOID:10123
NCIT:C3065,DOID:0050338
NCIT:C34430,DOID:9423
NCIT:C35799,DOID:2921
NCIT:C3801,DOID:255
NCIT:C78579,DOID:4079
NCIT:C34998,DOID:7894
NCIT:C3086,DOID:484
NCIT:C39955,DOID:3856
NCIT:C63743,DOID:403
NCIT:C92636,DOID:1510
NCIT:C27057,DOID:2568
NCIT:C34400,DOID:1557
NCIT:C34501,DOID:10908
NCIT:C20701,DOID:302
NCIT:C72070,DOID:419
NCIT:C116791,DOID:418
NCIT:C138179,DOID:850
NCIT:C34984,DOID:104
NCIT:C3991,DOID:1588
NCIT:C85044,DOID:1073
NCIT:C181765,DOID:936
NCIT:C36083,DOID:0060082
NCIT:C84506,DOID:1681
NCIT:C3717,DOID:0060094
NCIT:C35225,DOID:381
NCIT:C3809,DOID:170
NCIT:C35424,DOID:1040
NCIT:C50462,DOID:62
NCIT:C97041,DOID:3165
NCIT:C35341,DOID:1727
NCIT:C6796,DOID:2664
NCIT:C7419,DOID:3168
NCIT:C3792,DOID:0060084
NCIT:C50654,DOID:61
NCIT:C84703,DOID:1756
NCIT:C26818,DOID:403
NCIT:C2860,DOID:0060089
NCIT:C85079,DOID:1826
NCIT:C3023,DOID:0050704
NCIT:C70938,DOID:572
NCIT:C50530,DOID:0050758
NCIT:C34445,DOID:9977
NCIT:C34657,DOID:9974
NCIT:C173930,DOID:4305
NCIT:C121932,DOID:200
NCIT:C3347,DOID:48
NCIT:C3098,DOID:934
NCIT:C4247,DOID:1115
NCIT:C3708,DOID:0050687
NCIT:C34752,DOID:0060429
NCIT:C85176,DOID:1712
NCIT:C85186,DOID:936
NCIT:C112200,DOID:987
NCIT:C26962,DOID:75
NCIT:C3275,DOID:0060115
NCIT:C175882,DOID:2007
NCIT:C3029,DOID:205
NCIT:C3097,DOID:934
NCIT:C27549,DOID:37
NCIT:C3389,DOID:2030
NCIT:C3761,DOID:2664
NCIT:C8596,DOID:0060109
NCIT:C6434,DOID:0060088
NCIT:C39611,DOID:5295
NCIT:C4076,DOID:2113
NCIT:C5567,DOID:368
NCIT:C3843,DOID:2394
NCIT:C34529,DOID:214
NCIT:C35530,DOID:2218
NCIT:C27015,DOID:2237
NCIT:C35131,DOID:229
NCIT:C128429,DOID:2282
NCIT:C112190,DOID:1383
NCIT:C27012,DOID:10124
NCIT:C171147,DOID:0050340
NCIT:C26780,DOID:76
NCIT:C35178,DOID:1862
NCIT:C35885,DOID:2345
NCIT:C35882,DOID:74
NCIT:C165675,DOID:2377
NCIT:C84799,DOID:936
NCIT:C39860,DOID:1680
NCIT:C3474,DOID:3165
NCIT:C6934,DOID:0060090
NCIT:C3060,DOID:3850
NCIT:C7076,DOID:3316
NCIT:C4463,DOID:3165
NCIT:C4222,DOID:5238
NCIT:C4475,DOID:3165
NCIT:C118859,DOID:1727
NCIT:C34507,DOID:2458
NCIT:C35616,DOID:6195
NCIT:C34508,DOID:2475
NCIT:C50687,DOID:331
NCIT:C3501,DOID:870
NCIT:C97145,DOID:2519
NCIT:C38012,DOID:557
NCIT:C3635,DOID:255
NCIT:C7760,DOID:1826
NCIT:C4687,DOID:2548
NCIT:C34653,DOID:865
NCIT:C34913,DOID:823
NCIT:C34793,DOID:0060442
NCIT:C3106,DOID:75
NCIT:C84526,DOID:906
NCIT:C4425,DOID:2598
NCIT:C4181,DOID:2615
NCIT:C4527,DOID:263
NCIT:C5112,DOID:1192
NCIT:C39954,DOID:0060112
NCIT:C4272,DOID:1618
NCIT:C3087,DOID:3850
NCIT:C8113,DOID:5207
NCIT:C7286,DOID:5567
NCIT:C38150,DOID:3316
NCIT:C3234,DOID:3314
NCIT:C3734,DOID:0060084
NCIT:C6581,DOID:3350
NCIT:C3363,DOID:3165
NCIT:C4271,DOID:1618
NCIT:C40392,DOID:2664
NCIT:C3233,DOID:201
NCIT:C4328,DOID:962
NCIT:C26852,DOID:1529
NCIT:C35163,DOID:37
NCIT:C84665,DOID:161
NCIT:C92635,DOID:1510
NCIT:C36197,DOID:0050338
NCIT:C116767,DOID:2769
NCIT:C27151,DOID:2773
NCIT:C26743,DOID:2723
NCIT:C4877,DOID:1896
NCIT:C34838,DOID:883
NCIT:C35806,DOID:2797
NCIT:C35717,DOID:2797
NCIT:C35578,DOID:1949
NCIT:C27310,DOID:2834
NCIT:C27178,DOID:8432
NCIT:C27312,DOID:2834
NCIT:C27174,DOID:2834
NCIT:C35434,DOID:2834
NCIT:C73511,DOID:535
NCIT:C113170,DOID:50
NCIT:C34675,DOID:2860
NCIT:C3306,DOID:26
NCIT:C26736,DOID:2916
NCIT:C34644,DOID:2921
NCIT:C34849,DOID:934
NCIT:C85064,DOID:0080599
NCIT:C34824,DOID:2952
NCIT:C114699,DOID:557
NCIT:C34643,DOID:2921
NCIT:C61283,DOID:0060051
NCIT:C7113,DOID:120
NCIT:C5212,DOID:0060082
NCIT:C27939,DOID:8791
NCIT:C34481,DOID:865
NCIT:C3796,DOID:3068
NCIT:C3724,DOID:1475
NCIT:C3199,DOID:2320
NCIT:C27162,DOID:2519
NCIT:C3959,DOID:77
NCIT:C38011,DOID:1285
NCIT:C85057,DOID:37
NCIT:C34710,DOID:1168
NCIT:C3146,DOID:3151
NCIT:C8964,DOID:0060123
NCIT:C7582,DOID:37
NCIT:C4237,DOID:1909
NCIT:C4101,DOID:2615
NCIT:C3793,DOID:2615
NCIT:C4724,DOID:3192
NCIT:C5421,DOID:2621
NCIT:C5321,DOID:3192
NCIT:C6970,DOID:3192
NCIT:C6969,DOID:3192
NCIT:C8401,DOID:7505
NCIT:C4258,DOID:3247
NCIT:C9150,DOID:3246
NCIT:C6519,DOID:3246
NCIT:C8365,DOID:10354
NCIT:C3411,DOID:3277
NCIT:C7386,DOID:3275
NCIT:C6454,DOID:3275
NCIT:C6885,DOID:3275
NCIT:C7114,DOID:3275
NCIT:C6453,DOID:3275
NCIT:C128421,DOID:934
NCIT:C3754,DOID:0060084
NCIT:C111963,DOID:2723
NCIT:C38151,DOID:3314
NCIT:C50847,DOID:2234
NCIT:C92634,DOID:1510
NCIT:C34875,DOID:0080011
NCIT:C61267,DOID:0080488
NCIT:C8563,DOID:3347
NCIT:C6470,DOID:0080639
NCIT:C168176,DOID:9768
NCIT:C4021,DOID:3347
NCIT:C7134,DOID:3376
NCIT:C26953,DOID:3418
NCIT:C3988,DOID:53
NCIT:C84548,DOID:3211
NCIT:C27575,DOID:633
NCIT:C84786,DOID:633
NCIT:C7073,DOID:3458
NCIT:C3302,DOID:3451
NCIT:C34840,DOID:37
NCIT:C9235,DOID:350
NCIT:C3774,DOID:299
NCIT:C9120,DOID:4074
NCIT:C84269,DOID:9500
NCIT:C7809,DOID:3355
NCIT:C50486,DOID:3454
NCIT:C39976,DOID:192
NCIT:C3757,DOID:3594
NCIT:C7449,DOID:3616
NCIT:C3733,DOID:3315
NCIT:C3019,DOID:5612
NCIT:C84596,DOID:3211
NCIT:C5443,DOID:5612
NCIT:C4944,DOID:3842
NCIT:C3129,DOID:3843
NCIT:C98969,DOID:0050758
NCIT:C84814,DOID:3762
NCIT:C85067,DOID:3211
NCIT:C3218,DOID:3663
NCIT:C27210,DOID:3418
NCIT:C3808,DOID:3675
NCIT:C27744,DOID:1289
NCIT:C4002,DOID:3721
NCIT:C3781,DOID:1749
NCIT:C26836,DOID:0060158
NCIT:C6811,DOID:3151
NCIT:C45909,DOID:1923
NCIT:C34775,DOID:3767
NCIT:C3470,DOID:2723
NCIT:C34388,DOID:1100
NCIT:C26972,DOID:2742
NCIT:C85019,DOID:161
NCIT:C2857,DOID:3829
NCIT:C35132,DOID:10273
NCIT:C4726,DOID:3840
NCIT:C4725,DOID:3840
NCIT:C39908,DOID:0060087
NCIT:C6904,DOID:0050902
NCIT:C3706,DOID:0050902
NCIT:C9497,DOID:0050902
NCIT:C5407,DOID:0050902
NCIT:C3760,DOID:5876
NCIT:C6504,DOID:3153
NCIT:C27487,DOID:3153
NCIT:C27486,DOID:3153
NCIT:C84540,DOID:3153
NCIT:C113210,DOID:2444
NCIT:C113208,DOID:9553
NCIT:C27044,DOID:397
NCIT:C4068,DOID:3451
NCIT:C7380,DOID:3969
NCIT:C128415,DOID:399
NCIT:C123159,DOID:1426
NCIT:C3190,DOID:6217
NCIT:C2928,DOID:299
NCIT:C3926,DOID:471
NCIT:C35330,DOID:2326
NCIT:C27051,DOID:4029
NCIT:C27329,DOID:4029
NCIT:C27348,DOID:4029
NCIT:C6514,DOID:461
NCIT:C4716,DOID:502
NCIT:C50783,DOID:0050826
NCIT:C3422,DOID:3095
NCIT:C39915,DOID:5557
NCIT:C3255,DOID:201
NCIT:C6902,DOID:3302
NCIT:C128413,DOID:4166
NCIT:C42048,DOID:769
NCIT:C3790,DOID:769
NCIT:C113150,DOID:4176
NCIT:C129722,DOID:4184
NCIT:C97166,DOID:92
NCIT:C27595,DOID:1188
NCIT:C27596,DOID:1188
NCIT:C4722,DOID:3565
NCIT:C35765,DOID:0060123
NCIT:C27005,DOID:1115
NCIT:C3747,DOID:178
NCIT:C5355,DOID:4265
NCIT:C84891,DOID:2473
NCIT:C62282,DOID:2513
NCIT:C84743,DOID:229
NCIT:C7585,DOID:2513
NCIT:C4109,DOID:2513
NCIT:C27182,DOID:2513
NCIT:C27536,DOID:2513
NCIT:C27538,DOID:2513
NCIT:C4108,DOID:2513
NCIT:C38110,DOID:2513
NCIT:C34934,DOID:4306
NCIT:C3751,DOID:461
NCIT:C27518,DOID:174
NCIT:C27516,DOID:174
NCIT:C27517,DOID:174
NCIT:C36171,DOID:934
NCIT:C53972,DOID:4330
NCIT:C35072,DOID:4337
NCIT:C78442,DOID:75
NCIT:C35775,DOID:240
NCIT:C3802,DOID:1909
NCIT:C4236,DOID:1909
NCIT:C123231,DOID:1701
NCIT:C175521,DOID:3044
NCIT:C3356,DOID:3405
NCIT:C3505,DOID:2723
NCIT:C34888,DOID:2723
NCIT:C35277,DOID:2723
NCIT:C2984,DOID:2723
NCIT:C34859,DOID:2773
NCIT:C27037,DOID:2723
NCIT:C4816,DOID:2772
NCIT:C3739,DOID:4231
NCIT:C6492,DOID:0060092
NCIT:C96410,DOID:13365
NCIT:C3379,DOID:169
NCIT:C28396,DOID:1799
NCIT:C5286,DOID:3565
NCIT:C34794,DOID:4449
NCIT:C35468,DOID:6929
NCIT:C6194,DOID:4450
NCIT:C4146,DOID:4450
NCIT:C39807,DOID:4450
NCIT:C34345,DOID:2256
NCIT:C34986,DOID:2163
NCIT:C4282,DOID:1790
NCIT:C45655,DOID:1790
NCIT:C7985,DOID:1790
NCIT:C34939,DOID:0050032
NCIT:C40220,DOID:4521
NCIT:C34386,DOID:0060046
NCIT:C34372,DOID:10914
NCIT:C27481,DOID:4549
NCIT:C3780,DOID:305
NCIT:C27625,DOID:1002
NCIT:C27626,DOID:1002
NCIT:C34583,DOID:0060000
NCIT:C5301,DOID:3565
NCIT:C4718,DOID:3565
NCIT:C4720,DOID:3565
NCIT:C4721,DOID:3565
NCIT:C3213,DOID:225
NCIT:C27016,DOID:4637
NCIT:C26937,DOID:1602
NCIT:C27332,DOID:1602
NCIT:C27135,DOID:1602
NCIT:C8714,DOID:768
NCIT:C7846,DOID:768
NCIT:C7848,DOID:768
NCIT:C9303,DOID:0060084
NCIT:C9286,DOID:349
NCIT:C4296,DOID:255
NCIT:C27055,DOID:4676
NCIT:C5164,DOID:3459
NCIT:C6555,DOID:255
NCIT:C34586,DOID:1242
NCIT:C5822,DOID:1192
NCIT:C5119,DOID:1192
NCIT:C5347,DOID:116
NCIT:C4299,DOID:471
NCIT:C3945,DOID:37
NCIT:C5423,DOID:4706
NCIT:C34988,DOID:4483
NCIT:C4298,DOID:255
NCIT:C26856,DOID:780
NCIT:C5586,DOID:3565
NCIT:C8997,DOID:688
NCIT:C36054,DOID:4765
NCIT:C36053,DOID:4765
NCIT:C35264,DOID:2921
NCIT:C35706,DOID:2921
NCIT:C35281,DOID:2921
NCIT:C35707,DOID:2921
NCIT:C35798,DOID:9808
NCIT:C35801,DOID:2921
NCIT:C35445,DOID:2921
NCIT:C35800,DOID:2921
NCIT:C66808,DOID:0060103
NCIT:C9284,DOID:349
NCIT:C9285,DOID:349
NCIT:C84628,DOID:3345
NCIT:C3727,DOID:1749
NCIT:C40315,DOID:4851
NCIT:C4323,DOID:0080829
NCIT:C5419,DOID:3069
NCIT:C27505,DOID:255
NCIT:C2970,DOID:0050904
NCIT:C40016,DOID:0060086
NCIT:C3681,DOID:305
NCIT:C4142,DOID:299
NCIT:C27018,DOID:255
NCIT:C4189,DOID:3458
NCIT:C36077,DOID:4928
NCIT:C65192,DOID:299
NCIT:C4754,DOID:255
NCIT:C34433,DOID:74
NCIT:C85031,DOID:4090
NCIT:C6895,DOID:2609
NCIT:C27388,DOID:684
NCIT:C6967,DOID:1664
NCIT:C128336,DOID:0050338
NCIT:C6909,DOID:3565
NCIT:C2922,DOID:2513
NCIT:C3697,DOID:4844
NCIT:C27617,DOID:2519
NCIT:C39958,DOID:2998
NCIT:C4257,DOID:127
NCIT:C6512,DOID:127
NCIT:C3748,DOID:127
NCIT:C4256,DOID:127
NCIT:C4483,DOID:0050622
NCIT:C6558,DOID:962
NCIT:C3797,DOID:962
NCIT:C41427,DOID:962
NCIT:C6559,DOID:2001
NCIT:C35543,DOID:2349
NCIT:C40270,DOID:1901
NCIT:C6951,DOID:2154
NCIT:C9149,DOID:2154
NCIT:C9147,DOID:2154
NCIT:C9146,DOID:2154
NCIT:C97085,DOID:520
NCIT:C9148,DOID:2154
NCIT:C42058,DOID:4163
NCIT:C42057,DOID:4163
NCIT:C128119,DOID:2978
NCIT:C36071,DOID:1389
NCIT:C35383,DOID:9588
NCIT:C3836,DOID:15
NCIT:C35796,DOID:9588
NCIT:C26761,DOID:9588
NCIT:C84754,DOID:3133
NCIT:C36079,DOID:2431
NCIT:C27495,DOID:1967
NCIT:C27494,DOID:1967
NCIT:C3108,DOID:934
NCIT:C3701,DOID:1967
NCIT:C4484,DOID:2687
NCIT:C34893,DOID:2712
NCIT:C3820,DOID:1227
NCIT:C39986,DOID:2155
NCIT:C97083,DOID:934
NCIT:C40396,DOID:3017
NCIT:C5386,DOID:264
NCIT:C7368,DOID:5375
NCIT:C35344,DOID:2860
NCIT:C35287,DOID:2860
NCIT:C4151,DOID:657
NCIT:C3342,DOID:5395
NCIT:C4159,DOID:657
NCIT:C4155,DOID:657
NCIT:C3915,DOID:5409
NCIT:C94378,DOID:2468
NCIT:C4171,DOID:3896
NCIT:C7568,DOID:173
NCIT:C4170,DOID:5876
NCIT:C4172,DOID:5876
NCIT:C37215,DOID:0050625
NCIT:C8985,DOID:2683
NCIT:C8986,DOID:2683
NCIT:C6533,DOID:5485
NCIT:C4277,DOID:5485
NCIT:C4278,DOID:5485
NCIT:C4713,DOID:4844
NCIT:C6903,DOID:4844
NCIT:C4319,DOID:4844
NCIT:C7169,DOID:1660
NCIT:C4105,DOID:1749
NCIT:C9015,DOID:3307
NCIT:C43345,DOID:2095
NCIT:C34415,DOID:225
NCIT:C26749,DOID:169
NCIT:C34959,DOID:48
NCIT:C3050,DOID:169
NCIT:C4461,DOID:3149
NCIT:C35130,DOID:65
NCIT:C123215,DOID:11400
NCIT:C6267,DOID:3706
NCIT:C9119,DOID:3458
NCIT:C5135,DOID:5612
NCIT:C27216,DOID:3770
NCIT:C27103,DOID:3770
NCIT:C4152,DOID:3459
NCIT:C4107,DOID:305
NCIT:C4188,DOID:0060074
NCIT:C3680,DOID:3459
NCIT:C176979,DOID:3382
NCIT:C4252,DOID:3382
NCIT:C7811,DOID:3382
NCIT:C6509,DOID:3382
NCIT:C4253,DOID:3382
NCIT:C6507,DOID:5690
NCIT:C27489,DOID:5690
NCIT:C27781,DOID:3382
NCIT:C40142,DOID:0060095
NCIT:C40133,DOID:363
NCIT:C4518,DOID:178
NCIT:C40119,DOID:5731
NCIT:C40136,DOID:3700
NCIT:C26762,DOID:2568
NCIT:C4268,DOID:2668
NCIT:C38152,DOID:3683
NCIT:C5671,DOID:3683
NCIT:C35795,DOID:0060379
NCIT:C34866,DOID:403
NCIT:C27777,DOID:483
NCIT:C7053,DOID:483
NCIT:C7097,DOID:687
NCIT:C7095,DOID:687
NCIT:C3264,DOID:2994
NCIT:C35870,DOID:3376
NCIT:C26688,DOID:3437
NCIT:C3270,DOID:2621
NCIT:C38003,DOID:866
NCIT:C6798,DOID:2664
NCIT:C118422,DOID:326
NCIT:C85172,DOID:1712
NCIT:C3962,DOID:627
NCIT:C3895,DOID:627
NCIT:C38661,DOID:707
NCIT:C37869,DOID:0060058
NCIT:C7587,DOID:0060058
NCIT:C35142,DOID:2355
NCIT:C36068,DOID:5844
NCIT:C27996,DOID:3393
NCIT:C36073,DOID:5844
NCIT:C35305,DOID:5844
NCIT:C35672,DOID:5844
NCIT:C35673,DOID:5844
NCIT:C35400,DOID:5844
NCIT:C8778,DOID:3371
NCIT:C35150,DOID:552
NCIT:C7635,DOID:2645
NCIT:C8097,DOID:5758
NCIT:C7947,DOID:5758
NCIT:C27791,DOID:5908
NCIT:C5823,DOID:4693
NCIT:C7427,DOID:3969
NCIT:C7109,DOID:4897
NCIT:C34362,DOID:591
NCIT:C34890,DOID:2030
NCIT:C3927,DOID:479
NCIT:C7751,DOID:3165
NCIT:C3484,DOID:3463
NCIT:C35273,DOID:599
NCIT:C4982,DOID:1240
NCIT:C35492,DOID:0060048
NCIT:C27143,DOID:11702
NCIT:C35614,DOID:0060048
NCIT:C5365,DOID:5262
NCIT:C5345,DOID:2435
NCIT:C35413,DOID:599
NCIT:C39854,DOID:5433
NCIT:C27341,DOID:2327
NCIT:C5269,DOID:6112
NCIT:C4959,DOID:6112
NCIT:C39870,DOID:736
NCIT:C39867,DOID:734
NCIT:C27390,DOID:4001
NCIT:C9425,DOID:264
NCIT:C6846,DOID:6204
NCIT:C6608,DOID:264
NCIT:C39849,DOID:5306
NCIT:C4508,DOID:0060112
NCIT:C7035,DOID:76
NCIT:C39992,DOID:5567
NCIT:C27071,DOID:625
NCIT:C27319,DOID:2583
NCIT:C8960,DOID:6245
NCIT:C39809,DOID:6257
NCIT:C39810,DOID:6257
NCIT:C7915,DOID:5395
NCIT:C5438,DOID:6291
NCIT:C27804,DOID:533
NCIT:C87497,DOID:225
NCIT:C5412,DOID:4151
NCIT:C39996,DOID:6231
NCIT:C7285,DOID:6231
NCIT:C8461,DOID:2775
NCIT:C7946,DOID:264
NCIT:C6910,DOID:6345
NCIT:C4748,DOID:5940
NCIT:C2851,DOID:526
NCIT:C84623,DOID:3213
NCIT:C34714,DOID:2529
NCIT:C6890,DOID:4955
NCIT:C5281,DOID:4708
NCIT:C34580,DOID:331
NCIT:C98916,DOID:1657
NCIT:C84505,DOID:1682
NCIT:C40213,DOID:2893
NCIT:C40060,DOID:6170
NCIT:C6905,DOID:4205
NCIT:C5649,DOID:3910
NCIT:C6635,DOID:3205
NCIT:C40280,DOID:135
NCIT:C39988,DOID:5350
NCIT:C39989,DOID:5350
NCIT:C39987,DOID:5350
NCIT:C6888,DOID:3282
NCIT:C27910,DOID:707
NCIT:C4332,DOID:3565
NCIT:C5282,DOID:4708
NCIT:C40290,DOID:2071
NCIT:C39835,DOID:3711
NCIT:C27888,DOID:4471
NCIT:C27889,DOID:4471
NCIT:C5661,DOID:5136
NCIT:C40259,DOID:5402
NCIT:C7752,DOID:3165
NCIT:C34625,DOID:1931
NCIT:C35699,DOID:225
NCIT:C3253,DOID:633
NCIT:C34446,DOID:778
NCIT:C94379,DOID:2468
NCIT:C34411,DOID:225
NCIT:C39935,DOID:5551
NCIT:C6471,DOID:3360
NCIT:C6472,DOID:3360
NCIT:C8399,DOID:5517
NCIT:C40959,DOID:5842
NCIT:C4335,DOID:5940
NCIT:C4322,DOID:3069
NCIT:C40370,DOID:6741
NCIT:C27081,DOID:4851
NCIT:C4265,DOID:4905
NCIT:C5728,DOID:4905
NCIT:C27942,DOID:3013
NCIT:C4960,DOID:6114
NCIT:C27496,DOID:5238
NCIT:C6887,DOID:3282
NCIT:C9007,DOID:6498
NCIT:C6792,DOID:1350
NCIT:C3902,DOID:7602
NCIT:C5555,DOID:5528
NCIT:C3488,DOID:1428
NCIT:C50778,DOID:214
NCIT:C27473,DOID:6193
NCIT:C7989,DOID:1752
NCIT:C7462,DOID:5395
NCIT:C4321,DOID:3069
NCIT:C4320,DOID:3069
NCIT:C7450,DOID:3315
NCIT:C5664,DOID:5391
NCIT:C9423,DOID:5410
NCIT:C37304,DOID:3969
NCIT:C35830,DOID:3969
NCIT:C35558,DOID:3969
NCIT:C39924,DOID:5344
NCIT:C4933,DOID:8002
NCIT:C6793,DOID:2598
NCIT:C123174,DOID:1679
NCIT:C96230,DOID:1679
NCIT:C35071,DOID:7166
NCIT:C8255,DOID:5525
NCIT:C4148,DOID:3829
NCIT:C38766,DOID:0060005
NCIT:C4288,DOID:5563
NCIT:C9499,DOID:1909
NCIT:C4331,DOID:3565
NCIT:C4330,DOID:3565
NCIT:C4329,DOID:3565
NCIT:C4333,DOID:3565
NCIT:C9080,DOID:3275
NCIT:C4273,DOID:1618
NCIT:C37201,DOID:6354
NCIT:C5713,DOID:4073
NCIT:C41245,DOID:7234
NCIT:C35042,DOID:365
NCIT:C40165,DOID:7242
NCIT:C27144,DOID:6025
NCIT:C40957,DOID:5842
NCIT:C27839,DOID:2870
NCIT:C8717,DOID:2870
NCIT:C39927,DOID:5344
NCIT:C40391,DOID:5998
NCIT:C9368,DOID:4007
NCIT:C3827,DOID:9598
NCIT:C50559,DOID:65
NCIT:C40446,DOID:1100
NCIT:C39925,DOID:5344
NCIT:C26867,DOID:37
NCIT:C27474,DOID:4007
NCIT:C39866,DOID:734
NCIT:C4462,DOID:3178
NCIT:C27779,DOID:7474
NCIT:C27448,DOID:4148
NCIT:C40285,DOID:2101
NCIT:C111885,DOID:0060220
NCIT:C39930,DOID:5344
NCIT:C27850,DOID:2870
NCIT:C35602,DOID:5221
NCIT:C40359,DOID:5514
NCIT:C6876,DOID:4556
NCIT:C5271,DOID:3565
NCIT:C7640,DOID:738
NCIT:C34874,DOID:3342
NCIT:C27472,DOID:6193
NCIT:C34958,DOID:229
NCIT:C40388,DOID:7521
NCIT:C40385,DOID:3004
NCIT:C27022,DOID:1002
NCIT:C5609,DOID:3447
NCIT:C9009,DOID:0050624
NCIT:C9008,DOID:3003
NCIT:C40384,DOID:1625
NCIT:C9473,DOID:1625
NCIT:C40383,DOID:1625
NCIT:C40364,DOID:4680
NCIT:C6469,DOID:3376
NCIT:C27953,DOID:683
NCIT:C5560,DOID:4921
NCIT:C37256,DOID:4074
NCIT:C7362,DOID:3459
NCIT:C87121,DOID:0050545
NCIT:C4020,DOID:7602
NCIT:C4154,DOID:7608
NCIT:C4243,DOID:1115
NCIT:C34795,DOID:5679
NCIT:C6776,DOID:3565
NCIT:C6779,DOID:3565
NCIT:C41617,DOID:4928
NCIT:C40439,DOID:6179
NCIT:C8289,DOID:3076
NCIT:C40153,DOID:2870
NCIT:C27000,DOID:3627
NCIT:C27466,DOID:1799
NCIT:C5284,DOID:3643
NCIT:C3022,DOID:0050705
NCIT:C8090,DOID:264
NCIT:C5718,DOID:3918
NCIT:C27183,DOID:3185
NCIT:C7990,DOID:6039
NCIT:C8272,DOID:5076
NCIT:C5278,DOID:4437
NCIT:C5285,DOID:4437
NCIT:C5313,DOID:4437
NCIT:C35603,DOID:5221
NCIT:C2918,DOID:3459
NCIT:C8271,DOID:5076
NCIT:C6636,DOID:7922
NCIT:C6625,DOID:955
NCIT:C39926,DOID:5344
NCIT:C42060,DOID:5193
NCIT:C42059,DOID:5193
NCIT:C27234,DOID:6629
NCIT:C40188,DOID:3744
NCIT:C40159,DOID:1005
NCIT:C39822,DOID:6477
NCIT:C27944,DOID:1626
NCIT:C5267,DOID:4436
NCIT:C35114,DOID:866
NCIT:C5350,DOID:2436
NCIT:C5292,DOID:6114
NCIT:C39959,DOID:5518
NCIT:C4223,DOID:5238
NCIT:C7566,DOID:3459
NCIT:C6777,DOID:3565
NCIT:C39847,DOID:5306
NCIT:C39848,DOID:5306
NCIT:C6771,DOID:4436
NCIT:C41620,DOID:4928
NCIT:C39929,DOID:5344
NCIT:C39815,DOID:4773
NCIT:C39814,DOID:4773
NCIT:C39839,DOID:3711
NCIT:C40258,DOID:5402
NCIT:C41237,DOID:4971
NCIT:C27322,DOID:3502
NCIT:C34847,DOID:331
NCIT:C26700,DOID:848
NCIT:C40355,DOID:3610
NCIT:C6462,DOID:3284
NCIT:C37204,DOID:6354
NCIT:C6573,DOID:0060094
NCIT:C9469,DOID:626
NCIT:C35786,DOID:820
NCIT:C40232,DOID:4995
NCIT:C40233,DOID:4995
NCIT:C26827,DOID:65
NCIT:C39928,DOID:5344
NCIT:C39931,DOID:5344
NCIT:C5290,DOID:6517
NCIT:C39868,DOID:736
NCIT:C36087,DOID:1626
NCIT:C36088,DOID:1626
NCIT:C36089,DOID:1626
NCIT:C6508,DOID:5690
NCIT:C5288,DOID:6517
NCIT:C34479,DOID:4483
NCIT:C39869,DOID:736
NCIT:C7641,DOID:738
NCIT:C7325,DOID:5680
NCIT:C27729,DOID:6204
NCIT:C40178,DOID:9460
NCIT:C6583,DOID:3350
NCIT:C36096,DOID:3702
NCIT:C5199,DOID:5998
NCIT:C35145,DOID:1518
NCIT:C6561,DOID:5940
NCIT:C9468,DOID:626
NCIT:C40958,DOID:5842
NCIT:C40212,DOID:5636
NCIT:C39932,DOID:5344
NCIT:C6908,DOID:3565
NCIT:C7814,DOID:5940
NCIT:C5824,DOID:4693
NCIT:C39923,DOID:5344
NCIT:C27300,DOID:7475
NCIT:C36094,DOID:3744
NCIT:C27389,DOID:4931
NCIT:C4161,DOID:6204
NCIT:C6560,DOID:5940
NCIT:C5140,DOID:8791
NCIT:C27311,DOID:8432
NCIT:C27331,DOID:50
NCIT:C9175,DOID:5295
NCIT:C37979,DOID:8437
NCIT:C93045,DOID:8437
NCIT:C98963,DOID:8437
NCIT:C113484,DOID:8437
NCIT:C85221,DOID:5113
NCIT:C35193,DOID:8483
NCIT:C92848,DOID:780
NCIT:C26742,DOID:8502
NCIT:C84389,DOID:0080841
NCIT:C50713,DOID:60001
NCIT:C26781,DOID:77
NCIT:C27824,DOID:0060073
NCIT:C6913,DOID:8567
NCIT:C9357,DOID:0060058
NCIT:C3037,DOID:225
NCIT:C155871,DOID:934
NCIT:C34356,DOID:5295
NCIT:C34774,DOID:8527
NCIT:C94575,DOID:974
NCIT:C128402,DOID:8566
NCIT:C3316,DOID:1529
NCIT:C96406,DOID:934
NCIT:C9283,DOID:8567
NCIT:C35177,DOID:8578
NCIT:C3517,DOID:8567
NCIT:C97132,DOID:934
NCIT:C9323,DOID:8533
NCIT:C26977,DOID:4029
NCIT:C35815,DOID:2531
NCIT:C34387,DOID:8670
NCIT:C14364,DOID:8566
NCIT:C50706,DOID:8549
NCIT:C3151,DOID:1529
NCIT:C111888,DOID:2723
NCIT:C84695,DOID:8672
NCIT:C67277,DOID:4029
NCIT:C128382,DOID:633
NCIT:C85051,DOID:2365
NCIT:C66911,DOID:3393
NCIT:C3518,DOID:8567
NCIT:C34961,DOID:6420
NCIT:C3148,DOID:0060071
NCIT:C155872,DOID:934
NCIT:C97136,DOID:37
NCIT:C26855,DOID:2723
NCIT:C3663,DOID:121
NCIT:C3446,DOID:8925
NCIT:C84756,DOID:896
NCIT:C4680,DOID:65
NCIT:C84489,DOID:535
NCIT:C27156,DOID:0080007
NCIT:C85173,DOID:225
NCIT:C3953,DOID:6050
NCIT:C3976,DOID:2253
NCIT:C112833,DOID:0050133
NCIT:C34767,DOID:2789
NCIT:C8196,DOID:2825
NCIT:C3312,DOID:8893
NCIT:C34591,DOID:37
NCIT:C5574,DOID:368
NCIT:C3528,DOID:8618
NCIT:C34365,DOID:8736
NCIT:C84551,DOID:2789
NCIT:C3189,DOID:8574
NCIT:C2891,DOID:6050
NCIT:C116046,DOID:0050847
NCIT:C34593,DOID:870
NCIT:C35139,DOID:409
NCIT:C3868,DOID:3119
NCIT:C84957,DOID:9267
NCIT:C84770,DOID:9252
NCIT:C81315,DOID:9252
NCIT:C34597,DOID:0050127
NCIT:C34790,DOID:75
NCIT:C39861,DOID:732
NCIT:C125662,DOID:3407
NCIT:C122577,DOID:0080810
NCIT:C78643,DOID:3225
NCIT:C26735,DOID:1579
NCIT:C116007,DOID:974
NCIT:C35335,DOID:9446
NCIT:C35300,DOID:9406
NCIT:C34471,DOID:5870
NCIT:C128418,DOID:934
NCIT:C7150,DOID:9538
NCIT:C84669,DOID:1682
NCIT:C35121,DOID:934
NCIT:C4728,DOID:9598
NCIT:C35037,DOID:0050338
NCIT:C6483,DOID:9598
NCIT:C84916,DOID:9598
NCIT:C4729,DOID:7327
NCIT:C122991,DOID:557
NCIT:C84581,DOID:2789
NCIT:C62546,DOID:9637
NCIT:C35039,DOID:9637
NCIT:C50607,DOID:2253
NCIT:C35547,DOID:934
NCIT:C116815,DOID:9700
NCIT:C78308,DOID:0060262
NCIT:C50807,DOID:9720
NCIT:C35592,DOID:1949
NCIT:C35792,DOID:1949
NCIT:C26985,DOID:633
NCIT:C26847,DOID:865
NCIT:C34716,DOID:540
NCIT:C42086,DOID:540
NCIT:C35086,DOID:0050598
NCIT:C26717,DOID:9423
NCIT:C82859,DOID:9098
NCIT:C92561,DOID:0060038
NCIT:C98968,DOID:9935
NCIT:C98894,DOID:1682
NCIT:C26963,DOID:0060158
NCIT:C34492,DOID:9974
NCIT:C34694,DOID:2559
NCIT:C171602,DOID:12930
