DOID:0014667,NCIT:C156781
DOID:0040093,NCIT:C159587
DOID:0050127,NCIT:C16801
DOID:0050156,NCIT:C195929
DOID:0050157,NCIT:C84989
DOID:0050158,NCIT:C104749
DOID:0050425,NCIT:C142738
DOID:0050431,NCIT:C84029
DOID:0050432,NCIT:C76472
DOID:0050444,NCIT:C22392
DOID:0050448,NCIT:C196301
DOID:0050453,NCIT:C175452
DOID:0050456,NCIT:C174108
DOID:0050457,NCIT:C49070
DOID:0050459,NCIT:C61455
DOID:0050460,NCIT:C122996
DOID:0050461,NCIT:C193456
DOID:0050465,NCIT:C166275
DOID:0050486,NCIT:C97440
DOID:0050685,NCIT:C53558
DOID:0050742,NCIT:C160265
DOID:0050745,NCIT:C178376
DOID:0050782,NCIT:C177002
DOID:0050797,NCIT:C843
DOID:0050820,NCIT:C157425
DOID:0050847,NCIT:C101809
DOID:0050848,NCIT:C87415
DOID:0050938,NCIT:C15718
DOID:0060060,NCIT:C197649
DOID:0060103,NCIT:C32975
DOID:0060135,NCIT:C167311
DOID:0060160,NCIT:C35364
DOID:0060180,NCIT:C181321
DOID:0060182,NCIT:C114088
DOID:0060183,NCIT:C181610
DOID:0060184,NCIT:C53389
DOID:0060185,NCIT:C83735
DOID:0060189,NCIT:C74284
DOID:0060192,NCIT:C109049
DOID:0060218,NCIT:C21610
DOID:0060224,NCIT:C179802
DOID:0060234,NCIT:C59315
DOID:0060243,NCIT:C52370
DOID:0060251,NCIT:C67000
DOID:0060257,NCIT:C99019
DOID:0060260,NCIT:C98858
DOID:0060262,NCIT:C157916
DOID:0060282,NCIT:C186712
DOID:0060284,NCIT:C125362
DOID:0060304,NCIT:C49562
DOID:0060312,NCIT:C129440
DOID:0060318,NCIT:C127892
DOID:0060321,NCIT:C161873
DOID:0060327,NCIT:C32404
DOID:0060329,NCIT:C48037
DOID:0060345,NCIT:C23567
DOID:0060387,NCIT:C93463
DOID:0060438,NCIT:C106917
DOID:0060439,NCIT:C159473
DOID:0060462,NCIT:C55775
DOID:0060463,NCIT:C38403
DOID:0060534,NCIT:C199395
DOID:0060548,NCIT:C13573
DOID:0060573,NCIT:C141259
DOID:0060597,NCIT:C130215
DOID:0060783,NCIT:C1102
DOID:0060784,NCIT:C2064
DOID:0060847,NCIT:C119340
DOID:0060850,NCIT:C70629
DOID:0060851,NCIT:C93756
DOID:0060870,NCIT:C117994
DOID:0060878,NCIT:C34189
DOID:0070212,NCIT:C9306
DOID:0070221,NCIT:C55527
DOID:0070230,NCIT:C130745
DOID:0070313,NCIT:C201150
DOID:0070314,NCIT:C16275
DOID:0070315,NCIT:C34794
DOID:0070327,NCIT:C66131
DOID:0070439,NCIT:C11915
DOID:0080072,NCIT:C113093
DOID:0080165,NCIT:C129120
DOID:0080166,NCIT:C89742
DOID:0080167,NCIT:C62506
DOID:0080188,NCIT:C76483
DOID:0080211,NCIT:C75934
DOID:0080521,NCIT:C171587
DOID:0080525,NCIT:C55947
DOID:10124,NCIT:C122006
DOID:104,NCIT:C107350
DOID:3480,NCIT:C64931
DOID:76,NCIT:C78605
DOID:865,NCIT:C130915
DOID:13564,NCIT:C162911
DOID:552,NCIT:C7172
DOID:8913,NCIT:C180356
DOID:421,NCIT:C102617
DOID:4337,NCIT:C177370
DOID:12205,NCIT:C166349
DOID:1352,NCIT:C131984
DOID:1564,NCIT:C158769
DOID:4976,NCIT:C17765
DOID:11976,NCIT:C86247
DOID:9562,NCIT:C119335
DOID:10458,NCIT:C194955
DOID:863,NCIT:C37382
DOID:3770,NCIT:C37553
DOID:7427,NCIT:C101902
DOID:1962,NCIT:C185609
DOID:630,NCIT:C100345
DOID:1205,NCIT:C173912
DOID:2938,NCIT:C146982
DOID:409,NCIT:C72531
DOID:2789,NCIT:C102473
DOID:331,NCIT:C64307
DOID:5614,NCIT:C110564
DOID:5295,NCIT:C111062
DOID:319,NCIT:C112882
DOID:557,NCIT:C3469
DOID:121,NCIT:C166762
DOID:2059,NCIT:C107067
DOID:2253,NCIT:C110848
DOID:732,NCIT:C141568
DOID:403,NCIT:C125619
DOID:9835,NCIT:C150313
DOID:5679,NCIT:C84487
DOID:2485,NCIT:C55393
DOID:11102,NCIT:C97534
DOID:626,NCIT:C129244
DOID:225,NCIT:C180488
DOID:1927,NCIT:C42027
DOID:906,NCIT:C29082
DOID:10609,NCIT:C45718
DOID:1059,NCIT:C158809
DOID:11406,NCIT:C187268
DOID:767,NCIT:C101866
DOID:9252,NCIT:C113784
DOID:9553,NCIT:C176827
DOID:870,NCIT:C131767
DOID:8955,NCIT:C10186
DOID:2742,NCIT:C12032
DOID:1934,NCIT:C102359
DOID:4448,NCIT:C58378
DOID:4977,NCIT:C17089
DOID:8200,NCIT:C60869
DOID:10937,NCIT:C196787
DOID:1686,NCIT:C16619
DOID:161,NCIT:C60831
DOID:4138,NCIT:C168781
DOID:162,NCIT:C78685
DOID:365,NCIT:C50037
DOID:987,NCIT:C184024
DOID:9120,NCIT:C32907
DOID:583,NCIT:C36256
DOID:65,NCIT:C193491
DOID:1681,NCIT:C70763
DOID:543,NCIT:C184175
DOID:1969,NCIT:C182551
DOID:13911,NCIT:C153483
DOID:8501,NCIT:C18775
DOID:1826,NCIT:C11548
DOID:9973,NCIT:C21127
DOID:423,NCIT:C97787
DOID:1289,NCIT:C161686
DOID:240,NCIT:C111511
DOID:3765,NCIT:C164931
DOID:10907,NCIT:C139176
DOID:9164,NCIT:C159955
DOID:4079,NCIT:C186779
DOID:1287,NCIT:C47476
DOID:2921,NCIT:C54736
DOID:326,NCIT:C22057
DOID:10128,NCIT:C171062
DOID:1679,NCIT:C153581
DOID:345,NCIT:C40095
DOID:2476,NCIT:C145724
DOID:2602,NCIT:C92454
DOID:14384,NCIT:C89866
DOID:4251,NCIT:C190077
DOID:1984,NCIT:C63810
DOID:4531,NCIT:C106284
DOID:371,NCIT:C128089
DOID:303,NCIT:C85479
DOID:28,NCIT:C107961
DOID:627,NCIT:C192266
DOID:0080544,NCIT:C25854
DOID:2583,NCIT:C56123
DOID:17,NCIT:C29714
DOID:150,NCIT:C82774
DOID:8927,NCIT:C95169
DOID:599,NCIT:C100349
DOID:3044,NCIT:C152876
DOID:3463,NCIT:C10254
DOID:368,NCIT:C165502
DOID:4090,NCIT:C22593
DOID:4737,NCIT:C178401
DOID:1827,NCIT:C8119
DOID:10024,NCIT:C145142
DOID:8778,NCIT:C127478
DOID:8643,NCIT:C185158
DOID:12802,NCIT:C135544
DOID:10941,NCIT:C174432
DOID:11193,NCIT:C194578
DOID:205,NCIT:C49265
DOID:582,NCIT:C155461
DOID:1762,NCIT:C190392
DOID:3225,NCIT:C35114
DOID:9942,NCIT:C102594
DOID:5100,NCIT:C79917
DOID:11476,NCIT:C92815
DOID:2218,NCIT:C64720
DOID:869,NCIT:C58546
DOID:10780,NCIT:C71642
DOID:4377,NCIT:C161505
DOID:3326,NCIT:C108793
DOID:13832,NCIT:C17355
DOID:12531,NCIT:C43964
DOID:612,NCIT:C180227
DOID:5604,NCIT:C110493
DOID:11156,NCIT:C170667
DOID:10944,NCIT:C93060
DOID:4959,NCIT:C87719
DOID:1532,NCIT:C5400
DOID:2340,NCIT:C109820
DOID:3209,NCIT:C153408
DOID:4644,NCIT:C124937
DOID:3328,NCIT:C168908
DOID:4479,NCIT:C6544
DOID:9406,NCIT:C6499
DOID:4254,NCIT:C41670
DOID:14330,NCIT:C197454
DOID:1063,NCIT:C152429
DOID:5419,NCIT:C190300
DOID:11720,NCIT:C129801
DOID:13317,NCIT:C174465
DOID:1852,NCIT:C110809
DOID:11726,NCIT:C419
DOID:13725,NCIT:C118307
DOID:1382,NCIT:C72285
DOID:9273,NCIT:C26848
DOID:2367,NCIT:C33614
DOID:2512,NCIT:C98271
DOID:12169,NCIT:C138260
DOID:4184,NCIT:C182094
DOID:699,NCIT:C38353
DOID:4677,NCIT:C182667
DOID:3612,NCIT:C174499
DOID:1508,NCIT:C97527
DOID:182,NCIT:C124158
DOID:5015,NCIT:C54611
DOID:4926,NCIT:C139633
DOID:1036,NCIT:C58824
DOID:12594,NCIT:C176526
DOID:2855,NCIT:C24493
DOID:10584,NCIT:C29906
DOID:811,NCIT:C135582
DOID:11984,NCIT:C90828
DOID:10652,NCIT:C61184
DOID:192,NCIT:C13917
DOID:8893,NCIT:C6531
DOID:14450,NCIT:C146524
DOID:74,NCIT:C157095
DOID:9563,NCIT:C171304
DOID:2959,NCIT:C177485
DOID:0080600,NCIT:C23115
DOID:0080643,NCIT:C18135
DOID:0080646,NCIT:C116278
DOID:0080647,NCIT:C82611
DOID:0080651,NCIT:C121242
DOID:0080654,NCIT:C132625
DOID:0080656,NCIT:C139070
DOID:0080674,NCIT:C130022
DOID:0080684,NCIT:C161981
DOID:0080702,NCIT:C123957
DOID:0080703,NCIT:C114019
DOID:0080704,NCIT:C32322
DOID:0080705,NCIT:C66333
DOID:0080706,NCIT:C176661
DOID:0080707,NCIT:C114772
DOID:0080708,NCIT:C74267
DOID:0080771,NCIT:C168366
DOID:0080775,NCIT:C156217
DOID:0080779,NCIT:C39047
DOID:0080795,NCIT:C123562
DOID:0080796,NCIT:C67474
DOID:0080843,NCIT:C37469
DOID:0080875,NCIT:C122180
DOID:0080878,NCIT:C77150
DOID:0080882,NCIT:C171157
DOID:0080892,NCIT:C105618
DOID:0080903,NCIT:C130125
DOID:0080916,NCIT:C144092
DOID:0080918,NCIT:C188959
DOID:0080976,NCIT:C86641
DOID:0080997,NCIT:C125532
DOID:0081004,NCIT:C56255
DOID:0081028,NCIT:C58396
DOID:0081038,NCIT:C174151
DOID:0081064,NCIT:C194337
DOID:0081065,NCIT:C197488
DOID:0081066,NCIT:C28592
DOID:0081067,NCIT:C117879
DOID:0081076,NCIT:C62942
DOID:0081080,NCIT:C114221
DOID:0081081,NCIT:C162438
DOID:0081082,NCIT:C106877
DOID:0081083,NCIT:C82579
DOID:0081085,NCIT:C70724
DOID:0081086,NCIT:C130857
DOID:0081087,NCIT:C20671
DOID:0081089,NCIT:C106744
DOID:0081090,NCIT:C157058
DOID:0081091,NCIT:C102797
DOID:0081092,NCIT:C949
DOID:0081093,NCIT:C133003
DOID:0081094,NCIT:C170954
DOID:0081095,NCIT:C47556
DOID:0081096,NCIT:C184776
DOID:0081246,NCIT:C139802
DOID:0081249,NCIT:C41730
DOID:0081250,NCIT:C193386
DOID:0081261,NCIT:C108631
DOID:0081279,NCIT:C159866
DOID:0081280,NCIT:C152796
DOID:0081283,NCIT:C191828
DOID:0081284,NCIT:C170788
DOID:0081285,NCIT:C80353
DOID:0081286,NCIT:C172744
DOID:0081302,NCIT:C97827
DOID:0081304,NCIT:C176420
DOID:0081308,NCIT:C172610
DOID:0081311,NCIT:C72454
DOID:0081315,NCIT:C66454
DOID:0081316,NCIT:C185507
DOID:0081329,NCIT:C121835
DOID:0090028,NCIT:C6025
DOID:0090123,NCIT:C89627
DOID:0110827,NCIT:C12802
DOID:0110828,NCIT:C67265
DOID:0110948,NCIT:C157596
DOID:0111054,NCIT:C124917
DOID:0111148,NCIT:C2129
DOID:0111152,NCIT:C155756
DOID:0111157,NCIT:C28748
DOID:0111200,NCIT:C153495
DOID:0111252,NCIT:C24310
DOID:0111563,NCIT:C29936
DOID:0111670,NCIT:C105811
DOID:0111671,NCIT:C160485
DOID:0111672,NCIT:C22680
DOID:0111713,NCIT:C103344
DOID:0111716,NCIT:C39087
DOID:10629,NCIT:C19530
DOID:14449,NCIT:C187877
DOID:520,NCIT:C98934
DOID:2452,NCIT:C75398
DOID:9588,NCIT:C7133
DOID:2048,NCIT:C49085
DOID:322,NCIT:C39498
DOID:1526,NCIT:C167156
DOID:820,NCIT:C48422
DOID:12241,NCIT:C123060
DOID:4674,NCIT:C188908
DOID:2841,NCIT:C147754
DOID:5723,NCIT:C89820
DOID:2723,NCIT:C27643
DOID:480,NCIT:C50183
DOID:5426,NCIT:C113026
DOID:5662,NCIT:C151900
DOID:7305,NCIT:C28011
DOID:2529,NCIT:C102608
DOID:4248,NCIT:C2954
DOID:1558,NCIT:C180408
DOID:2913,NCIT:C154894
DOID:9409,NCIT:C63382
DOID:12387,NCIT:C175516
DOID:12603,NCIT:C4820
DOID:2548,NCIT:C26985
DOID:12930,NCIT:C17043
DOID:3307,NCIT:C60928
DOID:3098,NCIT:C198542
DOID:5453,NCIT:C85438
DOID:4990,NCIT:C198519
DOID:3541,NCIT:C20009
DOID:4603,NCIT:C81980
DOID:5408,NCIT:C172886
DOID:8472,NCIT:C143747
DOID:7319,NCIT:C177115
DOID:13810,NCIT:C56892
DOID:8500,NCIT:C86966
DOID:1099,NCIT:C103083
DOID:1882,NCIT:C41885
DOID:6688,NCIT:C156105
DOID:11724,NCIT:C119591
DOID:14503,NCIT:C121919
DOID:13533,NCIT:C55508
DOID:2352,NCIT:C22574
DOID:5082,NCIT:C100666
DOID:1247,NCIT:C84141
DOID:420,NCIT:C95422
DOID:12574,NCIT:C136646
DOID:1312,NCIT:C61111
DOID:110,NCIT:C100687
DOID:11840,NCIT:C73229
DOID:11727,NCIT:C92136
DOID:92,NCIT:C84575
DOID:4890,NCIT:C48195
DOID:10003,NCIT:C69044
DOID:397,NCIT:C88778
DOID:891,NCIT:C187429
DOID:3535,NCIT:C171733
DOID:1891,NCIT:C121872
DOID:2361,NCIT:C174150
DOID:530,NCIT:C98169
DOID:2977,NCIT:C56710
DOID:14447,NCIT:C80534
DOID:14448,NCIT:C58509
DOID:9410,NCIT:C77440
DOID:2451,NCIT:C94309
DOID:6255,NCIT:C177670
DOID:0112308,NCIT:C178480
DOID:10027,NCIT:C186739
DOID:10030,NCIT:C14740
DOID:10044,NCIT:C182820
DOID:10047,NCIT:C153196
DOID:1005,NCIT:C14608
DOID:10069,NCIT:C37731
DOID:10095,NCIT:C78573
DOID:10112,NCIT:C174202
DOID:10126,NCIT:C100840
DOID:10131,NCIT:C132561
DOID:10156,NCIT:C118739
DOID:10175,NCIT:C187478
DOID:10184,NCIT:C46018
DOID:10192,NCIT:C125139
DOID:10193,NCIT:C77410
DOID:10208,NCIT:C27602
DOID:10236,NCIT:C155922
DOID:1029,NCIT:C105600
DOID:10301,NCIT:C51622
DOID:10303,NCIT:C2712
DOID:10319,NCIT:C132345
DOID:10320,NCIT:C135895
DOID:10321,NCIT:C25235
DOID:10323,NCIT:C191849
DOID:10324,NCIT:C58142
DOID:10325,NCIT:C180120
DOID:10327,NCIT:C73893
DOID:10329,NCIT:C38732
DOID:10330,NCIT:C161334
DOID:10331,NCIT:C109994
DOID:10349,NCIT:C144785
DOID:10353,NCIT:C189949
DOID:10354,NCIT:C188716
DOID:10361,NCIT:C96283
DOID:10371,NCIT:C61648
DOID:10376,NCIT:C156835
DOID:10423,NCIT:C78477
DOID:10443,NCIT:C118133
DOID:10456,NCIT:C24717
DOID:10457,NCIT:C136211
DOID:10480,NCIT:C42762
DOID:10487,NCIT:C120773
DOID:10499,NCIT:C195852
DOID:10541,NCIT:C104447
DOID:10544,NCIT:C79259
DOID:10554,NCIT:C141942
DOID:10567,NCIT:C180760
DOID:10568,NCIT:C156470
DOID:10573,NCIT:C93630
DOID:10582,NCIT:C32464
DOID:10591,NCIT:C25603
DOID:1060,NCIT:C60720
DOID:10600,NCIT:C18696
DOID:10603,NCIT:C34378
DOID:10605,NCIT:C117311
DOID:10606,NCIT:C159335
DOID:10607,NCIT:C194213
DOID:10608,NCIT:C157310
DOID:10616,NCIT:C24420
DOID:1067,NCIT:C84301
DOID:10686,NCIT:C95208
DOID:10688,NCIT:C186203
DOID:10690,NCIT:C99999
DOID:10691,NCIT:C192523
DOID:1070,NCIT:C10965
DOID:1074,NCIT:C129238
DOID:10754,NCIT:C133389
DOID:1076,NCIT:C58095
DOID:10762,NCIT:C79778
DOID:10782,NCIT:C128334
DOID:10783,NCIT:C102447
DOID:10791,NCIT:C156731
DOID:10794,NCIT:C199747
DOID:10817,NCIT:C25739
DOID:10824,NCIT:C185481
DOID:10825,NCIT:C127834
DOID:10834,NCIT:C196038
DOID:10849,NCIT:C184670
DOID:1085,NCIT:C48395
DOID:10852,NCIT:C181594
DOID:10865,NCIT:C159455
DOID:10881,NCIT:C43830
DOID:10908,NCIT:C190387
DOID:10913,NCIT:C96304
DOID:10914,NCIT:C178435
DOID:10915,NCIT:C192025
DOID:10930,NCIT:C168564
DOID:10931,NCIT:C965
DOID:10932,NCIT:C201360
DOID:10933,NCIT:C51203
DOID:10934,NCIT:C112626
DOID:10935,NCIT:C142251
DOID:10936,NCIT:C20294
DOID:10938,NCIT:C41576
DOID:10939,NCIT:C24490
DOID:10952,NCIT:C164646
DOID:10965,NCIT:C149792
DOID:10966,NCIT:C114279
DOID:10972,NCIT:C81357
DOID:10973,NCIT:C131487
DOID:10976,NCIT:C182513
DOID:1098,NCIT:C116251
DOID:10992,NCIT:C101557
DOID:11029,NCIT:C56523
DOID:11031,NCIT:C43469
DOID:11037,NCIT:C56426
DOID:11038,NCIT:C175416
DOID:11060,NCIT:C148158
DOID:11077,NCIT:C101732
DOID:11100,NCIT:C100125
DOID:11111,NCIT:C74388
DOID:11121,NCIT:C97657
DOID:11123,NCIT:C155280
DOID:11130,NCIT:C157354
DOID:11151,NCIT:C64894
DOID:11155,NCIT:C71279
DOID:11162,NCIT:C92561
DOID:11164,NCIT:C44558
DOID:11165,NCIT:C51961
DOID:11189,NCIT:C90046
DOID:11190,NCIT:C174136
DOID:11201,NCIT:C128285
DOID:11202,NCIT:C34546
DOID:11212,NCIT:C28820
DOID:11213,NCIT:C10314
DOID:11234,NCIT:C32871
DOID:11242,NCIT:C87303
DOID:11243,NCIT:C5979
DOID:11246,NCIT:C176342
DOID:11247,NCIT:C12746
DOID:11249,NCIT:C114628
DOID:11257,NCIT:C20657
DOID:11260,NCIT:C135612
DOID:11262,NCIT:C22871
DOID:1129,NCIT:C867
DOID:11294,NCIT:C146803
DOID:1130,NCIT:C100707
DOID:11312,NCIT:C22842
DOID:11328,NCIT:C100096
DOID:11329,NCIT:C71395
DOID:11335,NCIT:C126976
DOID:11338,NCIT:C84716
DOID:1134,NCIT:C33308
DOID:11343,NCIT:C93791
DOID:11353,NCIT:C153292
DOID:11364,NCIT:C133217
DOID:11372,NCIT:C120622
DOID:11383,NCIT:C188394
DOID:11385,NCIT:C141905
DOID:11394,NCIT:C160994
DOID:11396,NCIT:C164759
DOID:11401,NCIT:C180888
DOID:11427,NCIT:C4929
DOID:1143,NCIT:C168955
DOID:11459,NCIT:C4945
DOID:1148,NCIT:C186130
DOID:11482,NCIT:C10100
DOID:11486,NCIT:C47512
DOID:115,NCIT:C191975
DOID:11504,NCIT:C138321
DOID:11507,NCIT:C176706
DOID:11516,NCIT:C71654
DOID:11561,NCIT:C182311
DOID:11573,NCIT:C101791
DOID:11593,NCIT:C92619
DOID:11603,NCIT:C111781
DOID:11634,NCIT:C160742
DOID:11650,NCIT:C78841
DOID:11665,NCIT:C132588
DOID:11684,NCIT:C58060
DOID:1171,NCIT:C185382
DOID:11712,NCIT:C6275
DOID:11713,NCIT:C130183
DOID:11714,NCIT:C46019
DOID:11716,NCIT:C58314
DOID:1172,NCIT:C185159
DOID:11729,NCIT:C147221
DOID:11759,NCIT:C54625
DOID:11797,NCIT:C151321
DOID:118,NCIT:C53523
DOID:11801,NCIT:C12864
DOID:11818,NCIT:C174694
DOID:11820,NCIT:C97513
DOID:11823,NCIT:C110271
DOID:11824,NCIT:C105384
DOID:11829,NCIT:C85211
DOID:11830,NCIT:C45454
DOID:11831,NCIT:C127569
DOID:11832,NCIT:C130819
DOID:11836,NCIT:C98821
DOID:11905,NCIT:C90752
DOID:11917,NCIT:C128481
DOID:11949,NCIT:C155182
DOID:1195,NCIT:C191563
DOID:11963,NCIT:C133760
DOID:11981,NCIT:C54017
DOID:11994,NCIT:C66334
DOID:11996,NCIT:C132191
DOID:11997,NCIT:C176096
DOID:12016,NCIT:C11546
DOID:12028,NCIT:C8968
DOID:12043,NCIT:C60784
DOID:12053,NCIT:C195410
DOID:1210,NCIT:C6747
DOID:12128,NCIT:C172162
DOID:12139,NCIT:C160288
DOID:12143,NCIT:C50211
DOID:12156,NCIT:C130520
DOID:12157,NCIT:C143570
DOID:12161,NCIT:C84209
DOID:12206,NCIT:C156511
DOID:12215,NCIT:C181134
DOID:12217,NCIT:C173188
DOID:12270,NCIT:C53716
DOID:12271,NCIT:C52050
DOID:12275,NCIT:C128436
DOID:12287,NCIT:C140588
DOID:1229,NCIT:C80579
DOID:12305,NCIT:C181276
DOID:12306,NCIT:C77370
DOID:12308,NCIT:C32148
DOID:12309,NCIT:C179972
DOID:1233,NCIT:C67049
DOID:1235,NCIT:C159911
DOID:12365,NCIT:C74834
DOID:12375,NCIT:C9208
DOID:12376,NCIT:C160228
DOID:12386,NCIT:C83162
DOID:12399,NCIT:C158737
DOID:12400,NCIT:C89719
DOID:12401,NCIT:C147794
DOID:12402,NCIT:C4240
DOID:12449,NCIT:C165242
DOID:12450,NCIT:C131656
DOID:12466,NCIT:C84291
DOID:12491,NCIT:C108214
DOID:12514,NCIT:C87536
DOID:12522,NCIT:C190089
DOID:12526,NCIT:C76252
DOID:12554,NCIT:C14432
DOID:12556,NCIT:C173826
DOID:12577,NCIT:C97902
DOID:12638,NCIT:C19853
DOID:12639,NCIT:C85927
DOID:12642,NCIT:C176785
DOID:12662,NCIT:C125226
DOID:12663,NCIT:C188198
DOID:12667,NCIT:C21359
DOID:12680,NCIT:C199296
DOID:12685,NCIT:C183784
DOID:12698,NCIT:C186440
DOID:127,NCIT:C22807
DOID:1272,NCIT:C151378
DOID:12720,NCIT:C168604
DOID:1273,NCIT:C28320
DOID:12731,NCIT:C199231
DOID:12732,NCIT:C146462
DOID:12783,NCIT:C193600
DOID:12803,NCIT:C141791
DOID:12835,NCIT:C90448
DOID:12837,NCIT:C149985
DOID:12849,NCIT:C51509
DOID:12883,NCIT:C111566
DOID:12900,NCIT:C33200
DOID:12904,NCIT:C101471
DOID:12918,NCIT:C141497
DOID:12929,NCIT:C172588
DOID:12932,NCIT:C188862
DOID:12935,NCIT:C182704
DOID:12978,NCIT:C172834
DOID:12986,NCIT:C162542
DOID:12995,NCIT:C172427
DOID:13001,NCIT:C55570
DOID:13002,NCIT:C54786
DOID:13014,NCIT:C103185
DOID:13025,NCIT:C67391
DOID:13027,NCIT:C24131
DOID:13033,NCIT:C79856
DOID:13035,NCIT:C179469
DOID:13042,NCIT:C15812
DOID:13068,NCIT:C48817
DOID:13072,NCIT:C114616
DOID:13078,NCIT:C83696
DOID:13088,NCIT:C100768
DOID:13094,NCIT:C178227
DOID:13098,NCIT:C13598
DOID:13117,NCIT:C198584
DOID:13137,NCIT:C74912
DOID:13139,NCIT:C101096
DOID:13141,NCIT:C106444
DOID:13143,NCIT:C58625
DOID:13148,NCIT:C196339
DOID:13169,NCIT:C76967
DOID:13186,NCIT:C37229
DOID:13195,NCIT:C76330
DOID:13197,NCIT:C112680
DOID:13198,NCIT:C107132
DOID:13207,NCIT:C15128
DOID:13208,NCIT:C1467
DOID:13248,NCIT:C91071
DOID:13258,NCIT:C10419
DOID:13268,NCIT:C199197
DOID:1328,NCIT:C130640
DOID:13313,NCIT:C105858
DOID:13316,NCIT:C118175
DOID:13351,NCIT:C190951
DOID:13372,NCIT:C8507
DOID:13378,NCIT:C185820
DOID:13381,NCIT:C188142
DOID:13382,NCIT:C192538
DOID:13399,NCIT:C112166
DOID:1340,NCIT:C130327
DOID:13403,NCIT:C147924
DOID:13407,NCIT:C25670
DOID:13409,NCIT:C59097
DOID:13413,NCIT:C73901
DOID:1343,NCIT:C71007
DOID:13444,NCIT:C122826
DOID:13450,NCIT:C136091
DOID:13452,NCIT:C185388
DOID:13477,NCIT:C149669
DOID:13481,NCIT:C33791
DOID:13487,NCIT:C196043
DOID:13500,NCIT:C73801
DOID:13507,NCIT:C68898
DOID:13548,NCIT:C196007
DOID:13550,NCIT:C183047
DOID:13576,NCIT:C57351
DOID:1358,NCIT:C201322
DOID:13580,NCIT:C156632
DOID:13593,NCIT:C189848
DOID:13603,NCIT:C105107
DOID:1361,NCIT:C83822
DOID:13619,NCIT:C165862
DOID:13620,NCIT:C43527
DOID:13626,NCIT:C87291
DOID:13628,NCIT:C7065
DOID:1364,NCIT:C62122
DOID:13677,NCIT:C184359
DOID:13709,NCIT:C74928
DOID:13711,NCIT:C91435
DOID:13724,NCIT:C111442
DOID:13757,NCIT:C130640
DOID:13760,NCIT:C35503
DOID:13774,NCIT:C105581
DOID:13801,NCIT:C185780
DOID:13809,NCIT:C47397
DOID:13814,NCIT:C53607
DOID:13822,NCIT:C98361
DOID:13868,NCIT:C188242
DOID:1388,NCIT:C50155
DOID:1389,NCIT:C62740
DOID:13891,NCIT:C10549
DOID:13912,NCIT:C63666
DOID:13922,NCIT:C198840
DOID:13924,NCIT:C63132
DOID:13929,NCIT:C5718
DOID:1393,NCIT:C57921
DOID:13938,NCIT:C26151
DOID:13948,NCIT:C71961
DOID:13951,NCIT:C130419
DOID:13953,NCIT:C166545
DOID:13957,NCIT:C13507
DOID:1400,NCIT:C51029
DOID:14004,NCIT:C55697
DOID:1406,NCIT:C191257
DOID:14064,NCIT:C51567
DOID:14067,NCIT:C93756
DOID:14068,NCIT:C66476
DOID:14069,NCIT:C34260
DOID:1407,NCIT:C134280
DOID:14080,NCIT:C130381
DOID:14115,NCIT:C171928
DOID:14116,NCIT:C40934
DOID:14159,NCIT:C196196
DOID:1417,NCIT:C111797
DOID:14175,NCIT:C59427
DOID:14176,NCIT:C34905
DOID:14183,NCIT:C130491
DOID:14203,NCIT:C37770
DOID:14219,NCIT:C50001
DOID:14221,NCIT:C78674
DOID:14223,NCIT:C174687
DOID:14224,NCIT:C19407
DOID:14247,NCIT:C9924
DOID:1425,NCIT:C10574
DOID:1426,NCIT:C180795
DOID:14269,NCIT:C3440
DOID:14270,NCIT:C45809
DOID:14271,NCIT:C72653
DOID:14272,NCIT:C147852
DOID:14283,NCIT:C1332
DOID:14289,NCIT:C52417
DOID:14292,NCIT:C1250
DOID:14320,NCIT:C102825
DOID:14324,NCIT:C107864
DOID:14332,NCIT:C52468
DOID:14336,NCIT:C17887
DOID:14350,NCIT:C184802
DOID:14351,NCIT:C78316
DOID:14365,NCIT:C195523
DOID:14374,NCIT:C71524
DOID:1439,NCIT:C186201
DOID:14451,NCIT:C175867
DOID:14452,NCIT:C118747
DOID:14453,NCIT:C187584
DOID:14464,NCIT:C37945
DOID:14495,NCIT:C196982
DOID:14497,NCIT:C3903
DOID:14498,NCIT:C171527
DOID:14500,NCIT:C56964
DOID:14515,NCIT:C12106
DOID:14522,NCIT:C112959
DOID:14525,NCIT:C60415
DOID:1455,NCIT:C64062
DOID:1456,NCIT:C182319
DOID:146,NCIT:C144947
DOID:14654,NCIT:C106176
DOID:14695,NCIT:C98141
DOID:1470,NCIT:C129082
DOID:14701,NCIT:C165293
DOID:1475,NCIT:C180250
DOID:14753,NCIT:C73283
DOID:14755,NCIT:C23183
DOID:14757,NCIT:C189666
DOID:1483,NCIT:C150881
DOID:1920,NCIT:C103944
DOID:2355,NCIT:C22051
DOID:6364,NCIT:C197918
DOID:7505,NCIT:C76648
DOID:6050,NCIT:C199836
DOID:1936,NCIT:C6218
DOID:1787,NCIT:C9208
DOID:9408,NCIT:C55706
DOID:47,NCIT:C118111
DOID:9840,NCIT:C118693
DOID:9471,NCIT:C164462
DOID:5997,NCIT:C13564
DOID:3690,NCIT:C7706
DOID:824,NCIT:C184653
DOID:8463,NCIT:C128251
DOID:9561,NCIT:C103175
DOID:216,NCIT:C149455
DOID:971,NCIT:C201285
DOID:3128,NCIT:C83392
DOID:2568,NCIT:C199138
DOID:4691,NCIT:C121101
DOID:2030,NCIT:C150773
DOID:3951,NCIT:C12981
DOID:8432,NCIT:C20035
DOID:2860,NCIT:C76560
DOID:2051,NCIT:C165984
DOID:750,NCIT:C53865
DOID:2163,NCIT:C111500
DOID:639,NCIT:C185631
DOID:9669,NCIT:C112191
DOID:2277,NCIT:C27386
DOID:9809,NCIT:C19421
DOID:9282,NCIT:C113721
DOID:6195,NCIT:C74773
DOID:2475,NCIT:C38422
DOID:302,NCIT:C103460
DOID:529,NCIT:C166779
DOID:7475,NCIT:C78059
DOID:591,NCIT:C22171
DOID:3646,NCIT:C163721
DOID:2744,NCIT:C124382
DOID:289,NCIT:C162185
DOID:2383,NCIT:C34172
DOID:9428,NCIT:C119173
DOID:61,NCIT:C135436
DOID:562,NCIT:C131699
DOID:848,NCIT:C21084
DOID:9368,NCIT:C51811
DOID:6025,NCIT:C89036
DOID:9352,NCIT:C100610
DOID:8125,NCIT:C132412
DOID:790,NCIT:C6948
DOID:3437,NCIT:C141044
DOID:5691,NCIT:C101440
DOID:2170,NCIT:C137868
DOID:9970,NCIT:C44195
DOID:2092,NCIT:C142212
DOID:3324,NCIT:C28833
DOID:573,NCIT:C185988
DOID:50,NCIT:C48833
DOID:1949,NCIT:C21517
DOID:2965,NCIT:C147594
DOID:2237,NCIT:C3828
DOID:2234,NCIT:C59976
DOID:5327,NCIT:C59145
DOID:9307,NCIT:C176060
DOID:7997,NCIT:C180867
DOID:5656,NCIT:C88490
DOID:227,NCIT:C145218
DOID:2033,NCIT:C100348
DOID:5731,NCIT:C34163
DOID:8886,NCIT:C176236
DOID:2113,NCIT:C6618
DOID:9743,NCIT:C197608
DOID:950,NCIT:C60758
DOID:9938,NCIT:C121005
DOID:224,NCIT:C632
DOID:6432,NCIT:C1121
DOID:2034,NCIT:C106336
DOID:2349,NCIT:C54765
DOID:9667,NCIT:C54878
DOID:9423,NCIT:C53960
DOID:539,NCIT:C176993
DOID:9965,NCIT:C84610
DOID:854,NCIT:C53929
DOID:2703,NCIT:C155426
DOID:9849,NCIT:C32927
DOID:1756,NCIT:C156356
DOID:2326,NCIT:C43999
DOID:3558,NCIT:C74779
DOID:9446,NCIT:C77812
DOID:3138,NCIT:C55787
DOID:9113,NCIT:C177875
DOID:2456,NCIT:C83739
DOID:4781,NCIT:C25744
DOID:5241,NCIT:C197109
DOID:5749,NCIT:C1413
DOID:8295,NCIT:C77413
DOID:483,NCIT:C94919
DOID:5639,NCIT:C71760
DOID:3388,NCIT:C22858
DOID:1509,NCIT:C135493
DOID:1513,NCIT:C24002
DOID:1556,NCIT:C16051
DOID:1573,NCIT:C21275
DOID:1574,NCIT:C2079
DOID:418,NCIT:C158293
DOID:1580,NCIT:C92409
DOID:1584,NCIT:C76052
DOID:1586,NCIT:C120202
DOID:1587,NCIT:C44371
DOID:1591,NCIT:C192090
DOID:1607,NCIT:C127740
DOID:3013,NCIT:C62720
DOID:1657,NCIT:C18974
DOID:166,NCIT:C92525
DOID:1670,NCIT:C103115
DOID:169,NCIT:C60485
DOID:1703,NCIT:C185264
DOID:1712,NCIT:C50103
DOID:172,NCIT:C50663
DOID:1726,NCIT:C177156
DOID:173,NCIT:C137999
DOID:174,NCIT:C73721
DOID:3168,NCIT:C173990
DOID:1754,NCIT:C118204
DOID:1757,NCIT:C9493
DOID:9297,NCIT:C103428
DOID:1786,NCIT:C166072
DOID:1824,NCIT:C178249
DOID:1825,NCIT:C68935
DOID:1835,NCIT:C19184
DOID:1837,NCIT:C174603
DOID:1849,NCIT:C87027
DOID:9977,NCIT:C18324
DOID:1866,NCIT:C86042
DOID:4305,NCIT:C168549
DOID:1876,NCIT:C91052
DOID:1883,NCIT:C26759
DOID:1907,NCIT:C99783
DOID:2994,NCIT:C180002
DOID:1921,NCIT:C136290
DOID:1929,NCIT:C146600
DOID:4662,NCIT:C36316
DOID:1943,NCIT:C42122
DOID:533,NCIT:C74685
DOID:2001,NCIT:C49591
DOID:2006,NCIT:C147619
DOID:203,NCIT:C104729
DOID:2043,NCIT:C83151
DOID:2053,NCIT:C86849
DOID:2055,NCIT:C148184
DOID:2065,NCIT:C161641
DOID:2066,NCIT:C80418
DOID:2068,NCIT:C50367
DOID:2074,NCIT:C2962
DOID:2112,NCIT:C64424
DOID:2135,NCIT:C179388
DOID:2145,NCIT:C44591
DOID:693,NCIT:C1420
DOID:2228,NCIT:C36197
DOID:2239,NCIT:C150264
DOID:2273,NCIT:C87111
DOID:2280,NCIT:C121633
DOID:2282,NCIT:C189044
DOID:2283,NCIT:C195916
DOID:2312,NCIT:C160877
DOID:4029,NCIT:C146341
DOID:2338,NCIT:C1504
DOID:2344,NCIT:C71104
DOID:2373,NCIT:C180524
DOID:2378,NCIT:C128128
DOID:2382,NCIT:C33470
DOID:2392,NCIT:C132510
DOID:2411,NCIT:C64371
DOID:2426,NCIT:C35744
DOID:2431,NCIT:C90073
DOID:3850,NCIT:C96847
DOID:2433,NCIT:C196995
DOID:2436,NCIT:C111386
DOID:2438,NCIT:C121523
DOID:2450,NCIT:C52331
DOID:2457,NCIT:C39257
DOID:2458,NCIT:C191899
DOID:2474,NCIT:C34925
DOID:607,NCIT:C147267
DOID:2491,NCIT:C9999
DOID:2518,NCIT:C8146
DOID:576,NCIT:C44956
DOID:254,NCIT:C15884
DOID:2544,NCIT:C76408
DOID:2550,NCIT:C76618
DOID:2555,NCIT:C163543
DOID:2562,NCIT:C158772
DOID:2565,NCIT:C56197
DOID:3405,NCIT:C60072
DOID:2582,NCIT:C53664
DOID:2597,NCIT:C6565
DOID:2614,NCIT:C151122
DOID:262,NCIT:C38610
DOID:2621,NCIT:C111264
DOID:2636,NCIT:C77328
DOID:2639,NCIT:C145403
DOID:264,NCIT:C39125
DOID:2641,NCIT:C178435
DOID:5207,NCIT:C108970
DOID:2643,NCIT:C94851
DOID:2645,NCIT:C130812
DOID:3314,NCIT:C145128
DOID:2647,NCIT:C6417
DOID:5759,NCIT:C168660
DOID:2656,NCIT:C160192
DOID:2661,NCIT:C9801
DOID:2668,NCIT:C82574
DOID:2669,NCIT:C88705
DOID:2712,NCIT:C149793
DOID:2733,NCIT:C140898
DOID:2734,NCIT:C124923
DOID:2745,NCIT:C36830
DOID:2755,NCIT:C170193
DOID:2768,NCIT:C91530
DOID:2772,NCIT:C101850
DOID:2773,NCIT:C67335
DOID:2780,NCIT:C141888
DOID:2790,NCIT:C21294
DOID:2800,NCIT:C145040
DOID:2801,NCIT:C12439
DOID:2828,NCIT:C36683
DOID:2833,NCIT:C72943
DOID:2834,NCIT:C62680
DOID:2835,NCIT:C75043
DOID:2838,NCIT:C99465
DOID:2839,NCIT:C127863
DOID:2846,NCIT:C75629
DOID:2856,NCIT:C147645
DOID:2859,NCIT:C120827
DOID:4989,NCIT:C12499
DOID:2917,NCIT:C187529
DOID:2920,NCIT:C84986
DOID:2929,NCIT:C64837
DOID:2945,NCIT:C123335
DOID:2951,NCIT:C155718
DOID:2983,NCIT:C194054
DOID:2986,NCIT:C107029
DOID:2988,NCIT:C50757
DOID:3001,NCIT:C132350
DOID:3003,NCIT:C65753
DOID:3010,NCIT:C9746
DOID:3049,NCIT:C110160
DOID:3071,NCIT:C191529
DOID:3081,NCIT:C182908
DOID:3083,NCIT:C163795
DOID:3089,NCIT:C146194
DOID:3118,NCIT:C156814
DOID:3127,NCIT:C111923
DOID:3140,NCIT:C8303
DOID:3145,NCIT:C173570
DOID:3149,NCIT:C168776
DOID:315,NCIT:C201187
DOID:3156,NCIT:C140481
DOID:3162,NCIT:C171088
DOID:3177,NCIT:C112169
DOID:3179,NCIT:C166559
DOID:3196,NCIT:C191512
DOID:3201,NCIT:C88306
DOID:3203,NCIT:C51986
DOID:3205,NCIT:C181898
DOID:3206,NCIT:C52459
DOID:3218,NCIT:C27907
DOID:3250,NCIT:C141112
DOID:3255,NCIT:C94447
DOID:3260,NCIT:C47844
DOID:3274,NCIT:C182212
DOID:3275,NCIT:C184073
DOID:3278,NCIT:C44298
DOID:3279,NCIT:C196465
DOID:3280,NCIT:C176890
DOID:3282,NCIT:C5212
DOID:3283,NCIT:C90475
DOID:3292,NCIT:C105907
DOID:3301,NCIT:C148619
DOID:3309,NCIT:C65916
DOID:3318,NCIT:C183092
DOID:3327,NCIT:C71295
DOID:334,NCIT:C198721
DOID:3341,NCIT:C152559
DOID:3343,NCIT:C131398
DOID:3352,NCIT:C4422
DOID:3360,NCIT:C183629
DOID:3362,NCIT:C50951
DOID:3372,NCIT:C119137
DOID:3374,NCIT:C107177
DOID:339,NCIT:C151028
DOID:3401,NCIT:C67289
DOID:3413,NCIT:C130564
DOID:3428,NCIT:C126560
DOID:3429,NCIT:C67304
DOID:3443,NCIT:C102492
DOID:3450,NCIT:C62253
DOID:3457,NCIT:C33070
DOID:3486,NCIT:C94521
DOID:349,NCIT:C159967
DOID:3493,NCIT:C158361
DOID:3498,NCIT:C171129
DOID:350,NCIT:C183561
DOID:3516,NCIT:C68363
DOID:3526,NCIT:C66946
DOID:3577,NCIT:C93650
DOID:3596,NCIT:C137998
DOID:3615,NCIT:C50154
DOID:3616,NCIT:C36214
DOID:3618,NCIT:C80412
DOID:3633,NCIT:C155490
DOID:3641,NCIT:C94037
DOID:3643,NCIT:C135176
DOID:3644,NCIT:C173708
DOID:3650,NCIT:C44784
DOID:3652,NCIT:C72219
DOID:3659,NCIT:C79719
DOID:3665,NCIT:C58931
DOID:367,NCIT:C126748
DOID:3672,NCIT:C99959
DOID:3688,NCIT:C27500
DOID:3720,NCIT:C186489
DOID:3737,NCIT:C158262
DOID:374,NCIT:C140138
DOID:3751,NCIT:C165010
DOID:3763,NCIT:C74182
DOID:3766,NCIT:C124056
DOID:3777,NCIT:C32827
DOID:3781,NCIT:C160583
DOID:379,NCIT:C88088
DOID:3805,NCIT:C23258
DOID:3828,NCIT:C134972
DOID:384,NCIT:C200385
DOID:3846,NCIT:C200550
DOID:3847,NCIT:C145826
DOID:3855,NCIT:C170001
DOID:3857,NCIT:C133514
DOID:3861,NCIT:C144765
DOID:3868,NCIT:C124510
DOID:3873,NCIT:C51598
DOID:3893,NCIT:C55621
DOID:3923,NCIT:C197919
DOID:3925,NCIT:C80933
DOID:3927,NCIT:C99848
DOID:3928,NCIT:C50014
DOID:3946,NCIT:C118334
DOID:3947,NCIT:C39750
DOID:396,NCIT:C94503
DOID:3965,NCIT:C160085
DOID:3968,NCIT:C141009
DOID:401,NCIT:C44287
DOID:4022,NCIT:C117326
DOID:4023,NCIT:C120342
DOID:4024,NCIT:C82666
DOID:4028,NCIT:C194895
DOID:4031,NCIT:C167016
DOID:4035,NCIT:C182595
DOID:4037,NCIT:C179865
DOID:4038,NCIT:C5591
DOID:4044,NCIT:C86264
DOID:4055,NCIT:C118717
DOID:4078,NCIT:C53831
DOID:4085,NCIT:C38202
DOID:4087,NCIT:C65207
DOID:4136,NCIT:C125443
DOID:4152,NCIT:C95203
DOID:4157,NCIT:C187164
DOID:4160,NCIT:C5403
DOID:4163,NCIT:C88059
DOID:4175,NCIT:C44644
DOID:4183,NCIT:C95366
DOID:4188,NCIT:C38156
DOID:4196,NCIT:C110865
DOID:4201,NCIT:C23565
DOID:4210,NCIT:C188681
DOID:4231,NCIT:C100524
DOID:4235,NCIT:C121346
DOID:4265,NCIT:C39398
DOID:4266,NCIT:C150781
DOID:4271,NCIT:C113989
DOID:4280,NCIT:C20217
DOID:429,NCIT:C175548
DOID:4290,NCIT:C199460
DOID:4291,NCIT:C197130
DOID:4292,NCIT:C87284
DOID:4293,NCIT:C156410
DOID:4295,NCIT:C83712
DOID:4300,NCIT:C18922
DOID:4304,NCIT:C163855
DOID:4307,NCIT:C114082
DOID:4310,NCIT:C152864
DOID:4321,NCIT:C54583
DOID:4323,NCIT:C173025
DOID:4324,NCIT:C123572
DOID:4325,NCIT:C385
DOID:4329,NCIT:C26364
DOID:4336,NCIT:C106792
DOID:4347,NCIT:C175285
DOID:4353,NCIT:C111847
DOID:4359,NCIT:C121101
DOID:4360,NCIT:C127623
DOID:4367,NCIT:C166534
DOID:4379,NCIT:C74870
DOID:4394,NCIT:C84193
DOID:4397,NCIT:C118571
DOID:4398,NCIT:C64921
DOID:4399,NCIT:C139054
DOID:4400,NCIT:C166091
DOID:4404,NCIT:C160414
DOID:4406,NCIT:C103708
DOID:4407,NCIT:C75302
DOID:4415,NCIT:C117638
DOID:4419,NCIT:C76099
DOID:4428,NCIT:C102390
DOID:4430,NCIT:C110569
DOID:4433,NCIT:C113878
DOID:4436,NCIT:C62900
DOID:4447,NCIT:C51778
DOID:4449,NCIT:C65082
DOID:4464,NCIT:C103341
DOID:4471,NCIT:C154821
DOID:4472,NCIT:C32142
DOID:4480,NCIT:C53589
DOID:4483,NCIT:C14651
DOID:4486,NCIT:C147398
DOID:4488,NCIT:C10658
DOID:4489,NCIT:C60331
DOID:4500,NCIT:C152049
DOID:4520,NCIT:C97758
DOID:4541,NCIT:C41082
DOID:4543,NCIT:C109032
DOID:4548,NCIT:C111220
DOID:4552,NCIT:C3579
DOID:4560,NCIT:C111940
DOID:4561,NCIT:C185909
DOID:4562,NCIT:C192015
DOID:4586,NCIT:C146398
DOID:4588,NCIT:C114318
DOID:4591,NCIT:C148474
DOID:4594,NCIT:C74489
DOID:4624,NCIT:C185652
DOID:4636,NCIT:C60720
DOID:4637,NCIT:C198046
DOID:4638,NCIT:C119482
DOID:4639,NCIT:C3327
DOID:4651,NCIT:C73736
DOID:4653,NCIT:C97363
DOID:4656,NCIT:C120171
DOID:4658,NCIT:C132522
DOID:4660,NCIT:C185657
DOID:467,NCIT:C145484
DOID:4675,NCIT:C34016
DOID:4680,NCIT:C159645
DOID:469,NCIT:C160875
DOID:4692,NCIT:C51900
DOID:4693,NCIT:C195821
DOID:4698,NCIT:C97265
DOID:4699,NCIT:C113718
DOID:470,NCIT:C118313
DOID:4702,NCIT:C124391
DOID:4707,NCIT:C85027
DOID:4730,NCIT:C44321
DOID:474,NCIT:C9052
DOID:4744,NCIT:C172518
DOID:4749,NCIT:C194329
DOID:4766,NCIT:C23343
DOID:4767,NCIT:C119598
DOID:4768,NCIT:C17860
DOID:4776,NCIT:C183115
DOID:4777,NCIT:C197208
DOID:4778,NCIT:C188626
DOID:4779,NCIT:C38745
DOID:4780,NCIT:C94690
DOID:4782,NCIT:C126347
DOID:4783,NCIT:C95890
DOID:4784,NCIT:C82399
DOID:4790,NCIT:C126013
DOID:4797,NCIT:C9433
DOID:4798,NCIT:C4946
DOID:4810,NCIT:C64669
DOID:4830,NCIT:C126389
DOID:4845,NCIT:C196123
DOID:4852,NCIT:C101013
DOID:4856,NCIT:C34203
DOID:486,NCIT:C163945
DOID:4866,NCIT:C34048
DOID:4895,NCIT:C147587
DOID:4903,NCIT:C96766
DOID:4917,NCIT:C55424
DOID:492,NCIT:C60009
DOID:4922,NCIT:C2444
DOID:4927,NCIT:C87998
DOID:4929,NCIT:C130854
DOID:496,NCIT:C98472
DOID:4961,NCIT:C23904
DOID:4970,NCIT:C38435
DOID:4993,NCIT:C48618
DOID:5026,NCIT:C125221
DOID:5030,NCIT:C170320
DOID:5052,NCIT:C91203
DOID:5058,NCIT:C32876
DOID:5063,NCIT:C89423
DOID:5075,NCIT:C135604
DOID:5104,NCIT:C124707
DOID:512,NCIT:C3272
DOID:5127,NCIT:C193812
DOID:5128,NCIT:C161561
DOID:5138,NCIT:C23654
DOID:5139,NCIT:C198831
DOID:5147,NCIT:C207
DOID:5149,NCIT:C178378
DOID:5151,NCIT:C97777
DOID:5152,NCIT:C16640
DOID:5155,NCIT:C76352
DOID:5162,NCIT:C162778
DOID:5170,NCIT:C91119
DOID:5176,NCIT:C45234
DOID:5179,NCIT:C105998
DOID:5182,NCIT:C24796
DOID:5189,NCIT:C33348
DOID:519,NCIT:C15163
DOID:5191,NCIT:C98942
DOID:5193,NCIT:C6032
DOID:5194,NCIT:C51131
DOID:5204,NCIT:C176847
DOID:5221,NCIT:C92214
DOID:5222,NCIT:C193920
DOID:5223,NCIT:C155608
DOID:5224,NCIT:C171795
DOID:5225,NCIT:C186924
DOID:5230,NCIT:C136304
DOID:5236,NCIT:C194755
DOID:5251,NCIT:C112643
DOID:5258,NCIT:C41244
DOID:526,NCIT:C122311
DOID:5268,NCIT:C40713
DOID:5273,NCIT:C47498
DOID:5334,NCIT:C136536
DOID:5339,NCIT:C7694
DOID:5351,NCIT:C139054
DOID:5362,NCIT:C72729
DOID:5370,NCIT:C189890
DOID:5373,NCIT:C116113
DOID:5374,NCIT:C73921
DOID:5378,NCIT:C200459
DOID:5379,NCIT:C54816
DOID:5390,NCIT:C48716
DOID:5394,NCIT:C113210
DOID:5398,NCIT:C23296
DOID:5401,NCIT:C107719
DOID:5411,NCIT:C77587
DOID:5418,NCIT:C86696
DOID:5439,NCIT:C2498
DOID:5442,NCIT:C142577
DOID:5444,NCIT:C197104
DOID:5445,NCIT:C172790
DOID:5469,NCIT:C180798
DOID:5477,NCIT:C17169
DOID:5479,NCIT:C166691
DOID:5484,NCIT:C69215
DOID:5487,NCIT:C8205
DOID:5494,NCIT:C27577
DOID:5500,NCIT:C118092
DOID:5504,NCIT:C180003
DOID:5505,NCIT:C143456
DOID:5510,NCIT:C26226
DOID:5521,NCIT:C127079
DOID:5566,NCIT:C1942
DOID:5570,NCIT:C62010
DOID:5572,NCIT:C96768
DOID:5574,NCIT:C113980
DOID:5576,NCIT:C61485
DOID:5577,NCIT:C55618
DOID:5585,NCIT:C71694
DOID:5587,NCIT:C120697
DOID:559,NCIT:C40179
DOID:5597,NCIT:C126317
DOID:5605,NCIT:C22106
DOID:5615,NCIT:C120115
DOID:5641,NCIT:C27075
DOID:5642,NCIT:C182084
DOID:5658,NCIT:C161660
DOID:5660,NCIT:C8380
DOID:5670,NCIT:C96663
DOID:5675,NCIT:C114458
DOID:5690,NCIT:C179510
DOID:5692,NCIT:C201224
DOID:5693,NCIT:C41509
DOID:5698,NCIT:C62964
DOID:5703,NCIT:C33452
DOID:5704,NCIT:C66164
DOID:5705,NCIT:C122998
DOID:5709,NCIT:C69195
DOID:5726,NCIT:C34235
DOID:5727,NCIT:C63910
DOID:5729,NCIT:C198430
DOID:5730,NCIT:C103461
DOID:5747,NCIT:C183075
DOID:5757,NCIT:C194349
DOID:5758,NCIT:C12830
DOID:5763,NCIT:C11200
DOID:5767,NCIT:C83027
DOID:5768,NCIT:C127848
DOID:5773,NCIT:C144455
DOID:5774,NCIT:C57165
DOID:5776,NCIT:C65564
DOID:5789,NCIT:C296
DOID:5798,NCIT:C123641
DOID:580,NCIT:C28247
DOID:688,NCIT:C75089
DOID:7602,NCIT:C146918
DOID:9396,NCIT:C106976
DOID:769,NCIT:C52150
DOID:864,NCIT:C107513
DOID:5876,NCIT:C117332
DOID:682,NCIT:C59023
DOID:5805,NCIT:C121690
DOID:5810,NCIT:C80315
DOID:5812,NCIT:C157483
DOID:5820,NCIT:C125468
DOID:5822,NCIT:C185747
DOID:5825,NCIT:C170568
DOID:720,NCIT:C67457
DOID:5843,NCIT:C35857
DOID:5844,NCIT:C41485
DOID:5848,NCIT:C177146
DOID:5849,NCIT:C13824
DOID:5851,NCIT:C113022
DOID:5852,NCIT:C36188
DOID:5854,NCIT:C132243
DOID:5862,NCIT:C110280
DOID:5870,NCIT:C3698
DOID:5884,NCIT:C155635
DOID:5893,NCIT:C179228
DOID:5894,NCIT:C148099
DOID:5907,NCIT:C128746
DOID:5913,NCIT:C98764
DOID:5914,NCIT:C65369
DOID:5923,NCIT:C125456
DOID:593,NCIT:C17680
DOID:594,NCIT:C18487
DOID:5948,NCIT:C62246
DOID:5949,NCIT:C197836
DOID:5998,NCIT:C80172
DOID:600,NCIT:C176151
DOID:6004,NCIT:C88689
DOID:602,NCIT:C68627
DOID:6024,NCIT:C17337
DOID:603,NCIT:C9039
DOID:6034,NCIT:C177763
DOID:6048,NCIT:C12454
DOID:605,NCIT:C34684
DOID:6065,NCIT:C35187
DOID:6102,NCIT:C184870
DOID:6113,NCIT:C82323
DOID:6114,NCIT:C26637
DOID:6167,NCIT:C160578
DOID:736,NCIT:C95359
DOID:6179,NCIT:C70938
DOID:6197,NCIT:C119787
DOID:6203,NCIT:C110275
DOID:6209,NCIT:C28667
DOID:6210,NCIT:C196388
DOID:6211,NCIT:C185140
DOID:6225,NCIT:C114914
DOID:6232,NCIT:C115222
DOID:624,NCIT:C140012
DOID:625,NCIT:C53895
DOID:6244,NCIT:C104940
DOID:6258,NCIT:C167021
DOID:6259,NCIT:C24620
DOID:6275,NCIT:C79691
DOID:6294,NCIT:C128105
DOID:6307,NCIT:C184550
DOID:631,NCIT:C47852
DOID:6312,NCIT:C120140
DOID:6314,NCIT:C173297
DOID:6315,NCIT:C72389
DOID:6322,NCIT:C21783
DOID:6332,NCIT:C8092
DOID:6344,NCIT:C78852
DOID:6345,NCIT:C43812
DOID:635,NCIT:C17019
DOID:636,NCIT:C41671
DOID:6376,NCIT:C165553
DOID:6379,NCIT:C180414
DOID:6381,NCIT:C127447
DOID:640,NCIT:C65858
DOID:6406,NCIT:C57296
DOID:6419,NCIT:C50012
DOID:6428,NCIT:C148109
DOID:6445,NCIT:C156419
DOID:6458,NCIT:C43224
DOID:6482,NCIT:C27194
DOID:6484,NCIT:C42150
DOID:6505,NCIT:C104112
DOID:6511,NCIT:C79629
DOID:6512,NCIT:C48406
DOID:6514,NCIT:C181868
DOID:6530,NCIT:C39461
DOID:706,NCIT:C55479
DOID:6548,NCIT:C11356
DOID:6553,NCIT:C77538
DOID:6569,NCIT:C115797
DOID:6594,NCIT:C182282
DOID:6605,NCIT:C96515
DOID:6606,NCIT:C77020
DOID:6608,NCIT:C117683
DOID:6613,NCIT:C168852
DOID:664,NCIT:C183976
DOID:6676,NCIT:C41399
DOID:6677,NCIT:C58387
DOID:668,NCIT:C45778
DOID:6680,NCIT:C89283
DOID:778,NCIT:C102448
DOID:6692,NCIT:C110562
DOID:6693,NCIT:C55341
DOID:6696,NCIT:C89630
DOID:6697,NCIT:C128239
DOID:6705,NCIT:C141758
DOID:6706,NCIT:C164832
DOID:6707,NCIT:C69317
DOID:6726,NCIT:C162278
DOID:6742,NCIT:C158103
DOID:6811,NCIT:C196912
DOID:6823,NCIT:C87124
DOID:6827,NCIT:C114103
DOID:6839,NCIT:C18295
DOID:6869,NCIT:C147205
DOID:6906,NCIT:C135515
DOID:6917,NCIT:C97560
DOID:6945,NCIT:C129214
DOID:6947,NCIT:C115643
DOID:6951,NCIT:C114968
DOID:6959,NCIT:C56469
DOID:6977,NCIT:C53891
DOID:698,NCIT:C183905
DOID:6988,NCIT:C156883
DOID:6992,NCIT:C102551
DOID:7004,NCIT:C92837
DOID:7005,NCIT:C52752
DOID:7008,NCIT:C119099
DOID:7014,NCIT:C189997
DOID:7030,NCIT:C77704
DOID:7081,NCIT:C59621
DOID:7086,NCIT:C166271
DOID:7088,NCIT:C24553
DOID:7089,NCIT:C101429
DOID:7097,NCIT:C105300
DOID:7105,NCIT:C34157
DOID:8002,NCIT:C118964
DOID:7127,NCIT:C147049
DOID:7138,NCIT:C177238
DOID:7165,NCIT:C117733
DOID:7173,NCIT:C113055
DOID:7179,NCIT:C23748
DOID:7188,NCIT:C156723
DOID:7202,NCIT:C157005
DOID:7206,NCIT:C106794
DOID:7210,NCIT:C146007
DOID:7211,NCIT:C16914
DOID:7212,NCIT:C74422
DOID:7213,NCIT:C34495
DOID:7214,NCIT:C8545
DOID:7223,NCIT:C81455
DOID:7230,NCIT:C150115
DOID:7234,NCIT:C80544
DOID:7237,NCIT:C163423
DOID:724,NCIT:C70619
DOID:7241,NCIT:C98447
DOID:7263,NCIT:C105418
DOID:7269,NCIT:C128680
DOID:7289,NCIT:C139243
DOID:7293,NCIT:C34650
DOID:7302,NCIT:C169975
DOID:7312,NCIT:C154255
DOID:7315,NCIT:C56513
DOID:7327,NCIT:C97364
DOID:9598,NCIT:C184675
DOID:7347,NCIT:C130257
DOID:7360,NCIT:C37557
DOID:7365,NCIT:C36341
DOID:7371,NCIT:C164278
DOID:738,NCIT:C24446
DOID:7380,NCIT:C57754
DOID:7381,NCIT:C180628
DOID:7402,NCIT:C65739
DOID:7409,NCIT:C12576
DOID:743,NCIT:C165358
DOID:7435,NCIT:C164666
DOID:7436,NCIT:C44007
DOID:7441,NCIT:C55199
DOID:7459,NCIT:C37624
DOID:7480,NCIT:C79523
DOID:7482,NCIT:C5352
DOID:7488,NCIT:C109468
DOID:7489,NCIT:C138267
DOID:7492,NCIT:C155372
DOID:7518,NCIT:C41580
DOID:7520,NCIT:C25594
DOID:7521,NCIT:C119681
DOID:7528,NCIT:C33317
DOID:7531,NCIT:C51727
DOID:7532,NCIT:C155738
DOID:7533,NCIT:C85342
DOID:7538,NCIT:C103116
DOID:7539,NCIT:C122941
DOID:7540,NCIT:C97350
DOID:7541,NCIT:C55132
DOID:7542,NCIT:C26327
DOID:7559,NCIT:C197027
DOID:7566,NCIT:C18645
DOID:7577,NCIT:C20831
DOID:7578,NCIT:C170015
DOID:758,NCIT:C180317
DOID:7603,NCIT:C195668
DOID:7607,NCIT:C105636
DOID:7615,NCIT:C131311
DOID:7633,NCIT:C15887
DOID:7634,NCIT:C195387
DOID:7635,NCIT:C108892
DOID:7642,NCIT:C102790
DOID:7651,NCIT:C74804
DOID:7656,NCIT:C87486
DOID:7664,NCIT:C110602
DOID:7693,NCIT:C72339
DOID:7697,NCIT:C105973
DOID:7713,NCIT:C42891
DOID:7725,NCIT:C169882
DOID:7731,NCIT:C1968
DOID:7735,NCIT:C95151
DOID:7806,NCIT:C24305
DOID:7808,NCIT:C19295
DOID:7817,NCIT:C87045
DOID:7818,NCIT:C152461
DOID:7819,NCIT:C141225
DOID:7820,NCIT:C44585
DOID:7825,NCIT:C134844
DOID:7843,NCIT:C6392
DOID:7907,NCIT:C166267
DOID:7921,NCIT:C28625
DOID:7922,NCIT:C7300
DOID:7930,NCIT:C175638
DOID:7949,NCIT:C99491
DOID:7951,NCIT:C111051
DOID:7953,NCIT:C7075
DOID:7961,NCIT:C21096
DOID:7962,NCIT:C54325
DOID:7972,NCIT:C87954
DOID:7984,NCIT:C192929
DOID:7986,NCIT:C104845
DOID:799,NCIT:C95880
DOID:7996,NCIT:C162833
DOID:8000,NCIT:C73633
DOID:8009,NCIT:C161723
DOID:8020,NCIT:C147611
DOID:8029,NCIT:C17194
DOID:8030,NCIT:C90356
DOID:8050,NCIT:C95511
DOID:8051,NCIT:C131591
DOID:8057,NCIT:C116246
DOID:8072,NCIT:C130699
DOID:8081,NCIT:C197518
DOID:8082,NCIT:C199676
DOID:8083,NCIT:C136166
DOID:8096,NCIT:C9447
DOID:8104,NCIT:C165499
DOID:8106,NCIT:C89777
DOID:8110,NCIT:C135541
DOID:8117,NCIT:C172385
DOID:813,NCIT:C38635
DOID:8130,NCIT:C151319
DOID:8137,NCIT:C144402
DOID:8144,NCIT:C142451
DOID:8153,NCIT:C42629
DOID:8158,NCIT:C161488
DOID:817,NCIT:C20383
DOID:8177,NCIT:C94021
DOID:8178,NCIT:C197331
DOID:819,NCIT:C152583
DOID:8193,NCIT:C13826
DOID:8195,NCIT:C24522
DOID:8221,NCIT:C198259
DOID:8223,NCIT:C42508
DOID:8224,NCIT:C181151
DOID:8225,NCIT:C168237
DOID:8227,NCIT:C180568
DOID:8233,NCIT:C27815
DOID:8239,NCIT:C87749
DOID:8252,NCIT:C187554
DOID:8259,NCIT:C143529
DOID:8272,NCIT:C112704
DOID:8275,NCIT:C36587
DOID:8292,NCIT:C180330
DOID:8302,NCIT:C191157
DOID:8305,NCIT:C114142
DOID:8307,NCIT:C131370
DOID:8335,NCIT:C50953
DOID:8337,NCIT:C195221
DOID:8353,NCIT:C187857
DOID:8354,NCIT:C125825
DOID:8358,NCIT:C35931
DOID:8361,NCIT:C84148
DOID:8362,NCIT:C10523
DOID:8368,NCIT:C6456
DOID:8369,NCIT:C121579
DOID:8389,NCIT:C3547
DOID:8392,NCIT:C51273
DOID:8408,NCIT:C154081
DOID:8409,NCIT:C136245
DOID:8415,NCIT:C20620
DOID:8419,NCIT:C58852
DOID:8420,NCIT:C30081
DOID:8428,NCIT:C21038
DOID:8431,NCIT:C61765
DOID:8433,NCIT:C10363
DOID:8437,NCIT:C48996
DOID:8440,NCIT:C139624
DOID:8442,NCIT:C72198
DOID:8445,NCIT:C57455
DOID:8446,NCIT:C36614
DOID:8455,NCIT:C159964
DOID:8482,NCIT:C114607
DOID:8488,NCIT:C47486
DOID:8505,NCIT:C66638
DOID:8506,NCIT:C101250
DOID:9477,NCIT:C20672
DOID:8534,NCIT:C80037
DOID:8538,NCIT:C124740
DOID:8543,NCIT:C99042
DOID:8567,NCIT:C66405
DOID:8544,NCIT:C37437
DOID:8566,NCIT:C33308
DOID:8590,NCIT:C57186
DOID:8593,NCIT:C49659
DOID:8596,NCIT:C158245
DOID:8607,NCIT:C127245
DOID:8616,NCIT:C9358
DOID:8622,NCIT:C126328
DOID:8628,NCIT:C189202
DOID:8635,NCIT:C47676
DOID:8654,NCIT:C174545
DOID:8659,NCIT:C182171
DOID:8660,NCIT:C170899
DOID:8680,NCIT:C184484
DOID:8683,NCIT:C190379
DOID:8689,NCIT:C35751
DOID:8704,NCIT:C18148
DOID:8717,NCIT:C145148
DOID:8738,NCIT:C43754
DOID:8741,NCIT:C109214
DOID:8743,NCIT:C75865
DOID:8757,NCIT:C168148
DOID:876,NCIT:C82508
DOID:8781,NCIT:C162777
DOID:8805,NCIT:C47690
DOID:8838,NCIT:C75697
DOID:8861,NCIT:C179318
DOID:8866,NCIT:C158215
DOID:8867,NCIT:C65136
DOID:8881,NCIT:C65222
DOID:8892,NCIT:C101259
DOID:8920,NCIT:C198861
DOID:8924,NCIT:C128042
DOID:893,NCIT:C173822
DOID:8936,NCIT:C94397
DOID:8986,NCIT:C100216
DOID:90,NCIT:C66607
DOID:9007,NCIT:C177267
DOID:9021,NCIT:C143138
DOID:9043,NCIT:C70929
DOID:9060,NCIT:C54989
DOID:9065,NCIT:C131201
DOID:9072,NCIT:C101062
DOID:9088,NCIT:C162031
DOID:9097,NCIT:C16367
DOID:910,NCIT:C29635
DOID:9149,NCIT:C102005
DOID:9153,NCIT:C142722
DOID:9181,NCIT:C191273
DOID:9201,NCIT:C179848
DOID:9206,NCIT:C167242
DOID:9220,NCIT:C99475
DOID:9240,NCIT:C48400
DOID:9245,NCIT:C154076
DOID:9253,NCIT:C71057
DOID:9271,NCIT:C164841
DOID:9279,NCIT:C23820
DOID:9281,NCIT:C79314
DOID:9507,NCIT:C51273
DOID:9317,NCIT:C7454
DOID:9341,NCIT:C68678
DOID:9348,NCIT:C184010
DOID:9362,NCIT:C95686
DOID:9392,NCIT:C134739
DOID:9395,NCIT:C198348
DOID:9398,NCIT:C165978
DOID:9439,NCIT:C185049
DOID:9476,NCIT:C182959
DOID:9502,NCIT:C13467
DOID:9537,NCIT:C97305
DOID:9550,NCIT:C47871
DOID:9565,NCIT:C196501
DOID:9584,NCIT:C166480
DOID:9599,NCIT:C124875
DOID:96,NCIT:C61958
DOID:9601,NCIT:C133994
DOID:9602,NCIT:C143338
DOID:9603,NCIT:C151158
DOID:9622,NCIT:C95399
DOID:9643,NCIT:C165412
DOID:9663,NCIT:C127979
DOID:9673,NCIT:C167248
DOID:9681,NCIT:C142520
DOID:9682,NCIT:C16215
DOID:9699,NCIT:C156840
DOID:9714,NCIT:C53538
DOID:9726,NCIT:C78402
DOID:9765,NCIT:C115759
DOID:9766,NCIT:C16114
DOID:9788,NCIT:C158549
DOID:9810,NCIT:C81014
DOID:9837,NCIT:C181914
DOID:9841,NCIT:C163508
DOID:9861,NCIT:C175756
DOID:9903,NCIT:C139795
DOID:9905,NCIT:C199136
DOID:9923,NCIT:C99291
DOID:9939,NCIT:C85029
DOID:9955,NCIT:C85091
DOID:9969,NCIT:C112494
DOID:9975,NCIT:C114845
DOID:9976,NCIT:C186685
DOID:9997,NCIT:C63969
