NCIT:C3235,DOID:8618
NCIT:C148261,DOID:5559
NCIT:C111814,DOID:655
NCIT:C126560,DOID:0050625
NCIT:C98813,DOID:305
NCIT:C34910,DOID:4535
NCIT:C124846,DOID:47
NCIT:C34555,DOID:4451
NCIT:C130983,DOID:1184
NCIT:C114354,DOID:0050619
NCIT:C34792,DOID:3829
NCIT:C128411,DOID:2531
NCIT:C133742,DOID:3711
NCIT:C84797,DOID:2977
NCIT:C35716,DOID:9953
NCIT:C62586,DOID:6114
NCIT:C35288,DOID:2664
NCIT:C170433,DOID:5614
NCIT:C48829,DOID:3275
NCIT:C84453,DOID:1168
NCIT:C84402,DOID:0060182
NCIT:C84501,DOID:4610
NCIT:C79484,DOID:9351
NCIT:C3147,DOID:0050851
NCIT:C84571,DOID:6293
NCIT:C97159,DOID:672
NCIT:C84711,DOID:2034
NCIT:C84789,DOID:37
NCIT:C84760,DOID:533
NCIT:C84890,DOID:5716
NCIT:C103921,DOID:264
NCIT:C84604,DOID:934
NCIT:C168988,DOID:1679
NCIT:C9233,DOID:8439
NCIT:C113750,DOID:3095
NCIT:C35528,DOID:3458
NCIT:C61273,DOID:4436
NCIT:C84710,DOID:5614
NCIT:C84905,DOID:75
NCIT:C34418,DOID:1682
NCIT:C120902,DOID:0050828
NCIT:C99053,DOID:2860
NCIT:C7955,DOID:2537
NCIT:C9160,DOID:6025
NCIT:C118822,DOID:6193
NCIT:C136825,DOID:6085
NCIT:C48613,DOID:850
NCIT:C7956,DOID:1756
NCIT:C84827,DOID:4015
NCIT:C111884,DOID:6193
NCIT:C84788,DOID:368
NCIT:C3138,DOID:3463
NCIT:C172328,DOID:649
NCIT:C168999,DOID:1927
NCIT:C4099,DOID:3382
NCIT:C101214,DOID:1039
NCIT:C34733,DOID:0060112
NCIT:C54203,DOID:3262
NCIT:C3720,DOID:2033
NCIT:C80280,DOID:12558
NCIT:C4664,DOID:5556
NCIT:C84913,DOID:934
NCIT:C3453,DOID:1201
NCIT:C170437,DOID:687
NCIT:C3168,DOID:5518
NCIT:C8263,DOID:5940
NCIT:C84270,DOID:1701
NCIT:C84275,DOID:11201
NCIT:C84276,DOID:9720
NCIT:C84277,DOID:7574
NCIT:C3179,DOID:2033
NCIT:C3178,DOID:3247
NCIT:C3800,DOID:5485
NCIT:C2970,DOID:3480
NCIT:C8863,DOID:10763
NCIT:C84773,DOID:229
NCIT:C4563,DOID:1393
NCIT:C4862,DOID:4079
NCIT:C6803,DOID:9553
NCIT:C26703,DOID:5375
NCIT:C75100,DOID:3350
NCIT:C26884,DOID:0060082
NCIT:C116337,DOID:169
NCIT:C84619,DOID:4001
NCIT:C3898,DOID:2978
NCIT:C135017,DOID:1529
NCIT:C3878,DOID:2473
NCIT:C7153,DOID:3069
NCIT:C3704,DOID:3692
NCIT:C6496,DOID:1967
NCIT:C3771,DOID:3307
NCIT:C3211,DOID:7757
NCIT:C3467,DOID:381
NCIT:C171133,DOID:6231
NCIT:C67107,DOID:5295
NCIT:C8936,DOID:1240
NCIT:C80331,DOID:11102
NCIT:C80342,DOID:0060038
NCIT:C80343,DOID:5221
NCIT:C80335,DOID:1602
NCIT:C80338,DOID:5514
NCIT:C80346,DOID:5485
NCIT:C80347,DOID:0080015
NCIT:C130039,DOID:540
NCIT:C123245,DOID:5344
NCIT:C120199,DOID:1529
NCIT:C53555,DOID:1387
NCIT:C129309,DOID:11155
NCIT:C132195,DOID:331
NCIT:C129440,DOID:3883
NCIT:C129441,DOID:3382
NCIT:C129442,DOID:2789
NCIT:C5398,DOID:37
NCIT:C3325,DOID:235
NCIT:C180557,DOID:2051
NCIT:C85076,DOID:305
NCIT:C122653,DOID:9446
NCIT:C26723,DOID:5041
NCIT:C38504,DOID:574
NCIT:C27021,DOID:2355
NCIT:C27147,DOID:4844
NCIT:C128347,DOID:8857
NCIT:C84782,DOID:9455
NCIT:C37262,DOID:5690
NCIT:C129443,DOID:5113
NCIT:C129444,DOID:3247
NCIT:C129445,DOID:0050624
NCIT:C129446,DOID:62
NCIT:C129699,DOID:229
NCIT:C120191,DOID:612
NCIT:C45540,DOID:2671
NCIT:C7224,DOID:4223
NCIT:C8923,DOID:1626
NCIT:C4613,DOID:1967
NCIT:C7972,DOID:6019
NCIT:C3164,DOID:3069
NCIT:C122688,DOID:6477
NCIT:C43223,DOID:1962
NCIT:C4656,DOID:0080525
NCIT:C6971,DOID:3068
NCIT:C129327,DOID:936
NCIT:C185167,DOID:50
NCIT:C84670,DOID:13223
NCIT:C84644,DOID:7474
NCIT:C70646,DOID:255
NCIT:C50466,DOID:381
NCIT:C98873,DOID:2345
NCIT:C114766,DOID:75
NCIT:C74986,DOID:6839
NCIT:C75003,DOID:7585
NCIT:C35043,DOID:2687
NCIT:C131133,DOID:1029
NCIT:C118435,DOID:4148
NCIT:C27298,DOID:0050548
NCIT:C34631,DOID:4148
NCIT:C129291,DOID:0060087
NCIT:C167335,DOID:2621
NCIT:C39750,DOID:1483
NCIT:C185371,DOID:368
NCIT:C129321,DOID:0050758
NCIT:C186494,DOID:3098
NCIT:C129351,DOID:110
NCIT:C4915,DOID:987
NCIT:C4826,DOID:2730
NCIT:C130234,DOID:1188
NCIT:C27349,DOID:0050338
NCIT:C7152,DOID:6017
NCIT:C116936,DOID:3458
NCIT:C6772,DOID:2893
NCIT:C129785,DOID:0050338
NCIT:C36081,DOID:535
NCIT:C36080,DOID:0080217
NCIT:C125904,DOID:0080890
NCIT:C126357,DOID:5603
NCIT:C4153,DOID:530
NCIT:C82192,DOID:2660
NCIT:C82203,DOID:11244
NCIT:C82212,DOID:10534
NCIT:C4753,DOID:4090
NCIT:C4752,DOID:272
NCIT:C8459,DOID:1383
NCIT:C45340,DOID:3910
NCIT:C161554,DOID:240
NCIT:C61233,DOID:10286
NCIT:C173131,DOID:255
NCIT:C112198,DOID:1967
NCIT:C3722,DOID:192
NCIT:C99090,DOID:8437
NCIT:C3182,DOID:13223
NCIT:C98997,DOID:6741
NCIT:C34945,DOID:2490
NCIT:C3477,DOID:0080164
NCIT:C84907,DOID:3116
NCIT:C148395,DOID:4362
NCIT:C148398,DOID:5032
NCIT:C148394,DOID:0050890
NCIT:C148396,DOID:9977
NCIT:C7203,DOID:53
NCIT:C82423,DOID:0060044
NCIT:C7463,DOID:174
NCIT:C82426,DOID:1790
NCIT:C8460,DOID:3321
NCIT:C3249,DOID:1529
NCIT:C3250,DOID:0050749
NCIT:C82431,DOID:6432
NCIT:C129782,DOID:1510
NCIT:C129786,DOID:0050745
NCIT:C7600,DOID:850
NCIT:C9288,DOID:3565
NCIT:C174129,DOID:3095
NCIT:C82433,DOID:3565
NCIT:C82427,DOID:4029
NCIT:C124841,DOID:2706
NCIT:C131420,DOID:8923
NCIT:C74983,DOID:5482
NCIT:C130985,DOID:1682
NCIT:C121563,DOID:3151
NCIT:C84795,DOID:3382
NCIT:C5324,DOID:0070004
NCIT:C4289,DOID:3829
NCIT:C6476,DOID:11184
NCIT:C6966,DOID:4029
NCIT:C165671,DOID:6970
NCIT:C120224,DOID:10371
NCIT:C92624,DOID:0060058
NCIT:C186350,DOID:6477
NCIT:C186351,DOID:720
NCIT:C186450,DOID:1400
NCIT:C186451,DOID:0050619
NCIT:C129271,DOID:2772
NCIT:C129290,DOID:3700
NCIT:C185218,DOID:974
NCIT:C92552,DOID:7574
NCIT:C185467,DOID:3840
NCIT:C185471,DOID:0001816
NCIT:C185196,DOID:10944
NCIT:C94524,DOID:5716
NCIT:C92554,DOID:4743
NCIT:C129431,DOID:2444
NCIT:C179229,DOID:170
NCIT:C186534,DOID:2529
NCIT:C129424,DOID:178
NCIT:C129427,DOID:2237
NCIT:C185879,DOID:1862
NCIT:C180378,DOID:3498
NCIT:C94537,DOID:4545
NCIT:C7930,DOID:0060112
NCIT:C7931,DOID:53
NCIT:C4342,DOID:5468
NCIT:C3466,DOID:5680
NCIT:C71720,DOID:9720
NCIT:C92555,DOID:3355
NCIT:C186556,DOID:3347
NCIT:C186610,DOID:2526
NCIT:C84733,DOID:870
NCIT:C124056,DOID:9884
NCIT:C45716,DOID:2513
NCIT:C98930,DOID:0050338
NCIT:C124837,DOID:2361
NCIT:C66950,DOID:906
NCIT:C53554,DOID:0060071
NCIT:C131685,DOID:5940
NCIT:C155996,DOID:0060048
NCIT:C142085,DOID:4110
NCIT:C3519,DOID:8501
NCIT:C98982,DOID:12798
NCIT:C4828,DOID:2218
NCIT:C128115,DOID:1294
NCIT:C3391,DOID:331
NCIT:C98931,DOID:37
NCIT:C84562,DOID:2030
NCIT:C123212,DOID:5353
NCIT:C123213,DOID:2705
NCIT:C123214,DOID:10124
NCIT:C129021,DOID:417
NCIT:C120409,DOID:3451
NCIT:C124520,DOID:5274
NCIT:C4924,DOID:3078
NCIT:C27871,DOID:4073
NCIT:C126328,DOID:0111962
NCIT:C75008,DOID:50
NCIT:C85213,DOID:6312
NCIT:C84666,DOID:934
NCIT:C7528,DOID:0060220
NCIT:C125484,DOID:3388
NCIT:C27855,DOID:60006
NCIT:C3056,DOID:1923
NCIT:C113217,DOID:8466
NCIT:C26739,DOID:4455
NCIT:C116933,DOID:0080008
NCIT:C132826,DOID:225
NCIT:C118781,DOID:1995
NCIT:C3274,DOID:5731
NCIT:C3273,DOID:10534
NCIT:C26764,DOID:552
NCIT:C117005,DOID:3003
NCIT:C35057,DOID:2151
NCIT:C34571,DOID:1363
NCIT:C4358,DOID:4232
NCIT:C4227,DOID:303
NCIT:C4225,DOID:1799
NCIT:C3504,DOID:5525
NCIT:C4633,DOID:299
NCIT:C4426,DOID:2994
NCIT:C7742,DOID:890
NCIT:C84768,DOID:2773
NCIT:C128391,DOID:5614
NCIT:C3876,DOID:906
NCIT:C34734,DOID:5997
NCIT:C84541,DOID:10534
NCIT:C26731,DOID:9848
NCIT:C26806,DOID:3458
NCIT:C127822,DOID:3393
NCIT:C35113,DOID:10316
NCIT:C34503,DOID:3350
NCIT:C34553,DOID:3192
NCIT:C7523,DOID:3371
NCIT:C3130,DOID:37
NCIT:C3307,DOID:0060036
NCIT:C4254,DOID:4194
NCIT:C3703,DOID:65
NCIT:C27530,DOID:1964
NCIT:C6503,DOID:0080830
NCIT:C85011,DOID:0060111
NCIT:C94352,DOID:6231
NCIT:C84824,DOID:5221
NCIT:C35199,DOID:3565
NCIT:C5531,DOID:1664
NCIT:C84709,DOID:2769
NCIT:C114281,DOID:3918
NCIT:C26882,DOID:0050593
NCIT:C26861,DOID:633
NCIT:C27559,DOID:5681
NCIT:C84573,DOID:8778
NCIT:C34410,DOID:0060118
NCIT:C84605,DOID:2154
NCIT:C34389,DOID:4840
NCIT:C3369,DOID:3122
NCIT:C34390,DOID:684
NCIT:C27026,DOID:349
NCIT:C35397,DOID:0060082
NCIT:C35315,DOID:365
NCIT:C3378,DOID:1245
NCIT:C5315,DOID:0050032
NCIT:C3353,DOID:4947
NCIT:C26868,DOID:0060082
NCIT:C3079,DOID:0081307
NCIT:C5134,DOID:1799
NCIT:C34965,DOID:3459
NCIT:C123038,DOID:16
NCIT:C35111,DOID:0060103
NCIT:C179646,DOID:225
NCIT:C34601,DOID:4851
NCIT:C85035,DOID:5485
NCIT:C3546,DOID:1626
NCIT:C3298,DOID:10534
NCIT:C87110,DOID:184
NCIT:C78246,DOID:1319
NCIT:C111644,DOID:12960
NCIT:C28155,DOID:3608
NCIT:C50481,DOID:589
NCIT:C50888,DOID:684
NCIT:C27068,DOID:1358
NCIT:C27033,DOID:1923
NCIT:C92567,DOID:3451
NCIT:C157879,DOID:3565
NCIT:C79608,DOID:1361
NCIT:C26969,DOID:9252
NCIT:C34357,DOID:3017
NCIT:C27597,DOID:9598
NCIT:C84721,DOID:573
NCIT:C34955,DOID:5295
NCIT:C3514,DOID:2513
NCIT:C82994,DOID:447
NCIT:C84706,DOID:3565
NCIT:C12333,DOID:255
NCIT:C117312,DOID:2921
NCIT:C26862,DOID:50
NCIT:C85191,DOID:2647
NCIT:C34834,DOID:700
NCIT:C90599,DOID:0050548
NCIT:C34907,DOID:12449
NCIT:C3660,DOID:4205
NCIT:C3039,DOID:231
NCIT:C3483,DOID:2146
NCIT:C128374,DOID:8483
NCIT:C7539,DOID:3116
NCIT:C41353,DOID:3315
NCIT:C118764,DOID:3627
NCIT:C3181,DOID:4857
NCIT:C2890,DOID:1240
NCIT:C34354,DOID:557
NCIT:C50593,DOID:3382
NCIT:C116006,DOID:5525
NCIT:C128339,DOID:0080011
NCIT:C128334,DOID:1964
NCIT:C34500,DOID:1686
NCIT:C34837,DOID:10534
NCIT:C98912,DOID:4844
NCIT:C87072,DOID:3165
NCIT:C84790,DOID:4138
NCIT:C34700,DOID:4166
NCIT:C26691,DOID:3744
NCIT:C3653,DOID:3324
NCIT:C5484,DOID:135
NCIT:C27131,DOID:2789
NCIT:C188051,DOID:8850
NCIT:C34813,DOID:75
NCIT:C41354,DOID:769
NCIT:C41352,DOID:270
NCIT:C26838,DOID:3594
NCIT:C61253,DOID:3571
NCIT:C61251,DOID:10155
NCIT:C85043,DOID:3565
NCIT:C85045,DOID:2978
NCIT:C61254,DOID:4138
NCIT:C84392,DOID:4691
NCIT:C85021,DOID:3683
NCIT:C75467,DOID:3321
NCIT:C101223,DOID:655
NCIT:C34861,DOID:2444
NCIT:C27548,DOID:934
NCIT:C35645,DOID:121
NCIT:C34537,DOID:2998
NCIT:C35610,DOID:883
NCIT:C34942,DOID:686
NCIT:C122685,DOID:3017
NCIT:C99248,DOID:8567
NCIT:C84942,DOID:3701
NCIT:C34711,DOID:5350
NCIT:C84675,DOID:0060094
NCIT:C84914,DOID:6175
NCIT:C84828,DOID:5344
NCIT:C84685,DOID:1289
NCIT:C84704,DOID:1660
NCIT:C45161,DOID:3565
NCIT:C34380,DOID:5467
NCIT:C26975,DOID:83
NCIT:C3319,DOID:5165
NCIT:C34952,DOID:2277
NCIT:C12337,DOID:0060158
NCIT:C12332,DOID:8007
NCIT:C84748,DOID:255
NCIT:C116768,DOID:1383
NCIT:C34646,DOID:0080602
NCIT:C3154,DOID:5614
NCIT:C99059,DOID:3316
NCIT:C34431,DOID:6204
NCIT:C45428,DOID:4910
NCIT:C26714,DOID:9182
NCIT:C26878,DOID:350
NCIT:C27056,DOID:2916
NCIT:C98989,DOID:0060108
NCIT:C26834,DOID:0080829
NCIT:C35133,DOID:0060051
NCIT:C92632,DOID:4450
NCIT:C2866,DOID:6217
NCIT:C5492,DOID:1612
NCIT:C5500,DOID:5165
NCIT:C6628,DOID:399
NCIT:C6627,DOID:9675
NCIT:C34641,DOID:625
NCIT:C3515,DOID:8672
NCIT:C3125,DOID:150
NCIT:C53662,DOID:5842
NCIT:C3661,DOID:1927
NCIT:C35394,DOID:3315
NCIT:C4376,DOID:4206
NCIT:C179934,DOID:0060114
NCIT:C34885,DOID:936
NCIT:C123216,DOID:1852
NCIT:C3119,DOID:299
NCIT:C3117,DOID:9471
NCIT:C78797,DOID:4928
NCIT:C26955,DOID:1967
NCIT:C26830,DOID:8533
NCIT:C34817,DOID:1727
NCIT:C80099,DOID:13138
NCIT:C34473,DOID:10763
NCIT:C34626,DOID:2113
NCIT:C34477,DOID:1588
NCIT:C34480,DOID:2921
NCIT:C35031,DOID:738
NCIT:C34611,DOID:0060090
NCIT:C3388,DOID:0050338
NCIT:C94358,DOID:896
NCIT:C34802,DOID:471
NCIT:C3118,DOID:4029
NCIT:C3478,DOID:9119
NCIT:C94360,DOID:5557
NCIT:C94356,DOID:3437
NCIT:C101362,DOID:5353
NCIT:C3655,DOID:26
NCIT:C27593,DOID:66
NCIT:C128439,DOID:9935
NCIT:C40341,DOID:12347
NCIT:C85874,DOID:3571
NCIT:C3111,DOID:890
NCIT:C3656,DOID:0080780
NCIT:C2867,DOID:1967
NCIT:C35764,DOID:0060388
NCIT:C92633,DOID:2815
NCIT:C92637,DOID:331
NCIT:C92638,DOID:0060082
NCIT:C88411,DOID:2825
NCIT:C94330,DOID:3307
NCIT:C92197,DOID:1679
NCIT:C92631,DOID:3565
NCIT:C34723,DOID:8437
NCIT:C92630,DOID:1863
NCIT:C88413,DOID:9119
NCIT:C34458,DOID:0050829
NCIT:C173793,DOID:1826
NCIT:C26833,DOID:2998
NCIT:C34781,DOID:683
NCIT:C34844,DOID:5559
NCIT:C171201,DOID:896
NCIT:C40120,DOID:3151
NCIT:C34645,DOID:8925
NCIT:C101304,DOID:0050117
NCIT:C35116,DOID:225
NCIT:C34368,DOID:655
NCIT:C84535,DOID:48
NCIT:C26812,DOID:0060094
NCIT:C129468,DOID:2485
NCIT:C50508,DOID:5295
NCIT:C26970,DOID:7602
NCIT:C94328,DOID:4765
NCIT:C94331,DOID:5614
NCIT:C84725,DOID:4682
NCIT:C87093,DOID:0050826
NCIT:C26858,DOID:4928
NCIT:C84602,DOID:870
NCIT:C113400,DOID:2921
NCIT:C27896,DOID:0080890
NCIT:C157149,DOID:533
NCIT:C102533,DOID:591
NCIT:C118707,DOID:2914
NCIT:C3980,DOID:9858
NCIT:C84641,DOID:0060046
NCIT:C34845,DOID:3111
NCIT:C34515,DOID:1756
NCIT:C85008,DOID:10113
NCIT:C7638,DOID:10458
NCIT:C80512,DOID:2473
NCIT:C34535,DOID:0060060
NCIT:C3077,DOID:363
NCIT:C26802,DOID:0080601
NCIT:C27025,DOID:121
NCIT:C9224,DOID:37
NCIT:C84599,DOID:119
NCIT:C34858,DOID:4923
NCIT:C34449,DOID:6179
NCIT:C84985,DOID:5556
NCIT:C123259,DOID:8549
NCIT:C26885,DOID:1319
NCIT:C120909,DOID:4438
NCIT:C5122,DOID:4545
NCIT:C5572,DOID:6477
NCIT:C34510,DOID:5295
NCIT:C84989,DOID:12241
NCIT:C101270,DOID:0060112
NCIT:C3114,DOID:3116
NCIT:C5707,DOID:0060095
NCIT:C128400,DOID:5612
NCIT:C34970,DOID:934
NCIT:C84586,DOID:4441
NCIT:C26796,DOID:8432
NCIT:C35078,DOID:1080
NCIT:C52595,DOID:2568
NCIT:C34963,DOID:3437
NCIT:C3657,DOID:120
NCIT:C34443,DOID:5041
NCIT:C34718,DOID:823
NCIT:C34385,DOID:1140
NCIT:C27043,DOID:7602
NCIT:C118765,DOID:8578
NCIT:C5028,DOID:9406
NCIT:C79552,DOID:3713
NCIT:C34962,DOID:4897
NCIT:C35196,DOID:3146
NCIT:C87125,DOID:3069
NCIT:C78350,DOID:3192
NCIT:C26844,DOID:4176
NCIT:C48280,DOID:0080706
NCIT:C34353,DOID:0060180
NCIT:C50648,DOID:3151
NCIT:C35704,DOID:2468
NCIT:C99000,DOID:3663
NCIT:C4434,DOID:3021
NCIT:C27069,DOID:4362
NCIT:C97167,DOID:0060095
NCIT:C111856,DOID:0060061
NCIT:C2992,DOID:5238
NCIT:C99108,DOID:13223
NCIT:C34927,DOID:9119
NCIT:C28182,DOID:0060084
NCIT:C2967,DOID:848
NCIT:C75488,DOID:83
NCIT:C26910,DOID:192
NCIT:C84950,DOID:5048
NCIT:C85037,DOID:627
NCIT:C92566,DOID:0001816
NCIT:C34562,DOID:13365
NCIT:C79696,DOID:540
NCIT:C37913,DOID:0080630
NCIT:C118299,DOID:305
NCIT:C34919,DOID:92
NCIT:C34450,DOID:1245
NCIT:C26785,DOID:780
NCIT:C34528,DOID:1901
NCIT:C34683,DOID:768
NCIT:C92839,DOID:3502
NCIT:C84826,DOID:3275
NCIT:C34375,DOID:65
NCIT:C98877,DOID:2154
NCIT:C84563,DOID:655
NCIT:C34544,DOID:2531
NCIT:C9277,DOID:6257
NCIT:C34682,DOID:5295
NCIT:C35006,DOID:10123
NCIT:C34873,DOID:7521
NCIT:C35171,DOID:0060090
NCIT:C26853,DOID:6477
NCIT:C2882,DOID:1441
NCIT:C27117,DOID:14717
NCIT:C62018,DOID:0050902
NCIT:C94376,DOID:4939
NCIT:C84544,DOID:341
NCIT:C34995,DOID:0050902
NCIT:C85185,DOID:2226
NCIT:C82068,DOID:0060159
NCIT:C79717,DOID:12798
NCIT:C160155,DOID:1882
NCIT:C34772,DOID:1029
NCIT:C34810,DOID:934
NCIT:C128395,DOID:225
NCIT:C12326,DOID:3905
NCIT:C92562,DOID:5395
NCIT:C85218,DOID:934
NCIT:C84787,DOID:0080639
NCIT:C26915,DOID:2213
NCIT:C34741,DOID:10316
NCIT:C3433,DOID:9252
NCIT:C94359,DOID:12798
NCIT:C4832,DOID:9500
NCIT:C26837,DOID:3111
NCIT:C94353,DOID:12336
NCIT:C34352,DOID:9884
NCIT:C3071,DOID:9538
NCIT:C34797,DOID:4677
NCIT:C26710,DOID:9446
NCIT:C118847,DOID:4674
NCIT:C85075,DOID:9252
NCIT:C84583,DOID:409
NCIT:C84919,DOID:2253
NCIT:C94335,DOID:4955
NCIT:C3161,DOID:2921
NCIT:C94333,DOID:331
NCIT:C94332,DOID:28
NCIT:C94334,DOID:2645
NCIT:C2870,DOID:2121
NCIT:C34889,DOID:3185
NCIT:C113335,DOID:3952
NCIT:C2902,DOID:476
NCIT:C27591,DOID:5349
NCIT:C50732,DOID:866
NCIT:C34409,DOID:9446
NCIT:C85183,DOID:1107
NCIT:C68677,DOID:10952
NCIT:C3096,DOID:1443
NCIT:C75545,DOID:9588
NCIT:C34749,DOID:240
NCIT:C84678,DOID:5395
NCIT:C7419,DOID:480
NCIT:C2929,DOID:1140
NCIT:C4550,DOID:3744
NCIT:C50654,DOID:5612
NCIT:C27594,DOID:174
NCIT:C84703,DOID:2059
NCIT:C5827,DOID:3021
NCIT:C84886,DOID:3082
NCIT:C79545,DOID:8411
NCIT:C2860,DOID:9460
NCIT:C34915,DOID:2977
NCIT:C7633,DOID:2355
NCIT:C7430,DOID:2527
NCIT:C3770,DOID:1909
NCIT:C27599,DOID:184
NCIT:C8422,DOID:3447
NCIT:C3773,DOID:5518
NCIT:C116381,DOID:8483
NCIT:C85042,DOID:50
NCIT:C3672,DOID:2921
NCIT:C85079,DOID:480
NCIT:C3023,DOID:0060090
NCIT:C3020,DOID:4916
NCIT:C3021,DOID:0060031
NCIT:C70938,DOID:5844
NCIT:C50530,DOID:3178
NCIT:C75486,DOID:169
NCIT:C34445,DOID:6354
NCIT:C84400,DOID:13141
NCIT:C3375,DOID:3798
NCIT:C173930,DOID:1749
NCIT:C3133,DOID:9119
NCIT:C3347,DOID:8719
NCIT:C84473,DOID:9119
NCIT:C3098,DOID:2513
NCIT:C79698,DOID:4205
NCIT:C5576,DOID:2742
NCIT:C4247,DOID:6050
NCIT:C3224,DOID:3717
NCIT:C6379,DOID:540
NCIT:C3011,DOID:1963
NCIT:C3794,DOID:331
NCIT:C3961,DOID:305
NCIT:C34752,DOID:738
NCIT:C114906,DOID:4948
NCIT:C79804,DOID:2127
NCIT:C40435,DOID:4306
NCIT:C9300,DOID:3663
NCIT:C98952,DOID:3540
NCIT:C34966,DOID:0080706
NCIT:C98945,DOID:1140
NCIT:C34891,DOID:0060041
NCIT:C34428,DOID:5503
NCIT:C34422,DOID:5402
NCIT:C84918,DOID:37
NCIT:C129934,DOID:11343
NCIT:C92563,DOID:10914
NCIT:C3276,DOID:4765
NCIT:C3073,DOID:74
NCIT:C3157,DOID:3565
NCIT:C2887,DOID:119
NCIT:C84718,DOID:2723
NCIT:C28194,DOID:2921
NCIT:C34459,DOID:557
NCIT:C3354,DOID:4773
NCIT:C34903,DOID:9446
NCIT:C35110,DOID:786
NCIT:C3567,DOID:1575
NCIT:C85193,DOID:2490
NCIT:C117004,DOID:14766
NCIT:C61259,DOID:0050706
NCIT:C61260,DOID:5433
NCIT:C61264,DOID:5384
NCIT:C61262,DOID:4203
NCIT:C9227,DOID:9297
NCIT:C61268,DOID:9423
NCIT:C117254,DOID:114
NCIT:C85176,DOID:178
NCIT:C75462,DOID:2513
NCIT:C34560,DOID:5975
NCIT:C35768,DOID:4054
NCIT:C112200,DOID:0060108
NCIT:C35720,DOID:3541
NCIT:C34465,DOID:3347
NCIT:C26771,DOID:4001
NCIT:C3158,DOID:2723
NCIT:C34460,DOID:0050847
NCIT:C40124,DOID:3594
NCIT:C40125,DOID:5614
NCIT:C9474,DOID:5113
NCIT:C3350,DOID:3565
NCIT:C3055,DOID:936
NCIT:C3275,DOID:0080829
NCIT:C175882,DOID:5614
NCIT:C8893,DOID:3200
NCIT:C4646,DOID:331
NCIT:C3029,DOID:6331
NCIT:C2878,DOID:8567
NCIT:C2958,DOID:3347
NCIT:C98920,DOID:3282
NCIT:C3097,DOID:936
NCIT:C27778,DOID:60001
NCIT:C34712,DOID:419
NCIT:C34809,DOID:0050705
NCIT:C27549,DOID:0080841
NCIT:C3389,DOID:9352
NCIT:C27631,DOID:0060036
NCIT:C40312,DOID:0050127
NCIT:C40311,DOID:65
NCIT:C3761,DOID:3168
NCIT:C8596,DOID:0060502
NCIT:C6434,DOID:6086
NCIT:C6376,DOID:3390
NCIT:C40283,DOID:12030
NCIT:C39611,DOID:956
NCIT:C40292,DOID:866
NCIT:C4474,DOID:4163
NCIT:C40314,DOID:10154
NCIT:C35761,DOID:9119
NCIT:C40329,DOID:0060090
NCIT:C40317,DOID:7475
NCIT:C4027,DOID:0080014
NCIT:C4076,DOID:3269
NCIT:C85053,DOID:2769
NCIT:C84903,DOID:0060088
NCIT:C61263,DOID:2615
NCIT:C50721,DOID:2870
NCIT:C112836,DOID:1602
NCIT:C116345,DOID:7998
NCIT:C97161,DOID:4337
NCIT:C82342,DOID:5567
NCIT:C2931,DOID:5074
NCIT:C9493,DOID:557
NCIT:C116958,DOID:684
NCIT:C27090,DOID:6856
NCIT:C3949,DOID:2921
NCIT:C34819,DOID:11963
NCIT:C27649,DOID:3095
NCIT:C35070,DOID:0050745
NCIT:C98922,DOID:1659
NCIT:C9364,DOID:1970
NCIT:C84673,DOID:824
NCIT:C34585,DOID:1686
NCIT:C84798,DOID:3700
NCIT:C53653,DOID:4114
NCIT:C34348,DOID:850
NCIT:C85017,DOID:3211
NCIT:C5440,DOID:3500
NCIT:C97074,DOID:9970
NCIT:C34800,DOID:3565
NCIT:C5831,DOID:7894
NCIT:C4062,DOID:3133
NCIT:C89329,DOID:1891
NCIT:C95804,DOID:10579
NCIT:C35044,DOID:572
NCIT:C34590,DOID:6214
NCIT:C34982,DOID:9588
NCIT:C85198,DOID:5958
NCIT:C26705,DOID:4223
NCIT:C128426,DOID:4112
NCIT:C34976,DOID:4905
NCIT:C85006,DOID:9884
NCIT:C114827,DOID:2741
NCIT:C34746,DOID:0060036
NCIT:C85505,DOID:403
NCIT:C99013,DOID:50
NCIT:C34436,DOID:1307
NCIT:C34456,DOID:9952
NCIT:C84895,DOID:5349
NCIT:C34493,DOID:4450
NCIT:C84683,DOID:1923
NCIT:C6906,DOID:5614
NCIT:C5154,DOID:2660
NCIT:C5567,DOID:0080829
NCIT:C5061,DOID:2256
NCIT:C40444,DOID:0050589
NCIT:C3843,DOID:0060082
NCIT:C40026,DOID:4186
NCIT:C40443,DOID:3076
NCIT:C4514,DOID:6204
NCIT:C3873,DOID:3896
NCIT:C52593,DOID:184
NCIT:C27102,DOID:3086
NCIT:C26911,DOID:3246
NCIT:C131634,DOID:1289
NCIT:C61249,DOID:2602
NCIT:C3407,DOID:61
NCIT:C4345,DOID:8437
NCIT:C35530,DOID:7608
NCIT:C122812,DOID:1799
NCIT:C82978,DOID:3480
NCIT:C27015,DOID:4847
NCIT:C50781,DOID:4691
NCIT:C28193,DOID:1936
NCIT:C40241,DOID:0050338
NCIT:C39834,DOID:3259
NCIT:C79702,DOID:6232
NCIT:C37308,DOID:11400
NCIT:C84750,DOID:3565
NCIT:C98670,DOID:3969
NCIT:C128143,DOID:3044
NCIT:C26909,DOID:37
NCIT:C3658,DOID:5082
NCIT:C26934,DOID:118
NCIT:C3559,DOID:28
NCIT:C34811,DOID:1756
NCIT:C34650,DOID:955
NCIT:C35271,DOID:2253
NCIT:C131437,DOID:1949
NCIT:C35023,DOID:2893
NCIT:C84457,DOID:1510
NCIT:C35668,DOID:231
NCIT:C3434,DOID:1625
NCIT:C3241,DOID:1679
NCIT:C35089,DOID:182
NCIT:C97096,DOID:0050340
NCIT:C84698,DOID:231
NCIT:C128419,DOID:2071
NCIT:C40255,DOID:74
NCIT:C5717,DOID:0080015
NCIT:C84316,DOID:6053
NCIT:C4375,DOID:5295
NCIT:C94355,DOID:0060117
NCIT:C171941,DOID:331
NCIT:C35131,DOID:2683
NCIT:C26786,DOID:2683
NCIT:C128429,DOID:5295
NCIT:C112190,DOID:4716
NCIT:C27012,DOID:12365
NCIT:C84825,DOID:2529
NCIT:C129933,DOID:270
NCIT:C171147,DOID:1364
NCIT:C34632,DOID:0060087
NCIT:C35178,DOID:850
NCIT:C84653,DOID:3565
NCIT:C84655,DOID:0060109
NCIT:C35885,DOID:37
NCIT:C35767,DOID:3388
NCIT:C34398,DOID:0080615
NCIT:C82892,DOID:6050
NCIT:C2869,DOID:0060090
NCIT:C34381,DOID:2513
NCIT:C161542,DOID:5330
NCIT:C35882,DOID:934
NCIT:C165675,DOID:12336
NCIT:C84799,DOID:201
NCIT:C99246,DOID:3437
NCIT:C35338,DOID:0050623
NCIT:C39860,DOID:0060340
NCIT:C34737,DOID:0080005
NCIT:C5617,DOID:0050777
NCIT:C3474,DOID:65
NCIT:C4481,DOID:0050902
NCIT:C6934,DOID:2668
NCIT:C3060,DOID:3711
NCIT:C4463,DOID:1510
NCIT:C4222,DOID:5844
NCIT:C4475,DOID:2490
NCIT:C84533,DOID:934
NCIT:C118859,DOID:0060109
NCIT:C99026,DOID:2468
NCIT:C84479,DOID:3371
NCIT:C34430,DOID:4677
NCIT:C34507,DOID:3565
NCIT:C35616,DOID:540
NCIT:C34568,DOID:707
NCIT:C85170,DOID:4948
NCIT:C84397,DOID:3721
NCIT:C34825,DOID:1271
NCIT:C84646,DOID:5419
NCIT:C2871,DOID:5876
NCIT:C34382,DOID:12336
NCIT:C61236,DOID:1967
NCIT:C3891,DOID:0060442
NCIT:C40250,DOID:5870
NCIT:C34974,DOID:1040
NCIT:C35441,DOID:4230
NCIT:C35589,DOID:5262
NCIT:C35807,DOID:2978
NCIT:C78528,DOID:12365
NCIT:C79596,DOID:2154
NCIT:C26904,DOID:5563
NCIT:C34638,DOID:10123
NCIT:C84642,DOID:2513
NCIT:C119046,DOID:0060000
NCIT:C3545,DOID:480
NCIT:C3523,DOID:3347
NCIT:C85187,DOID:1602
NCIT:C85032,DOID:7
NCIT:C97164,DOID:8670
NCIT:C170919,DOID:1357
NCIT:C40275,DOID:305
NCIT:C35075,DOID:0050624
NCIT:C123175,DOID:1389
NCIT:C26843,DOID:7505
NCIT:C116814,DOID:1826
NCIT:C26840,DOID:0060109
NCIT:C34508,DOID:2548
NCIT:C35197,DOID:3225
NCIT:C140267,DOID:1414
NCIT:C97095,DOID:768
NCIT:C3501,DOID:4440
NCIT:C84724,DOID:657
NCIT:C4390,DOID:3193
NCIT:C84802,DOID:4556
NCIT:C2892,DOID:10124
NCIT:C5432,DOID:6536
NCIT:C3633,DOID:655
NCIT:C97145,DOID:9409
NCIT:C35823,DOID:3078
NCIT:C35347,DOID:2744
NCIT:C84636,DOID:225
NCIT:C84806,DOID:0060429
NCIT:C3635,DOID:4693
NCIT:C7760,DOID:10132
NCIT:C85041,DOID:3205
NCIT:C4687,DOID:1192
NCIT:C34653,DOID:1279
NCIT:C8541,DOID:2615
NCIT:C34913,DOID:1100
NCIT:C34793,DOID:225
NCIT:C26716,DOID:7166
NCIT:C84526,DOID:684
NCIT:C26931,DOID:930
NCIT:C3544,DOID:2609
NCIT:C4425,DOID:225
NCIT:C4302,DOID:5113
NCIT:C53459,DOID:1115
NCIT:C3726,DOID:0050892
NCIT:C4181,DOID:5614
NCIT:C4527,DOID:3711
NCIT:C5112,DOID:639
NCIT:C4182,DOID:4284
NCIT:C2972,DOID:11239
NCIT:C39954,DOID:5327
NCIT:C4272,DOID:0111962
NCIT:C3087,DOID:0080005
NCIT:C7468,DOID:2101
NCIT:C8113,DOID:3347
NCIT:C38150,DOID:1168
NCIT:C3234,DOID:0080525
NCIT:C6581,DOID:1140
NCIT:C4174,DOID:4645
NCIT:C48259,DOID:438
NCIT:C34899,DOID:9252
NCIT:C34639,DOID:28
NCIT:C2886,DOID:3374
NCIT:C113824,DOID:3910
NCIT:C3219,DOID:3355
NCIT:C83006,DOID:3480
NCIT:C87167,DOID:1752
NCIT:C3542,DOID:116
NCIT:C34742,DOID:2712
NCIT:C34421,DOID:9741
NCIT:C4419,DOID:2697
NCIT:C34420,DOID:3112
NCIT:C34619,DOID:850
NCIT:C118750,DOID:585
NCIT:C34607,DOID:3459
NCIT:C3541,DOID:2834
NCIT:C62505,DOID:0050938
NCIT:C4416,DOID:0060084
NCIT:C119049,DOID:3070
NCIT:C6374,DOID:6788
NCIT:C94349,DOID:2723
NCIT:C85059,DOID:1240
NCIT:C35010,DOID:9455
NCIT:C4262,DOID:2226
NCIT:C50552,DOID:5031
NCIT:C35777,DOID:11193
NCIT:C26689,DOID:2615
NCIT:C26913,DOID:10763
NCIT:C40242,DOID:1319
NCIT:C34924,DOID:3185
NCIT:C35637,DOID:0050847
NCIT:C84716,DOID:3908
NCIT:C34704,DOID:1289
NCIT:C26954,DOID:934
NCIT:C34820,DOID:0050902
NCIT:C35068,DOID:4
NCIT:C84492,DOID:3969
NCIT:C180994,DOID:11335
NCIT:C94337,DOID:1995
NCIT:C85182,DOID:75
NCIT:C62244,DOID:225
NCIT:C26951,DOID:1602
NCIT:C34425,DOID:974
NCIT:C3712,DOID:397
NCIT:C84813,DOID:3275
NCIT:C84528,DOID:1682
NCIT:C118712,DOID:3711
NCIT:C27105,DOID:2921
NCIT:C34637,DOID:2021
NCIT:C34757,DOID:4159
NCIT:C35342,DOID:2723
NCIT:C26769,DOID:2860
NCIT:C61443,DOID:60004
NCIT:C84606,DOID:841
NCIT:C79541,DOID:5559
NCIT:C27189,DOID:12603
NCIT:C40164,DOID:1682
NCIT:C40172,DOID:255
NCIT:C40166,DOID:2473
NCIT:C40168,DOID:0060159
NCIT:C34587,DOID:2030
NCIT:C26809,DOID:2893
NCIT:C27001,DOID:10854
NCIT:C34782,DOID:5876
NCIT:C80303,DOID:2154
NCIT:C84576,DOID:2256
NCIT:C50621,DOID:557
NCIT:C35443,DOID:3565
NCIT:C35587,DOID:305
NCIT:C34798,DOID:5351
NCIT:C34426,DOID:4556
NCIT:C128373,DOID:11984
NCIT:C35109,DOID:4708
NCIT:C127161,DOID:0060084
NCIT:C35498,DOID:3918
NCIT:C4392,DOID:2596
NCIT:C5826,DOID:6112
NCIT:C114696,DOID:255
NCIT:C84744,DOID:2154
NCIT:C116347,DOID:0060038
NCIT:C34468,DOID:4054
NCIT:C3791,DOID:11247
NCIT:C3105,DOID:3999
NCIT:C27142,DOID:9119
NCIT:C26926,DOID:240
NCIT:C27576,DOID:6837
NCIT:C84672,DOID:3565
NCIT:C28129,DOID:0080638
NCIT:C84442,DOID:6872
NCIT:C84938,DOID:3565
NCIT:C35314,DOID:345
NCIT:C80076,DOID:3382
NCIT:C34860,DOID:476
NCIT:C128386,DOID:1579
NCIT:C35666,DOID:483
NCIT:C2993,DOID:3246
NCIT:C27148,DOID:225
NCIT:C84593,DOID:11472
NCIT:C62436,DOID:1561
NCIT:C35336,DOID:2326
NCIT:C35372,DOID:5166
NCIT:C35334,DOID:10350
NCIT:C34916,DOID:2438
NCIT:C4457,DOID:1398
NCIT:C4271,DOID:8566
NCIT:C9011,DOID:5977
NCIT:C9014,DOID:1271
NCIT:C40392,DOID:3605
NCIT:C3233,DOID:1242
NCIT:C4328,DOID:576
NCIT:C4115,DOID:5344
NCIT:C7504,DOID:6050
NCIT:C9505,DOID:154
NCIT:C6582,DOID:10273
NCIT:C39812,DOID:298
NCIT:C4437,DOID:3672
NCIT:C8978,DOID:18
NCIT:C3401,DOID:3116
NCIT:C50766,DOID:4450
NCIT:C6535,DOID:368
NCIT:C4090,DOID:3702
NCIT:C6531,DOID:2797
NCIT:C26852,DOID:11204
NCIT:C84532,DOID:74
NCIT:C2983,DOID:178
NCIT:C67383,DOID:5517
NCIT:C3335,DOID:225
NCIT:C35163,DOID:1712
NCIT:C84665,DOID:5478
NCIT:C84729,DOID:0060160
NCIT:C84761,DOID:10132
NCIT:C26757,DOID:10316
NCIT:C34964,DOID:3565
NCIT:C92635,DOID:8736
NCIT:C61272,DOID:26
NCIT:C36197,DOID:1660
NCIT:C6238,DOID:2978
NCIT:C116767,DOID:5733
NCIT:C27151,DOID:9973
NCIT:C26743,DOID:870
NCIT:C7644,DOID:3347
NCIT:C4877,DOID:0050155
NCIT:C7421,DOID:9252
NCIT:C7420,DOID:3459
NCIT:C75012,DOID:10154
NCIT:C34953,DOID:2994
NCIT:C34838,DOID:1907
NCIT:C3009,DOID:5295
NCIT:C35806,DOID:4637
NCIT:C35717,DOID:0050624
NCIT:C6995,DOID:0050127
NCIT:C35578,DOID:0070313
NCIT:C27310,DOID:2952
NCIT:C27178,DOID:229
NCIT:C27312,DOID:201
NCIT:C27174,DOID:7602
NCIT:C35434,DOID:403
NCIT:C28397,DOID:423
NCIT:C85023,DOID:4242
NCIT:C84681,DOID:5375
NCIT:C34565,DOID:5680
NCIT:C34575,DOID:2282
NCIT:C92622,DOID:1891
NCIT:C34799,DOID:4205
NCIT:C26845,DOID:1618
NCIT:C34898,DOID:0050686
NCIT:C113344,DOID:9598
NCIT:C129724,DOID:299
NCIT:C35827,DOID:9598
NCIT:C98864,DOID:2769
NCIT:C34855,DOID:1240
NCIT:C5573,DOID:6856
NCIT:C119028,DOID:2893
NCIT:C84830,DOID:3302
NCIT:C62578,DOID:2253
NCIT:C34766,DOID:11335
NCIT:C84677,DOID:0060114
NCIT:C61420,DOID:10354
NCIT:C120198,DOID:3664
NCIT:C120197,DOID:13034
NCIT:C123429,DOID:3153
NCIT:C84775,DOID:712
NCIT:C34605,DOID:0050703
NCIT:C6245,DOID:5727
NCIT:C4546,DOID:4697
NCIT:C94829,DOID:341
NCIT:C85003,DOID:3017
NCIT:C9356,DOID:0080630
NCIT:C2994,DOID:0060119
NCIT:C61271,DOID:9119
NCIT:C84829,DOID:255
NCIT:C84701,DOID:5876
NCIT:C61274,DOID:4549
NCIT:C84793,DOID:3087
NCIT:C34786,DOID:768
NCIT:C73511,DOID:9870
NCIT:C7402,DOID:6214
NCIT:C131850,DOID:10937
NCIT:C113170,DOID:0080875
NCIT:C34675,DOID:3345
NCIT:C3092,DOID:0050338
NCIT:C98933,DOID:3324
NCIT:C3014,DOID:0050758
NCIT:C7453,DOID:4994
NCIT:C84740,DOID:2615
NCIT:C95437,DOID:0060005
NCIT:C26736,DOID:4007
NCIT:C34644,DOID:3360
NCIT:C26784,DOID:3133
NCIT:C84801,DOID:8923
NCIT:C34849,DOID:1799
NCIT:C38759,DOID:409
NCIT:C85064,DOID:574
NCIT:C34824,DOID:3910
NCIT:C27579,DOID:5100
NCIT:C6804,DOID:0050745
NCIT:C94407,DOID:7757
NCIT:C4397,DOID:2156
NCIT:C123158,DOID:6517
NCIT:C114699,DOID:6498
NCIT:C34643,DOID:1657
NCIT:C61283,DOID:2600
NCIT:C2852,DOID:13033
NCIT:C3708,DOID:0060031
NCIT:C5241,DOID:5940
NCIT:C7113,DOID:0080015
NCIT:C5212,DOID:3371
NCIT:C40389,DOID:535
NCIT:C5169,DOID:77
NCIT:C27939,DOID:225
NCIT:C40400,DOID:4
NCIT:C36083,DOID:1557
NCIT:C61257,DOID:5331
NCIT:C61269,DOID:0060036
NCIT:C3718,DOID:3829
NCIT:C35192,DOID:1679
NCIT:C34983,DOID:285
NCIT:C5367,DOID:10825
NCIT:C5371,DOID:6231
NCIT:C3543,DOID:229
NCIT:C84588,DOID:5402
NCIT:C112199,DOID:5207
NCIT:C26800,DOID:9119
NCIT:C26866,DOID:934
NCIT:C85068,DOID:2256
NCIT:C85071,DOID:2664
NCIT:C114767,DOID:331
NCIT:C34796,DOID:3044
NCIT:C85030,DOID:3111
NCIT:C8965,DOID:363
NCIT:C98964,DOID:1426
NCIT:C84569,DOID:8886
NCIT:C125698,DOID:1036
NCIT:C84947,DOID:4
NCIT:C173795,DOID:3770
NCIT:C84682,DOID:201
NCIT:C4670,DOID:4449
NCIT:C16522,DOID:0050622
NCIT:C5596,DOID:3962
NCIT:C3768,DOID:962
NCIT:C92203,DOID:3565
NCIT:C38760,DOID:2327
NCIT:C172304,DOID:14447
NCIT:C34481,DOID:526
NCIT:C3796,DOID:4847
NCIT:C4642,DOID:5658
NCIT:C4325,DOID:0060058
NCIT:C7049,DOID:0050669
NCIT:C9477,DOID:0080703
NCIT:C9022,DOID:0080841
NCIT:C3724,DOID:0060668
NCIT:C3199,DOID:10935
NCIT:C27162,DOID:9119
NCIT:C3746,DOID:5733
NCIT:C84889,DOID:9297
NCIT:C85188,DOID:28
NCIT:C84780,DOID:4203
NCIT:C3777,DOID:1923
NCIT:C2971,DOID:1417
NCIT:C2853,DOID:6293
NCIT:C2927,DOID:8913
NCIT:C3778,DOID:4813
NCIT:C8614,DOID:12798
NCIT:C3959,DOID:5614
NCIT:C38011,DOID:10937
NCIT:C26695,DOID:10937
NCIT:C27725,DOID:883
NCIT:C26687,DOID:1100
NCIT:C3402,DOID:10286
NCIT:C85057,DOID:540
NCIT:C27613,DOID:0060119
NCIT:C2893,DOID:12176
NCIT:C26711,DOID:0050338
NCIT:C92636,DOID:10123
NCIT:C27057,DOID:3153
NCIT:C112112,DOID:7
NCIT:C26859,DOID:2368
NCIT:C34400,DOID:173
NCIT:C112175,DOID:640
NCIT:C34870,DOID:3347
NCIT:C3245,DOID:4184
NCIT:C34501,DOID:2096
NCIT:C20701,DOID:3458
NCIT:C116791,DOID:3527
NCIT:C26895,DOID:3153
NCIT:C138179,DOID:4995
NCIT:C34984,DOID:0060039
NCIT:C3991,DOID:349
NCIT:C85044,DOID:732
NCIT:C2982,DOID:732
NCIT:C181765,DOID:3382
NCIT:C34747,DOID:0080875
NCIT:C5193,DOID:3717
NCIT:C9305,DOID:1389
NCIT:C40399,DOID:3280
NCIT:C36090,DOID:3842
NCIT:C40397,DOID:0060043
NCIT:C5144,DOID:6477
NCIT:C84506,DOID:4330
NCIT:C3717,DOID:2596
NCIT:C9344,DOID:2365
NCIT:C35225,DOID:0060440
NCIT:C26738,DOID:4921
NCIT:C84482,DOID:3999
NCIT:C26782,DOID:5525
NCIT:C3809,DOID:5074
NCIT:C84663,DOID:2377
NCIT:C34710,DOID:1508
NCIT:C3146,DOID:599
NCIT:C8964,DOID:2256
NCIT:C7582,DOID:3017
NCIT:C4237,DOID:3146
NCIT:C3792,DOID:1076
NCIT:C79951,DOID:6217
NCIT:C40112,DOID:4159
NCIT:C4101,DOID:2115
NCIT:C3793,DOID:688
NCIT:C85027,DOID:5330
NCIT:C3288,DOID:4995
NCIT:C4045,DOID:60009
NCIT:C9377,DOID:6257
NCIT:C97110,DOID:0060611
NCIT:C3269,DOID:12531
NCIT:C4724,DOID:1294
NCIT:C5830,DOID:77
NCIT:C5413,DOID:0060123
NCIT:C5414,DOID:934
NCIT:C5421,DOID:1561
NCIT:C4655,DOID:5614
NCIT:C5321,DOID:3700
NCIT:C6557,DOID:3153
NCIT:C6970,DOID:5908
NCIT:C6969,DOID:0060112
NCIT:C90598,DOID:3118
NCIT:C61250,DOID:1115
NCIT:C34527,DOID:4265
NCIT:C5787,DOID:1510
NCIT:C8401,DOID:0060103
NCIT:C26832,DOID:2519
NCIT:C121572,DOID:2723
NCIT:C35079,DOID:1949
NCIT:C78646,DOID:161
NCIT:C8971,DOID:0080630
NCIT:C4258,DOID:1967
NCIT:C5525,DOID:331
NCIT:C5522,DOID:3459
NCIT:C5847,DOID:0060082
NCIT:C9150,DOID:5482
NCIT:C6246,DOID:2645
NCIT:C4543,DOID:9446
NCIT:C34738,DOID:368
NCIT:C6519,DOID:2703
NCIT:C26788,DOID:8002
NCIT:C4512,DOID:11335
NCIT:C4060,DOID:178
NCIT:C85179,DOID:4680
NCIT:C8365,DOID:3459
NCIT:C3411,DOID:1130
NCIT:C7386,DOID:2098
NCIT:C6454,DOID:1426
NCIT:C6885,DOID:0081249
NCIT:C7114,DOID:9553
NCIT:C6453,DOID:175
NCIT:C128421,DOID:2098
NCIT:C3754,DOID:962
NCIT:C2947,DOID:3594
NCIT:C7063,DOID:3069
NCIT:C3756,DOID:10794
NCIT:C4290,DOID:5295
NCIT:C3403,DOID:0060084
NCIT:C111963,DOID:127
NCIT:C2934,DOID:2394
NCIT:C107377,DOID:117
NCIT:C35424,DOID:633
NCIT:C50462,DOID:3369
NCIT:C97041,DOID:2355
NCIT:C26755,DOID:229
NCIT:C35341,DOID:1441
NCIT:C6796,DOID:0060112
NCIT:C3734,DOID:480
NCIT:C27485,DOID:2001
NCIT:C38151,DOID:2671
NCIT:C38153,DOID:0060082
NCIT:C34373,DOID:1364
NCIT:C85184,DOID:633
NCIT:C84739,DOID:936
NCIT:C85052,DOID:2394
NCIT:C92200,DOID:3565
NCIT:C78787,DOID:331
NCIT:C50847,DOID:0050950
NCIT:C177244,DOID:3842
NCIT:C92634,DOID:2349
NCIT:C34875,DOID:263
NCIT:C61267,DOID:368
NCIT:C9145,DOID:3282
NCIT:C6479,DOID:0050702
NCIT:C8563,DOID:934
NCIT:C7780,DOID:3744
NCIT:C8810,DOID:11162
NCIT:C6470,DOID:8295
NCIT:C6585,DOID:1279
NCIT:C168176,DOID:1749
NCIT:C7154,DOID:8864
NCIT:C5829,DOID:193
NCIT:C4021,DOID:11830
NCIT:C8969,DOID:2526
NCIT:C7134,DOID:9460
NCIT:C53707,DOID:2101
NCIT:C4023,DOID:403
NCIT:C38157,DOID:6291
NCIT:C7598,DOID:5503
NCIT:C3194,DOID:5727
NCIT:C63743,DOID:15
NCIT:C26953,DOID:0050950
NCIT:C3988,DOID:37
NCIT:C3106,DOID:2431
NCIT:C84548,DOID:4138
NCIT:C5828,DOID:9637
NCIT:C5825,DOID:2834
NCIT:C27575,DOID:3393
NCIT:C84786,DOID:8761
NCIT:C27199,DOID:9562
NCIT:C26811,DOID:0080841
NCIT:C7073,DOID:10302
NCIT:C7728,DOID:3211
NCIT:C5598,DOID:0060112
NCIT:C27817,DOID:0060103
NCIT:C26907,DOID:370
NCIT:C3302,DOID:2697
NCIT:C4872,DOID:10791
NCIT:C26709,DOID:0060084
NCIT:C26908,DOID:365
NCIT:C85015,DOID:2033
NCIT:C34840,DOID:2815
NCIT:C9235,DOID:6285
NCIT:C3774,DOID:225
NCIT:C5776,DOID:6432
NCIT:C7975,DOID:150
NCIT:C5720,DOID:4653
NCIT:C9120,DOID:0060388
NCIT:C5745,DOID:225
NCIT:C84269,DOID:5058
NCIT:C6656,DOID:891
NCIT:C5175,DOID:3459
NCIT:C5535,DOID:10908
NCIT:C7809,DOID:2994
NCIT:C9429,DOID:1387
NCIT:C8088,DOID:114
NCIT:C84807,DOID:77
NCIT:C50486,DOID:4844
NCIT:C179710,DOID:6195
NCIT:C3473,DOID:1192
NCIT:C2937,DOID:4054
NCIT:C8568,DOID:0080889
NCIT:C42080,DOID:820
NCIT:C85175,DOID:3565
NCIT:C79548,DOID:5861
NCIT:C3345,DOID:4090
NCIT:C39976,DOID:8432
NCIT:C2948,DOID:4450
NCIT:C3757,DOID:1927
NCIT:C27961,DOID:1426
NCIT:C3776,DOID:299
NCIT:C4026,DOID:9460
NCIT:C5228,DOID:2152
NCIT:C5511,DOID:1073
NCIT:C40354,DOID:0060158
NCIT:C27623,DOID:4515
NCIT:C9131,DOID:3165
NCIT:C115993,DOID:0050890
NCIT:C75479,DOID:916
NCIT:C7449,DOID:2705
NCIT:C3733,DOID:0050826
NCIT:C3019,DOID:1799
NCIT:C7297,DOID:591
NCIT:C35072,DOID:3254
NCIT:C34536,DOID:2870
NCIT:C85219,DOID:863
NCIT:C78442,DOID:1289
NCIT:C35775,DOID:2921
NCIT:C3802,DOID:4437
NCIT:C4236,DOID:4254
NCIT:C8410,DOID:5656
NCIT:C123231,DOID:0050687
NCIT:C60989,DOID:0060039
NCIT:C172313,DOID:2316
NCIT:C175521,DOID:0060038
NCIT:C6247,DOID:5621
NCIT:C4102,DOID:0050646
NCIT:C8776,DOID:2151
NCIT:C27471,DOID:974
NCIT:C3356,DOID:5113
NCIT:C3505,DOID:5656
NCIT:C34888,DOID:214
NCIT:C35277,DOID:299
NCIT:C2984,DOID:3151
NCIT:C34859,DOID:2860
NCIT:C27037,DOID:1287
NCIT:C4816,DOID:3616
NCIT:C40239,DOID:0050338
NCIT:C3739,DOID:4971
NCIT:C6492,DOID:3200
NCIT:C40035,DOID:1996
NCIT:C85062,DOID:0050828
NCIT:C3451,DOID:5485
NCIT:C96410,DOID:1660
NCIT:C3379,DOID:299
NCIT:C95595,DOID:768
NCIT:C28396,DOID:657
NCIT:C5803,DOID:0060103
NCIT:C5286,DOID:4001
NCIT:C5272,DOID:11338
NCIT:C7009,DOID:6039
NCIT:C40225,DOID:5350
NCIT:C34794,DOID:0060038
NCIT:C123330,DOID:3565
NCIT:C35468,DOID:1005
NCIT:C9385,DOID:4947
NCIT:C6568,DOID:8567
NCIT:C4524,DOID:0060112
NCIT:C6194,DOID:883
NCIT:C4033,DOID:974
NCIT:C4146,DOID:1923
NCIT:C39807,DOID:381
NCIT:C27893,DOID:7505
NCIT:C85034,DOID:2095
NCIT:C34345,DOID:0060036
NCIT:C34986,DOID:4450
NCIT:C4282,DOID:37
NCIT:C45655,DOID:0060704
NCIT:C7985,DOID:4896
NCIT:C34939,DOID:9267
NCIT:C5450,DOID:906
NCIT:C9174,DOID:3706
NCIT:C5184,DOID:9673
NCIT:C9426,DOID:3347
NCIT:C6043,DOID:7154
NCIT:C4489,DOID:3165
NCIT:C35691,DOID:5621
NCIT:C40220,DOID:5758
NCIT:C40218,DOID:870
NCIT:C5528,DOID:12639
NCIT:C6613,DOID:8791
NCIT:C84596,DOID:225
NCIT:C9234,DOID:3605
NCIT:C5428,DOID:9953
NCIT:C5443,DOID:0070313
NCIT:C84686,DOID:2095
NCIT:C4944,DOID:934
NCIT:C3129,DOID:7166
NCIT:C27066,DOID:37
NCIT:C103968,DOID:37
NCIT:C2900,DOID:3111
NCIT:C98969,DOID:5612
NCIT:C85040,DOID:4752
NCIT:C84814,DOID:9598
NCIT:C85067,DOID:37
NCIT:C3218,DOID:4437
NCIT:C7138,DOID:5614
NCIT:C27210,DOID:4202
NCIT:C3808,DOID:13543
NCIT:C8715,DOID:3371
NCIT:C6563,DOID:319
NCIT:C4874,DOID:255
NCIT:C84885,DOID:3223
NCIT:C27744,DOID:3905
NCIT:C3789,DOID:8483
NCIT:C27194,DOID:3918
NCIT:C5606,DOID:3999
NCIT:C40137,DOID:3748
NCIT:C4768,DOID:37
NCIT:C40135,DOID:14447
NCIT:C5537,DOID:368
NCIT:C40109,DOID:3627
NCIT:C5437,DOID:13034
NCIT:C39837,DOID:3017
NCIT:C4002,DOID:870
NCIT:C9349,DOID:5998
NCIT:C7812,DOID:8719
NCIT:C6711,DOID:48
NCIT:C3781,DOID:0060060
NCIT:C26836,DOID:1557
NCIT:C6383,DOID:1749
NCIT:C39832,DOID:83
NCIT:C40190,DOID:3451
NCIT:C27420,DOID:4195
NCIT:C39874,DOID:841
NCIT:C6811,DOID:649
NCIT:C3772,DOID:0050292
NCIT:C84746,DOID:1602
NCIT:C34386,DOID:1417
NCIT:C34372,DOID:1612
NCIT:C3737,DOID:173
NCIT:C27374,DOID:0060061
NCIT:C27375,DOID:2115
NCIT:C27481,DOID:0050718
NCIT:C27502,DOID:3068
NCIT:C3780,DOID:13543
NCIT:C6461,DOID:6345
NCIT:C7612,DOID:3146
NCIT:C5238,DOID:3527
NCIT:C4450,DOID:229
NCIT:C128392,DOID:3165
NCIT:C27625,DOID:2531
NCIT:C27626,DOID:2723
NCIT:C34583,DOID:0060388
NCIT:C5301,DOID:214
NCIT:C4055,DOID:418
NCIT:C4718,DOID:2773
NCIT:C4720,DOID:2687
NCIT:C8264,DOID:1791
NCIT:C4721,DOID:2152
NCIT:C62569,DOID:3840
NCIT:C3213,DOID:2163
NCIT:C98949,DOID:3700
NCIT:C8194,DOID:1510
NCIT:C27016,DOID:461
NCIT:C26937,DOID:4242
NCIT:C27332,DOID:2978
NCIT:C27135,DOID:0060094
NCIT:C27333,DOID:2870
NCIT:C84692,DOID:1681
NCIT:C8495,DOID:934
NCIT:C8713,DOID:5614
NCIT:C8714,DOID:3393
NCIT:C7846,DOID:4848
NCIT:C7848,DOID:9368
NCIT:C9303,DOID:184
NCIT:C9286,DOID:1285
NCIT:C85186,DOID:2843
NCIT:C4296,DOID:117
NCIT:C27226,DOID:1612
NCIT:C27055,DOID:0080015
NCIT:C26805,DOID:11252
NCIT:C5166,DOID:368
NCIT:C5164,DOID:10591
NCIT:C3860,DOID:2731
NCIT:C4472,DOID:620
NCIT:C5343,DOID:1762
NCIT:C38762,DOID:1400
NCIT:C6555,DOID:2513
NCIT:C5429,DOID:0080889
NCIT:C6624,DOID:2452
NCIT:C34586,DOID:255
NCIT:C5822,DOID:707
NCIT:C6911,DOID:5032
NCIT:C5119,DOID:1168
NCIT:C5347,DOID:0060048
NCIT:C26865,DOID:8432
NCIT:C4299,DOID:1036
NCIT:C3945,DOID:205
NCIT:C5423,DOID:11400
NCIT:C5696,DOID:9809
NCIT:C6448,DOID:4123
NCIT:C4304,DOID:0060318
NCIT:C34988,DOID:0080164
NCIT:C84607,DOID:1002
NCIT:C34956,DOID:857
NCIT:C39953,DOID:10273
NCIT:C4298,DOID:3770
NCIT:C6347,DOID:305
NCIT:C26856,DOID:225
NCIT:C8188,DOID:2583
NCIT:C98910,DOID:48
NCIT:C45909,DOID:3282
NCIT:C124575,DOID:7166
NCIT:C34775,DOID:5200
NCIT:C26869,DOID:3213
NCIT:C5273,DOID:9428
NCIT:C3470,DOID:2952
NCIT:C34388,DOID:28
NCIT:C26972,DOID:934
NCIT:C45692,DOID:2526
NCIT:C85019,DOID:37
NCIT:C5310,DOID:0060060
NCIT:C9482,DOID:231
NCIT:C27335,DOID:2394
NCIT:C26941,DOID:0111157
NCIT:C2857,DOID:934
NCIT:C35132,DOID:0060043
NCIT:C2964,DOID:5614
NCIT:C4676,DOID:9252
NCIT:C4726,DOID:5614
NCIT:C4725,DOID:13359
NCIT:C7076,DOID:0080005
NCIT:C39908,DOID:3133
NCIT:C6904,DOID:896
NCIT:C3706,DOID:11971
NCIT:C4011,DOID:5940
NCIT:C5411,DOID:65
NCIT:C9497,DOID:883
NCIT:C3997,DOID:3004
NCIT:C5961,DOID:1114
NCIT:C5407,DOID:883
NCIT:C3410,DOID:3119
NCIT:C84536,DOID:2938
NCIT:C3760,DOID:2789
NCIT:C4168,DOID:446
NCIT:C2926,DOID:883
NCIT:C5712,DOID:2568
NCIT:C41248,DOID:4914
NCIT:C6504,DOID:2156
NCIT:C27487,DOID:10481
NCIT:C27488,DOID:2156
NCIT:C27486,DOID:2121
NCIT:C84540,DOID:192
NCIT:C5586,DOID:0050338
NCIT:C125695,DOID:264
NCIT:C84909,DOID:5048
NCIT:C39948,DOID:3374
NCIT:C5353,DOID:5940
NCIT:C8997,DOID:0060111
NCIT:C36054,DOID:1188
NCIT:C36053,DOID:11702
NCIT:C5669,DOID:1596
NCIT:C35264,DOID:2115
NCIT:C35706,DOID:7608
NCIT:C35281,DOID:2817
NCIT:C35707,DOID:14566
NCIT:C35798,DOID:2394
NCIT:C35799,DOID:3907
NCIT:C35801,DOID:5844
NCIT:C35445,DOID:3211
NCIT:C35800,DOID:0060084
NCIT:C5436,DOID:3502
NCIT:C5817,DOID:1826
NCIT:C66808,DOID:205
NCIT:C6968,DOID:1602
NCIT:C133084,DOID:1790
NCIT:C9284,DOID:3458
NCIT:C9285,DOID:2815
NCIT:C116757,DOID:780
NCIT:C84628,DOID:50
NCIT:C9370,DOID:0060086
NCIT:C9091,DOID:0060038
NCIT:C3086,DOID:0060110
NCIT:C3727,DOID:2155
NCIT:C7596,DOID:37
NCIT:C40310,DOID:0060071
NCIT:C3795,DOID:3192
NCIT:C3017,DOID:653
NCIT:C40315,DOID:0050748
NCIT:C5408,DOID:1799
NCIT:C5479,DOID:5614
NCIT:C4047,DOID:1697
NCIT:C4323,DOID:9119
NCIT:C6809,DOID:4194
NCIT:C5419,DOID:4194
NCIT:C7173,DOID:3711
NCIT:C27505,DOID:9119
NCIT:C7445,DOID:10316
NCIT:C4641,DOID:3541
NCIT:C6346,DOID:379
NCIT:C5539,DOID:3255
NCIT:C9462,DOID:0014667
NCIT:C4540,DOID:2237
NCIT:C5666,DOID:225
NCIT:C6051,DOID:3817
NCIT:C5130,DOID:1936
NCIT:C5342,DOID:0060040
NCIT:C40295,DOID:5656
NCIT:C4264,DOID:205
NCIT:C84796,DOID:5260
NCIT:C40017,DOID:3770
NCIT:C40016,DOID:12759
NCIT:C40023,DOID:5518
NCIT:C3681,DOID:3953
NCIT:C4142,DOID:326
NCIT:C27018,DOID:3070
NCIT:C5559,DOID:2154
NCIT:C4189,DOID:6788
NCIT:C2923,DOID:10316
NCIT:C36077,DOID:5551
NCIT:C35417,DOID:75
NCIT:C65192,DOID:3068
NCIT:C113210,DOID:5679
NCIT:C113208,DOID:1294
NCIT:C35206,DOID:1459
NCIT:C27044,DOID:3069
NCIT:C8054,DOID:5048
NCIT:C46095,DOID:1626
NCIT:C4068,DOID:0050292
NCIT:C7380,DOID:10944
NCIT:C4035,DOID:3463
NCIT:C62798,DOID:0080630
NCIT:C3879,DOID:2825
NCIT:C40297,DOID:0050825
NCIT:C128415,DOID:0050338
NCIT:C4122,DOID:3347
NCIT:C4120,DOID:2256
NCIT:C27004,DOID:225
NCIT:C123159,DOID:3357
NCIT:C3190,DOID:6204
NCIT:C2928,DOID:502
NCIT:C3926,DOID:5438
NCIT:C26780,DOID:8502
NCIT:C27641,DOID:10273
NCIT:C27052,DOID:0050338
NCIT:C35330,DOID:4163
NCIT:C27051,DOID:5550
NCIT:C27329,DOID:0050598
NCIT:C27348,DOID:3419
NCIT:C6516,DOID:8574
NCIT:C6514,DOID:1383
NCIT:C5834,DOID:37
NCIT:C6617,DOID:896
NCIT:C5627,DOID:3905
NCIT:C4716,DOID:1443
NCIT:C5236,DOID:5557
NCIT:C5190,DOID:10316
NCIT:C6378,DOID:936
NCIT:C3874,DOID:848
NCIT:C4130,DOID:7
NCIT:C50783,DOID:6536
NCIT:C45525,DOID:2876
NCIT:C50842,DOID:2033
NCIT:C3422,DOID:0050748
NCIT:C9313,DOID:0050623
NCIT:C39915,DOID:557
NCIT:C3196,DOID:3342
NCIT:C84542,DOID:0060090
NCIT:C40229,DOID:848
NCIT:C6336,DOID:7922
NCIT:C6311,DOID:589
NCIT:C7317,DOID:7997
NCIT:C40277,DOID:1176
NCIT:C5697,DOID:7841
NCIT:C5695,DOID:4851
NCIT:C3255,DOID:2030
NCIT:C96716,DOID:5557
NCIT:C6800,DOID:2916
NCIT:C4123,DOID:2978
NCIT:C9296,DOID:4645
NCIT:C5504,DOID:2742
NCIT:C84691,DOID:1352
NCIT:C4754,DOID:3355
NCIT:C34433,DOID:6003
NCIT:C84917,DOID:5716
NCIT:C85031,DOID:2723
NCIT:C27262,DOID:0050580
NCIT:C34569,DOID:229
NCIT:C3207,DOID:409
NCIT:C7135,DOID:4995
NCIT:C3306,DOID:0050155
NCIT:C182453,DOID:6364
NCIT:C6895,DOID:5940
NCIT:C6338,DOID:225
NCIT:C40231,DOID:5940
NCIT:C26893,DOID:780
NCIT:C4131,DOID:3717
NCIT:C5754,DOID:4236
NCIT:C27922,DOID:264
NCIT:C27388,DOID:10825
NCIT:C6967,DOID:0060082
NCIT:C8273,DOID:1896
NCIT:C3252,DOID:3620
NCIT:C5700,DOID:11244
NCIT:C4336,DOID:169
NCIT:C40328,DOID:934
NCIT:C5360,DOID:3153
NCIT:C6601,DOID:2797
NCIT:C7017,DOID:4242
NCIT:C7157,DOID:13499
NCIT:C128336,DOID:0080879
NCIT:C5968,DOID:3151
NCIT:C6909,DOID:8913
NCIT:C5970,DOID:0060090
NCIT:C2922,DOID:2687
NCIT:C27721,DOID:1285
NCIT:C5453,DOID:4029
NCIT:C6902,DOID:2355
NCIT:C128413,DOID:6050
NCIT:C42048,DOID:11230
NCIT:C3790,DOID:0050704
NCIT:C113150,DOID:3165
NCIT:C72070,DOID:3459
NCIT:C129722,DOID:4896
NCIT:C99027,DOID:4471
NCIT:C97166,DOID:60002
NCIT:C26746,DOID:2730
NCIT:C53655,DOID:1005
NCIT:C26797,DOID:0050339
NCIT:C27595,DOID:557
NCIT:C79597,DOID:3013
NCIT:C27596,DOID:0060039
NCIT:C5969,DOID:1826
NCIT:C5802,DOID:13580
NCIT:C5295,DOID:3133
NCIT:C34656,DOID:1967
NCIT:C4722,DOID:5567
NCIT:C6775,DOID:5076
NCIT:C4270,DOID:4138
NCIT:C8973,DOID:2436
NCIT:C40219,DOID:3277
NCIT:C101216,DOID:896
NCIT:C6511,DOID:8692
NCIT:C35765,DOID:916
NCIT:C27293,DOID:5636
NCIT:C27005,DOID:6170
NCIT:C4525,DOID:1749
NCIT:C80427,DOID:4112
NCIT:C84727,DOID:3605
NCIT:C27605,DOID:3017
NCIT:C84887,DOID:936
NCIT:C41236,DOID:3116
NCIT:C84645,DOID:255
NCIT:C85010,DOID:9267
NCIT:C3747,DOID:9098
NCIT:C5355,DOID:174
NCIT:C84891,DOID:0050134
NCIT:C62282,DOID:225
NCIT:C7473,DOID:4029
NCIT:C84743,DOID:10908
NCIT:C7585,DOID:3225
NCIT:C4109,DOID:484
NCIT:C27182,DOID:201
NCIT:C27536,DOID:4114
NCIT:C27538,DOID:0080890
NCIT:C85056,DOID:11054
NCIT:C4108,DOID:37
NCIT:C38111,DOID:10154
NCIT:C38110,DOID:4656
NCIT:C121932,DOID:305
NCIT:C34934,DOID:7521
NCIT:C3751,DOID:5391
NCIT:C27518,DOID:225
NCIT:C4468,DOID:1993
NCIT:C27516,DOID:6629
NCIT:C27517,DOID:5351
NCIT:C3697,DOID:3284
NCIT:C3903,DOID:0050624
NCIT:C3696,DOID:0060033
NCIT:C2951,DOID:841
NCIT:C37265,DOID:3247
NCIT:C27065,DOID:0050743
NCIT:C27617,DOID:419
NCIT:C7283,DOID:14447
NCIT:C39958,DOID:4166
NCIT:C4257,DOID:9455
NCIT:C6512,DOID:5842
NCIT:C4482,DOID:654
NCIT:C3748,DOID:0080903
NCIT:C4256,DOID:3165
NCIT:C40326,DOID:520
NCIT:C4483,DOID:3181
NCIT:C6558,DOID:863
NCIT:C3797,DOID:2101
NCIT:C41427,DOID:345
NCIT:C6559,DOID:2797
NCIT:C35543,DOID:0050619
NCIT:C40065,DOID:1612
NCIT:C40270,DOID:2782
NCIT:C40269,DOID:2978
NCIT:C6951,DOID:5344
NCIT:C38158,DOID:3153
NCIT:C9149,DOID:0050822
NCIT:C9147,DOID:10341
NCIT:C8496,DOID:934
NCIT:C9146,DOID:2095
NCIT:C97085,DOID:707
NCIT:C40236,DOID:368
NCIT:C9148,DOID:2559
NCIT:C42058,DOID:1414
NCIT:C42057,DOID:3978
NCIT:C6594,DOID:9252
NCIT:C101253,DOID:150
NCIT:C79805,DOID:2723
NCIT:C128119,DOID:9884
NCIT:C7286,DOID:934
NCIT:C4291,DOID:4977
NCIT:C27062,DOID:6438
NCIT:C36071,DOID:4231
NCIT:C35383,DOID:8791
NCIT:C3836,DOID:8533
NCIT:C35796,DOID:6420
NCIT:C26761,DOID:1074
NCIT:C84754,DOID:7327
NCIT:C4221,DOID:0060379
NCIT:C36079,DOID:1168
NCIT:C6529,DOID:962
NCIT:C3801,DOID:589
NCIT:C27495,DOID:3315
NCIT:C9428,DOID:2596
NCIT:C27494,DOID:2815
NCIT:C5494,DOID:1660
NCIT:C3108,DOID:2132
NCIT:C5364,DOID:2098
NCIT:C7723,DOID:4203
NCIT:C5234,DOID:5518
NCIT:C3700,DOID:0050704
NCIT:C5667,DOID:13399
NCIT:C5599,DOID:883
NCIT:C3701,DOID:0060074
NCIT:C5335,DOID:4045
NCIT:C4484,DOID:341
NCIT:C4574,DOID:50
NCIT:C5334,DOID:13129
NCIT:C27200,DOID:483
NCIT:C5526,DOID:0050705
NCIT:C6326,DOID:10241
NCIT:C27904,DOID:305
NCIT:C5186,DOID:8925
NCIT:C40318,DOID:3610
NCIT:C6183,DOID:7
NCIT:C6022,DOID:0060429
NCIT:C6340,DOID:2431
NCIT:C118723,DOID:2256
NCIT:C6619,DOID:10937
NCIT:C26801,DOID:865
NCIT:C5756,DOID:0081028
NCIT:C5549,DOID:8712
NCIT:C8028,DOID:75
NCIT:C26768,DOID:4163
NCIT:C6280,DOID:934
NCIT:C40139,DOID:0060123
NCIT:C6344,DOID:3713
NCIT:C40078,DOID:0050589
NCIT:C6179,DOID:1911
NCIT:C6172,DOID:5514
NCIT:C27414,DOID:4844
NCIT:C4199,DOID:0060073
NCIT:C40368,DOID:0111866
NCIT:C40320,DOID:732
NCIT:C26874,DOID:7234
NCIT:C26962,DOID:4706
NCIT:C6357,DOID:936
NCIT:C34893,DOID:9406
NCIT:C3948,DOID:4549
NCIT:C3820,DOID:3706
NCIT:C6752,DOID:0050032
NCIT:C27364,DOID:9987
NCIT:C8000,DOID:3558
NCIT:C5027,DOID:3259
NCIT:C27241,DOID:0050745
NCIT:C6285,DOID:10754
NCIT:C8107,DOID:6199
NCIT:C39986,DOID:2921
NCIT:C97083,DOID:225
NCIT:C40254,DOID:1799
NCIT:C40396,DOID:0081286
NCIT:C5386,DOID:2072
NCIT:C7368,DOID:3445
NCIT:C7367,DOID:4905
NCIT:C4114,DOID:4079
NCIT:C35344,DOID:0050117
NCIT:C35287,DOID:11239
NCIT:C4157,DOID:2468
NCIT:C3759,DOID:61
NCIT:C79697,DOID:850
NCIT:C4151,DOID:4007
NCIT:C3342,DOID:2706
NCIT:C8388,DOID:2154
NCIT:C5962,DOID:4029
NCIT:C4159,DOID:502
NCIT:C4155,DOID:10763
NCIT:C36171,DOID:657
NCIT:C84883,DOID:3211
NCIT:C53972,DOID:5350
NCIT:C62545,DOID:0080875
NCIT:C3292,DOID:10123
NCIT:C4917,DOID:0060058
NCIT:C5670,DOID:4438
NCIT:C3915,DOID:557
NCIT:C6683,DOID:5844
NCIT:C94378,DOID:2834
NCIT:C3362,DOID:0060044
NCIT:C9137,DOID:423
NCIT:C113352,DOID:1350
NCIT:C37266,DOID:863
NCIT:C34563,DOID:4202
NCIT:C39857,DOID:4708
NCIT:C7126,DOID:3620
NCIT:C5857,DOID:9507
NCIT:C4171,DOID:3721
NCIT:C7568,DOID:178
NCIT:C7567,DOID:3321
NCIT:C4170,DOID:10371
NCIT:C4172,DOID:11506
NCIT:C85039,DOID:2519
NCIT:C6023,DOID:0060106
NCIT:C37215,DOID:8483
NCIT:C40031,DOID:225
NCIT:C40230,DOID:0050292
NCIT:C8986,DOID:9406
NCIT:C27287,DOID:633
NCIT:C6533,DOID:1795
NCIT:C3400,DOID:119
NCIT:C4277,DOID:8670
NCIT:C6618,DOID:2007
NCIT:C4279,DOID:557
NCIT:C4278,DOID:13476
NCIT:C6534,DOID:5844
NCIT:C4713,DOID:5485
NCIT:C128401,DOID:5614
NCIT:C6903,DOID:225
NCIT:C4319,DOID:76
NCIT:C8578,DOID:10763
NCIT:C7169,DOID:127
NCIT:C8106,DOID:5517
NCIT:C3333,DOID:3896
NCIT:C4105,DOID:5353
NCIT:C27084,DOID:0080015
NCIT:C5603,DOID:403
NCIT:C7733,DOID:962
NCIT:C6759,DOID:13580
NCIT:C9063,DOID:6112
NCIT:C8591,DOID:6477
NCIT:C6637,DOID:0050902
NCIT:C5259,DOID:0050338
NCIT:C40090,DOID:710
NCIT:C36102,DOID:1790
NCIT:C27496,DOID:305
NCIT:C6887,DOID:421
NCIT:C27061,DOID:50
NCIT:C34529,DOID:3905
NCIT:C6160,DOID:1563
NCIT:C9047,DOID:657
NCIT:C6253,DOID:4765
NCIT:C9007,DOID:3829
NCIT:C6792,DOID:0060089
NCIT:C5256,DOID:4439
NCIT:C3902,DOID:6947
NCIT:C5630,DOID:0060307
NCIT:C5555,DOID:200
NCIT:C7383,DOID:225
NCIT:C27202,DOID:0050338
NCIT:C3488,DOID:4843
NCIT:C50778,DOID:1727
NCIT:C27473,DOID:4972
NCIT:C101328,DOID:7849
NCIT:C7989,DOID:0060114
NCIT:C9088,DOID:4610
NCIT:C5744,DOID:4813
NCIT:C7462,DOID:74
NCIT:C4321,DOID:4437
NCIT:C4347,DOID:5679
NCIT:C4320,DOID:750
NCIT:C40041,DOID:3541
NCIT:C7450,DOID:4045
NCIT:C41618,DOID:37
NCIT:C5664,DOID:4251
NCIT:C5775,DOID:1995
NCIT:C128393,DOID:0060082
NCIT:C6547,DOID:0060109
NCIT:C7266,DOID:3565
NCIT:C40189,DOID:2256
NCIT:C6980,DOID:5395
NCIT:C40286,DOID:11465
NCIT:C84808,DOID:65
NCIT:C5279,DOID:3250
NCIT:C27910,DOID:850
NCIT:C3457,DOID:201
NCIT:C40365,DOID:3269
NCIT:C9012,DOID:2730
NCIT:C9423,DOID:1679
NCIT:C37304,DOID:11747
NCIT:C35830,DOID:154
NCIT:C35558,DOID:2345
NCIT:C7301,DOID:3225
NCIT:C8095,DOID:225
NCIT:C39924,DOID:0060095
NCIT:C7296,DOID:4961
NCIT:C4933,DOID:2101
NCIT:C27357,DOID:2742
NCIT:C123174,DOID:4455
NCIT:C7401,DOID:2978
NCIT:C9461,DOID:118
NCIT:C6763,DOID:8947
NCIT:C6762,DOID:8566
NCIT:C6655,DOID:2458
NCIT:C96230,DOID:4006
NCIT:C40298,DOID:12798
NCIT:C6460,DOID:1712
NCIT:C5524,DOID:3640
NCIT:C4326,DOID:3750
NCIT:C35071,DOID:5344
NCIT:C26894,DOID:4972
NCIT:C6699,DOID:2152
NCIT:C6685,DOID:150
NCIT:C8255,DOID:10914
NCIT:C8256,DOID:3643
NCIT:C7470,DOID:1350
NCIT:C4148,DOID:2870
NCIT:C5569,DOID:0070004
NCIT:C35829,DOID:37
NCIT:C38766,DOID:2096
NCIT:C40075,DOID:8466
NCIT:C36260,DOID:1176
NCIT:C6239,DOID:0050828
NCIT:C35142,DOID:3284
NCIT:C4288,DOID:0060429
NCIT:C9499,DOID:450
NCIT:C7267,DOID:870
NCIT:C4331,DOID:10534
NCIT:C4330,DOID:6383
NCIT:C4329,DOID:4330
NCIT:C4333,DOID:2834
NCIT:C9080,DOID:3418
NCIT:C4273,DOID:8923
NCIT:C37201,DOID:3963
NCIT:C5790,DOID:9561
NCIT:C5713,DOID:2664
NCIT:C41247,DOID:303
NCIT:C41246,DOID:3181
NCIT:C41245,DOID:3963
NCIT:C35042,DOID:3969
NCIT:C40165,DOID:6498
NCIT:C39844,DOID:229
NCIT:C39885,DOID:5241
NCIT:C27144,DOID:2815
NCIT:C40455,DOID:3315
NCIT:C40957,DOID:4905
NCIT:C27839,DOID:18
NCIT:C8717,DOID:461
NCIT:C27376,DOID:0050127
NCIT:C39927,DOID:1510
NCIT:C4324,DOID:1414
NCIT:C40391,DOID:2253
NCIT:C9368,DOID:0050161
NCIT:C27301,DOID:9741
NCIT:C26903,DOID:110
NCIT:C40032,DOID:5136
NCIT:C27248,DOID:870
NCIT:C3827,DOID:5502
NCIT:C6550,DOID:1612
NCIT:C40446,DOID:3192
NCIT:C27802,DOID:9768
NCIT:C5556,DOID:3303
NCIT:C39867,DOID:289
NCIT:C39925,DOID:5897
NCIT:C40284,DOID:3405
NCIT:C26867,DOID:0060044
NCIT:C27474,DOID:734
NCIT:C27343,DOID:2475
NCIT:C39866,DOID:0060782
NCIT:C4462,DOID:1891
NCIT:C27779,DOID:3969
NCIT:C4970,DOID:0060262
NCIT:C26323,DOID:6477
NCIT:C27447,DOID:2723
NCIT:C27448,DOID:2435
NCIT:C128167,DOID:5561
NCIT:C40285,DOID:2320
NCIT:C27288,DOID:934
NCIT:C40131,DOID:1002
NCIT:C9013,DOID:2355
NCIT:C9015,DOID:9351
NCIT:C8110,DOID:447
NCIT:C6438,DOID:4305
NCIT:C3149,DOID:5041
NCIT:C43345,DOID:53
NCIT:C34415,DOID:0050902
NCIT:C26749,DOID:4074
NCIT:C34959,DOID:0080903
NCIT:C3050,DOID:936
NCIT:C27444,DOID:2747
NCIT:C9069,DOID:5557
NCIT:C4461,DOID:1400
NCIT:C35130,DOID:3458
NCIT:C5650,DOID:3284
NCIT:C123215,DOID:1876
NCIT:C6870,DOID:1294
NCIT:C5472,DOID:5518
NCIT:C27937,DOID:3360
NCIT:C6267,DOID:3407
NCIT:C40099,DOID:5556
NCIT:C4967,DOID:3151
NCIT:C9119,DOID:8850
NCIT:C26767,DOID:1911
NCIT:C5135,DOID:0060117
NCIT:C27598,DOID:7242
NCIT:C9294,DOID:5567
NCIT:C40296,DOID:3165
NCIT:C4538,DOID:2030
NCIT:C84565,DOID:4450
NCIT:C8712,DOID:2870
NCIT:C6207,DOID:4236
NCIT:C111885,DOID:8670
NCIT:C39930,DOID:3683
NCIT:C27850,DOID:557
NCIT:C7980,DOID:53
NCIT:C6933,DOID:2218
NCIT:C35602,DOID:3368
NCIT:C40359,DOID:18
NCIT:C3762,DOID:3279
NCIT:C40358,DOID:0080639
NCIT:C40357,DOID:2377
NCIT:C7959,DOID:1901
NCIT:C39591,DOID:1279
NCIT:C26752,DOID:11971
NCIT:C27407,DOID:0080006
NCIT:C6876,DOID:10534
NCIT:C5271,DOID:5262
NCIT:C40187,DOID:0080602
NCIT:C7640,DOID:11201
NCIT:C34874,DOID:365
NCIT:C27472,DOID:403
NCIT:C3318,DOID:0050902
NCIT:C9041,DOID:3459
NCIT:C9043,DOID:0050728
NCIT:C5849,DOID:0060041
NCIT:C4432,DOID:9953
NCIT:C27452,DOID:423
NCIT:C5201,DOID:3315
NCIT:C40141,DOID:225
NCIT:C5298,DOID:5344
NCIT:C34958,DOID:7505
NCIT:C40388,DOID:0060090
NCIT:C40385,DOID:1140
NCIT:C27022,DOID:8923
NCIT:C5609,DOID:5551
NCIT:C9009,DOID:3376
NCIT:C9008,DOID:1793
NCIT:C40384,DOID:178
NCIT:C9473,DOID:1426
NCIT:C40383,DOID:2348
NCIT:C40364,DOID:854
NCIT:C6469,DOID:161
NCIT:C6088,DOID:3459
NCIT:C39824,DOID:12030
NCIT:C27953,DOID:77
NCIT:C40306,DOID:614
NCIT:C5560,DOID:5679
NCIT:C40307,DOID:9808
NCIT:C37256,DOID:3082
NCIT:C7362,DOID:0060084
NCIT:C87121,DOID:1397
NCIT:C8189,DOID:3978
NCIT:C8190,DOID:1140
NCIT:C8191,DOID:6231
NCIT:C40442,DOID:8947
NCIT:C27925,DOID:234
NCIT:C40193,DOID:3376
NCIT:C7998,DOID:5556
NCIT:C26886,DOID:0060831
NCIT:C39821,DOID:2598
NCIT:C35870,DOID:0050745
NCIT:C4020,DOID:3640
NCIT:C4154,DOID:974
NCIT:C8380,DOID:4991
NCIT:C39955,DOID:2234
NCIT:C27216,DOID:2640
NCIT:C27103,DOID:3458
NCIT:C26733,DOID:3165
NCIT:C4152,DOID:4610
NCIT:C4107,DOID:1115
NCIT:C4094,DOID:4029
NCIT:C4188,DOID:8125
NCIT:C4978,DOID:9884
NCIT:C3680,DOID:11184
NCIT:C26875,DOID:0060033
NCIT:C176979,DOID:974
NCIT:C35275,DOID:1660
NCIT:C4252,DOID:9119
NCIT:C7811,DOID:0060090
NCIT:C8091,DOID:2664
NCIT:C6509,DOID:5289
NCIT:C51223,DOID:5289
NCIT:C5488,DOID:7608
NCIT:C5187,DOID:10155
NCIT:C3705,DOID:607
NCIT:C4253,DOID:5656
NCIT:C6507,DOID:365
NCIT:C27489,DOID:9119
NCIT:C27781,DOID:5295
NCIT:C5615,DOID:11504
NCIT:C6614,DOID:0080524
NCIT:C6973,DOID:3523
NCIT:C4348,DOID:1626
NCIT:C4827,DOID:633
NCIT:C34863,DOID:4436
NCIT:C40019,DOID:6204
NCIT:C40142,DOID:5759
NCIT:C40133,DOID:962
NCIT:C4518,DOID:7031
NCIT:C27221,DOID:5733
NCIT:C40119,DOID:1383
NCIT:C7993,DOID:2096
NCIT:C7994,DOID:5690
NCIT:C27393,DOID:1927
NCIT:C6590,DOID:3646
NCIT:C4334,DOID:5262
NCIT:C4243,DOID:3962
NCIT:C8290,DOID:13399
NCIT:C34795,DOID:5974
NCIT:C6776,DOID:10140
NCIT:C6779,DOID:1285
NCIT:C5614,DOID:2815
NCIT:C41617,DOID:225
NCIT:C4460,DOID:3702
NCIT:C5275,DOID:562
NCIT:C40440,DOID:0070004
NCIT:C40439,DOID:3315
NCIT:C8289,DOID:0060087
NCIT:C40153,DOID:5614
NCIT:C94834,DOID:2001
NCIT:C39951,DOID:5113
NCIT:C39952,DOID:5032
NCIT:C6838,DOID:4773
NCIT:C7541,DOID:1927
NCIT:C41251,DOID:3565
NCIT:C3270,DOID:4955
NCIT:C27000,DOID:7602
NCIT:C27466,DOID:1289
NCIT:C45837,DOID:5612
NCIT:C9168,DOID:5295
NCIT:C7476,DOID:1091
NCIT:C7061,DOID:2741
NCIT:C5284,DOID:0060180
NCIT:C37214,DOID:1428
NCIT:C3022,DOID:4813
NCIT:C5727,DOID:607
NCIT:C8090,DOID:4549
NCIT:C8094,DOID:1681
NCIT:C41619,DOID:0050338
NCIT:C5718,DOID:1453
NCIT:C9048,DOID:4352
NCIT:C9184,DOID:9988
NCIT:C9372,DOID:3275
NCIT:C7124,DOID:1247
NCIT:C3845,DOID:4110
NCIT:C4989,DOID:3856
NCIT:C40118,DOID:11054
NCIT:C34968,DOID:0080005
NCIT:C26880,DOID:77
NCIT:C27455,DOID:10316
NCIT:C95599,DOID:2641
NCIT:C7977,DOID:10937
NCIT:C40367,DOID:1037
NCIT:C7978,DOID:11162
NCIT:C40136,DOID:37
NCIT:C78579,DOID:4851
NCIT:C27838,DOID:0060005
NCIT:C5724,DOID:2723
NCIT:C40201,DOID:0080375
NCIT:C26762,DOID:2999
NCIT:C4268,DOID:0080006
NCIT:C3363,DOID:4992
NCIT:C38012,DOID:4254
NCIT:C40369,DOID:3817
NCIT:C40309,DOID:9258
NCIT:C38152,DOID:6364
NCIT:C5671,DOID:3999
NCIT:C35795,DOID:0050745
NCIT:C34866,DOID:9252
NCIT:C27777,DOID:4006
NCIT:C7053,DOID:3701
NCIT:C5821,DOID:0060103
NCIT:C7097,DOID:4693
NCIT:C7095,DOID:1443
NCIT:C85172,DOID:5274
NCIT:C6589,DOID:0060182
NCIT:C3962,DOID:0080599
NCIT:C3895,DOID:4232
NCIT:C34677,DOID:5691
NCIT:C38661,DOID:1040
NCIT:C37869,DOID:2452
NCIT:C5165,DOID:0050829
NCIT:C7587,DOID:2598
NCIT:C7979,DOID:6085
NCIT:C40138,DOID:3540
NCIT:C34376,DOID:161
NCIT:C6343,DOID:13141
NCIT:C7327,DOID:62
NCIT:C36068,DOID:13223
NCIT:C27996,DOID:182
NCIT:C36073,DOID:934
NCIT:C35305,DOID:0080007
NCIT:C35672,DOID:2517
NCIT:C35673,DOID:934
NCIT:C35400,DOID:1140
NCIT:C8778,DOID:3449
NCIT:C7357,DOID:1100
NCIT:C6475,DOID:3905
NCIT:C35150,DOID:5474
NCIT:C6447,DOID:3382
NCIT:C6798,DOID:10241
NCIT:C7635,DOID:2519
NCIT:C8269,DOID:0050545
NCIT:C8097,DOID:936
NCIT:C7947,DOID:4931
NCIT:C8988,DOID:930
NCIT:C40086,DOID:3744
NCIT:C40085,DOID:2513
NCIT:C4662,DOID:3350
NCIT:C27791,DOID:10854
NCIT:C6982,DOID:12930
NCIT:C35420,DOID:12365
NCIT:C5823,DOID:1682
NCIT:C7427,DOID:9383
NCIT:C9371,DOID:1532
NCIT:C6954,DOID:104
NCIT:C7109,DOID:5381
NCIT:C5845,DOID:3762
NCIT:C34362,DOID:1891
NCIT:C8114,DOID:4737
NCIT:C34890,DOID:10935
NCIT:C3798,DOID:229
NCIT:C6566,DOID:0060091
NCIT:C5973,DOID:0080829
NCIT:C5972,DOID:2513
NCIT:C94379,DOID:1342
NCIT:C5189,DOID:5344
NCIT:C27399,DOID:1187
NCIT:C27183,DOID:3149
NCIT:C7990,DOID:3070
NCIT:C8272,DOID:850
NCIT:C5278,DOID:707
NCIT:C5285,DOID:1192
NCIT:C5313,DOID:0060005
NCIT:C5287,DOID:4242
NCIT:C35603,DOID:0060109
NCIT:C8293,DOID:684
NCIT:C7925,DOID:200
NCIT:C9438,DOID:9700
NCIT:C115203,DOID:8618
NCIT:C2918,DOID:4551
NCIT:C9282,DOID:119
NCIT:C26810,DOID:7166
NCIT:C5792,DOID:0060092
NCIT:C27514,DOID:53
NCIT:C40235,DOID:18
NCIT:C40445,DOID:3284
NCIT:C172147,DOID:5842
NCIT:C7924,DOID:5612
NCIT:C5462,DOID:3447
NCIT:C8271,DOID:1967
NCIT:C4050,DOID:655
NCIT:C5296,DOID:0060082
NCIT:C6636,DOID:883
NCIT:C6625,DOID:1350
NCIT:C7997,DOID:10493
NCIT:C7999,DOID:319
NCIT:C9077,DOID:4210
NCIT:C39926,DOID:5410
NCIT:C8696,DOID:0050338
NCIT:C7027,DOID:6084
NCIT:C27402,DOID:3069
NCIT:C42060,DOID:0060040
NCIT:C42059,DOID:4876
NCIT:C27234,DOID:0060388
NCIT:C6984,DOID:4848
NCIT:C5117,DOID:93
NCIT:C40188,DOID:3463
NCIT:C40159,DOID:1529
NCIT:C39828,DOID:730
NCIT:C39823,DOID:5433
NCIT:C39819,DOID:5997
NCIT:C39820,DOID:3713
NCIT:C39822,DOID:3459
NCIT:C5180,DOID:3069
NCIT:C27944,DOID:0050338
NCIT:C5267,DOID:270
NCIT:C35114,DOID:174
NCIT:C7002,DOID:447
NCIT:C5350,DOID:6245
NCIT:C61469,DOID:0060095
NCIT:C5292,DOID:10316
NCIT:C6793,DOID:4007
NCIT:C39959,DOID:0060704
NCIT:C6983,DOID:3459
NCIT:C4223,DOID:3459
NCIT:C5832,DOID:461
NCIT:C5250,DOID:0050624
NCIT:C7566,DOID:3165
NCIT:C6777,DOID:225
NCIT:C6546,DOID:5193
NCIT:C40962,DOID:225
NCIT:C6720,DOID:736
NCIT:C39847,DOID:0070438
NCIT:C39848,DOID:2113
NCIT:C6771,DOID:0080189
NCIT:C40387,DOID:2234
NCIT:C41620,DOID:4073
NCIT:C27406,DOID:6195
NCIT:C39929,DOID:883
NCIT:C39815,DOID:10124
NCIT:C39814,DOID:4074
NCIT:C6839,DOID:3459
NCIT:C3927,DOID:5351
NCIT:C7751,DOID:627
NCIT:C6148,DOID:9428
NCIT:C8603,DOID:12192
NCIT:C8404,DOID:8923
NCIT:C7726,DOID:305
NCIT:C6181,DOID:5076
NCIT:C35284,DOID:8437
NCIT:C5307,DOID:1039
NCIT:C6943,DOID:3702
NCIT:C3484,DOID:5238
NCIT:C5198,DOID:1595
NCIT:C35273,DOID:0060160
NCIT:C5185,DOID:906
NCIT:C4983,DOID:864
NCIT:C4982,DOID:6929
NCIT:C5794,DOID:5395
NCIT:C7013,DOID:214
NCIT:C7014,DOID:1168
NCIT:C35492,DOID:2916
NCIT:C27143,DOID:1040
NCIT:C27870,DOID:0050745
NCIT:C35614,DOID:5306
NCIT:C5361,DOID:771
NCIT:C5365,DOID:10354
NCIT:C7986,DOID:0060082
NCIT:C5345,DOID:9993
NCIT:C35413,DOID:4054
NCIT:C3027,DOID:0080015
NCIT:C6205,DOID:574
NCIT:C7928,DOID:423
NCIT:C6837,DOID:883
NCIT:C84601,DOID:12365
NCIT:C39854,DOID:5749
NCIT:C50687,DOID:5100
NCIT:C6552,DOID:6039
NCIT:C6551,DOID:0050439
NCIT:C8588,DOID:3458
NCIT:C5317,DOID:3302
NCIT:C8506,DOID:10935
NCIT:C5318,DOID:5409
NCIT:C5319,DOID:0060058
NCIT:C78446,DOID:5614
NCIT:C40205,DOID:1245
NCIT:C27341,DOID:4933
NCIT:C5297,DOID:865
NCIT:C5293,DOID:136
NCIT:C5269,DOID:0050706
NCIT:C4959,DOID:5295
NCIT:C4528,DOID:3767
NCIT:C39725,DOID:10223
NCIT:C4318,DOID:649
NCIT:C40174,DOID:0050338
NCIT:C6544,DOID:656
NCIT:C6542,DOID:3701
NCIT:C6545,DOID:9119
NCIT:C9222,DOID:750
NCIT:C39900,DOID:0050745
NCIT:C39870,DOID:2513
NCIT:C9192,DOID:6354
NCIT:C42700,DOID:4844
NCIT:C6643,DOID:8893
NCIT:C27390,DOID:2394
NCIT:C5550,DOID:3701
NCIT:C6497,DOID:0050133
NCIT:C34504,DOID:292
NCIT:C9425,DOID:1625
NCIT:C6846,DOID:0060388
NCIT:C6608,DOID:0050338
NCIT:C39849,DOID:3969
NCIT:C4508,DOID:866
NCIT:C8430,DOID:687
NCIT:C7035,DOID:2519
NCIT:C7695,DOID:0060429
NCIT:C6548,DOID:4928
NCIT:C6554,DOID:769
NCIT:C8112,DOID:3495
NCIT:C39992,DOID:381
NCIT:C27071,DOID:780
NCIT:C8960,DOID:3744
NCIT:C4526,DOID:48
NCIT:C27319,DOID:1400
NCIT:C7461,DOID:0060089
NCIT:C5963,DOID:0080630
NCIT:C3687,DOID:778
NCIT:C39809,DOID:657
NCIT:C39810,DOID:0060109
NCIT:C4691,DOID:4072
NCIT:C9281,DOID:302
NCIT:C4001,DOID:557
NCIT:C3472,DOID:820
NCIT:C5965,DOID:0080879
NCIT:C7915,DOID:3133
NCIT:C5964,DOID:7
NCIT:C40034,DOID:12377
NCIT:C6742,DOID:7
NCIT:C6286,DOID:0050749
NCIT:C6220,DOID:4074
NCIT:C5438,DOID:0060262
NCIT:C3101,DOID:552
NCIT:C27804,DOID:4439
NCIT:C87497,DOID:3702
NCIT:C5412,DOID:5306
NCIT:C5426,DOID:710
NCIT:C39996,DOID:150
NCIT:C7285,DOID:2893
NCIT:C8461,DOID:6888
NCIT:C27578,DOID:5875
NCIT:C8111,DOID:2789
NCIT:C7946,DOID:0080191
NCIT:C9183,DOID:345
NCIT:C40305,DOID:9588
NCIT:C6910,DOID:0080630
NCIT:C4748,DOID:4928
NCIT:C2851,DOID:7587
NCIT:C27911,DOID:6477
NCIT:C84623,DOID:9884
NCIT:C89715,DOID:1247
NCIT:C34714,DOID:3247
NCIT:C6890,DOID:3146
NCIT:C5281,DOID:2994
NCIT:C9042,DOID:6179
NCIT:C6216,DOID:4254
NCIT:C34578,DOID:3953
NCIT:C34580,DOID:77
NCIT:C27253,DOID:1680
NCIT:C7278,DOID:3702
NCIT:C98916,DOID:657
NCIT:C7279,DOID:780
NCIT:C6256,DOID:870
NCIT:C84505,DOID:786
NCIT:C27404,DOID:2860
NCIT:C40213,DOID:14268
NCIT:C26815,DOID:1561
NCIT:C3120,DOID:2645
NCIT:C4561,DOID:557
NCIT:C40060,DOID:0060110
NCIT:C4176,DOID:1949
NCIT:C40308,DOID:4928
NCIT:C6905,DOID:974
NCIT:C39839,DOID:5876
NCIT:C39838,DOID:5113
NCIT:C4160,DOID:225
NCIT:C40258,DOID:2598
NCIT:C5851,DOID:7327
NCIT:C41237,DOID:294
NCIT:C97093,DOID:10283
NCIT:C27322,DOID:1909
NCIT:C34847,DOID:9952
NCIT:C5260,DOID:4074
NCIT:C7477,DOID:3250
NCIT:C27542,DOID:1510
NCIT:C34879,DOID:1618
NCIT:C26700,DOID:11504
NCIT:C40355,DOID:2998
NCIT:C6462,DOID:1923
NCIT:C6463,DOID:934
NCIT:C7646,DOID:1682
NCIT:C37204,DOID:1909
NCIT:C6541,DOID:6050
NCIT:C5726,DOID:4483
NCIT:C27445,DOID:1787
NCIT:C6573,DOID:5679
NCIT:C9469,DOID:9119
NCIT:C4946,DOID:8466
NCIT:C6042,DOID:8712
NCIT:C35786,DOID:2468
NCIT:C40232,DOID:225
NCIT:C40233,DOID:9267
NCIT:C40234,DOID:1342
NCIT:C26827,DOID:0060110
NCIT:C39928,DOID:5485
NCIT:C39931,DOID:6170
NCIT:C34833,DOID:2519
NCIT:C34831,DOID:8850
NCIT:C128414,DOID:3393
NCIT:C5299,DOID:535
NCIT:C7779,DOID:936
NCIT:C40114,DOID:11054
NCIT:C5303,DOID:2921
NCIT:C5290,DOID:231
NCIT:C39868,DOID:3211
NCIT:C36087,DOID:10316
NCIT:C36088,DOID:3165
NCIT:C36089,DOID:1659
NCIT:C7125,DOID:3952
NCIT:C6508,DOID:1107
NCIT:C5288,DOID:3013
NCIT:C34918,DOID:1459
NCIT:C6891,DOID:0060058
NCIT:C27369,DOID:5409
NCIT:C34479,DOID:6004
NCIT:C39869,DOID:0050902
NCIT:C7641,DOID:1247
NCIT:C7325,DOID:3908
NCIT:C7944,DOID:7497
NCIT:C4459,DOID:3744
NCIT:C27729,DOID:1350
NCIT:C34998,DOID:2531
NCIT:C40178,DOID:5345
NCIT:C6584,DOID:0080015
NCIT:C6583,DOID:10123
NCIT:C36096,DOID:0060089
NCIT:C5205,DOID:0060103
NCIT:C5199,DOID:10350
NCIT:C6549,DOID:5612
NCIT:C35145,DOID:0050127
NCIT:C40208,DOID:65
NCIT:C40203,DOID:6193
NCIT:C6561,DOID:3211
NCIT:C9468,DOID:5480
NCIT:C40958,DOID:0060090
NCIT:C40212,DOID:1091
NCIT:C39932,DOID:12341
NCIT:C6908,DOID:1625
NCIT:C7814,DOID:8923
NCIT:C8979,DOID:2921
NCIT:C40040,DOID:1115
NCIT:C6539,DOID:1682
NCIT:C39827,DOID:3417
NCIT:C27885,DOID:3963
NCIT:C6163,DOID:6469
NCIT:C5649,DOID:2340
NCIT:C6635,DOID:11702
NCIT:C8970,DOID:3843
NCIT:C5210,DOID:61
NCIT:C5211,DOID:0050902
NCIT:C27377,DOID:582
NCIT:C26729,DOID:5656
NCIT:C40280,DOID:161
NCIT:C6686,DOID:2383
NCIT:C39988,DOID:0050824
NCIT:C39989,DOID:2998
NCIT:C39987,DOID:5550
NCIT:C35781,DOID:305
NCIT:C4558,DOID:9637
NCIT:C35782,DOID:0060044
NCIT:C6888,DOID:75
NCIT:C4332,DOID:77
NCIT:C6764,DOID:4610
NCIT:C5282,DOID:3192
NCIT:C40079,DOID:409
NCIT:C6836,DOID:2053
NCIT:C40175,DOID:8618
NCIT:C40290,DOID:0060115
NCIT:C7534,DOID:2977
NCIT:C7535,DOID:3373
NCIT:C6724,DOID:10974
NCIT:C5141,DOID:2526
NCIT:C40366,DOID:331
NCIT:C9135,DOID:2030
NCIT:C39835,DOID:1659
NCIT:C5473,DOID:9351
NCIT:C27888,DOID:5344
NCIT:C27889,DOID:5528
NCIT:C6997,DOID:2473
NCIT:C5661,DOID:1245
NCIT:C40259,DOID:0080015
NCIT:C5433,DOID:5306
NCIT:C40206,DOID:936
NCIT:C28432,DOID:2870
NCIT:C6206,DOID:2152
NCIT:C7752,DOID:9500
NCIT:C9503,DOID:0050828
NCIT:C8292,DOID:8618
NCIT:C84671,DOID:0060089
NCIT:C27405,DOID:3721
NCIT:C40356,DOID:11030
NCIT:C40214,DOID:2870
NCIT:C34625,DOID:934
NCIT:C35699,DOID:9252
NCIT:C40553,DOID:0080011
NCIT:C3253,DOID:768
NCIT:C34446,DOID:706
NCIT:C35809,DOID:9119
NCIT:C35467,DOID:235
NCIT:C37864,DOID:0050826
NCIT:C35709,DOID:633
NCIT:C34411,DOID:11971
NCIT:C39935,DOID:3502
NCIT:C6471,DOID:76
NCIT:C6472,DOID:883
NCIT:C8399,DOID:540
NCIT:C40959,DOID:956
NCIT:C4335,DOID:3459
NCIT:C6886,DOID:3910
NCIT:C5824,DOID:9119
NCIT:C39923,DOID:3454
NCIT:C39946,DOID:3418
NCIT:C4553,DOID:5409
NCIT:C27300,DOID:2598
NCIT:C36094,DOID:0050567
NCIT:C6565,DOID:0050161
NCIT:C3888,DOID:0060082
NCIT:C27389,DOID:0060094
NCIT:C4161,DOID:3192
NCIT:C6560,DOID:5076
NCIT:C4469,DOID:18
NCIT:C8601,DOID:2825
NCIT:C5140,DOID:3371
NCIT:C27311,DOID:0050427
NCIT:C26863,DOID:77
NCIT:C27331,DOID:4897
NCIT:C9175,DOID:3376
NCIT:C37979,DOID:6067
NCIT:C93045,DOID:4921
NCIT:C98963,DOID:1398
NCIT:C113484,DOID:4437
NCIT:C85221,DOID:0050338
NCIT:C35256,DOID:305
NCIT:C50515,DOID:916
NCIT:C85046,DOID:3316
NCIT:C72069,DOID:2615
NCIT:C85228,DOID:9974
NCIT:C2883,DOID:4706
NCIT:C35193,DOID:4001
NCIT:C92848,DOID:3594
NCIT:C34850,DOID:264
NCIT:C3198,DOID:2815
NCIT:C35194,DOID:599
NCIT:C35625,DOID:4330
NCIT:C99088,DOID:5998
NCIT:C26742,DOID:10154
NCIT:C84389,DOID:0050904
NCIT:C26706,DOID:65
NCIT:C7190,DOID:1115
NCIT:C26781,DOID:9835
NCIT:C27824,DOID:2978
NCIT:C27204,DOID:5844
NCIT:C3366,DOID:3017
NCIT:C6913,DOID:3275
NCIT:C3037,DOID:5193
NCIT:C7398,DOID:5679
NCIT:C155871,DOID:8761
NCIT:C4322,DOID:3407
NCIT:C96835,DOID:5514
NCIT:C5323,DOID:4251
NCIT:C87069,DOID:7
NCIT:C7982,DOID:225
NCIT:C8287,DOID:3711
NCIT:C40370,DOID:0050687
NCIT:C39990,DOID:0060061
NCIT:C40395,DOID:9310
NCIT:C27846,DOID:3565
NCIT:C85028,DOID:8466
NCIT:C8300,DOID:0001816
NCIT:C35574,DOID:12365
NCIT:C35556,DOID:3706
NCIT:C36098,DOID:1324
NCIT:C5516,DOID:1067
NCIT:C85026,DOID:4901
NCIT:C27081,DOID:225
NCIT:C4048,DOID:10854
NCIT:C118422,DOID:7608
NCIT:C4265,DOID:17
NCIT:C5728,DOID:201
NCIT:C3500,DOID:4151
NCIT:C27942,DOID:0050836
NCIT:C3099,DOID:684
NCIT:C36086,DOID:7614
NCIT:C39879,DOID:2621
NCIT:C8498,DOID:3165
NCIT:C36099,DOID:365
NCIT:C40267,DOID:5612
NCIT:C5309,DOID:1909
NCIT:C6753,DOID:870
NCIT:C6754,DOID:4450
NCIT:C6755,DOID:6204
NCIT:C27849,DOID:201
NCIT:C4960,DOID:3165
NCIT:C3728,DOID:936
NCIT:C5155,DOID:3713
NCIT:C3374,DOID:5876
NCIT:C3264,DOID:12798
NCIT:C9357,DOID:3458
NCIT:C34726,DOID:6193
NCIT:C3529,DOID:707
NCIT:C2912,DOID:2862
NCIT:C98842,DOID:3382
NCIT:C34356,DOID:2462
NCIT:C34774,DOID:0080599
NCIT:C94575,DOID:6167
NCIT:C9317,DOID:4166
NCIT:C128402,DOID:5679
NCIT:C3316,DOID:1235
NCIT:C96406,DOID:865
NCIT:C9283,DOID:0050338
NCIT:C26835,DOID:6161
NCIT:C35177,DOID:231
NCIT:C38003,DOID:769
NCIT:C94409,DOID:1510
NCIT:C26912,DOID:5614
NCIT:C3517,DOID:13580
NCIT:C97132,DOID:0060032
NCIT:C9323,DOID:10575
NCIT:C89332,DOID:4680
NCIT:C26977,DOID:4362
NCIT:C3981,DOID:12449
NCIT:C35815,DOID:0080368
NCIT:C34387,DOID:37
NCIT:C2944,DOID:3069
NCIT:C3246,DOID:26
NCIT:C3172,DOID:65
NCIT:C4731,DOID:4521
NCIT:C9320,DOID:3382
NCIT:C14364,DOID:0060158
NCIT:C50706,DOID:5344
NCIT:C2917,DOID:1967
NCIT:C3574,DOID:0060112
NCIT:C3151,DOID:2529
NCIT:C111888,DOID:0080829
NCIT:C84695,DOID:10316
NCIT:C67277,DOID:3255
NCIT:C128382,DOID:5350
NCIT:C3170,DOID:4483
NCIT:C85051,DOID:2789
NCIT:C66911,DOID:0111198
NCIT:C84751,DOID:736
NCIT:C3518,DOID:3371
NCIT:C3527,DOID:3458
NCIT:C27153,DOID:12176
NCIT:C34961,DOID:10132
NCIT:C3148,DOID:11372
NCIT:C155872,DOID:1227
NCIT:C128388,DOID:4471
NCIT:C97136,DOID:5468
NCIT:C110923,DOID:934
NCIT:C26855,DOID:3119
NCIT:C3346,DOID:3463
NCIT:C7636,DOID:655
NCIT:C26745,DOID:11130
NCIT:C3663,DOID:626
NCIT:C3446,DOID:10952
NCIT:C89334,DOID:1967
NCIT:C7405,DOID:3069
NCIT:C84756,DOID:3342
NCIT:C61284,DOID:0080810
NCIT:C4680,DOID:0060123
NCIT:C34538,DOID:1927
NCIT:C36078,DOID:5393
NCIT:C85171,DOID:6114
NCIT:C84489,DOID:5238
NCIT:C2943,DOID:0060091
NCIT:C3336,DOID:3275
NCIT:C27156,DOID:18
NCIT:C85173,DOID:2789
NCIT:C3953,DOID:0080630
NCIT:C3662,DOID:8527
NCIT:C3976,DOID:3382
NCIT:C85005,DOID:3447
NCIT:C112833,DOID:1475
NCIT:C34767,DOID:4989
NCIT:C5752,DOID:10021
NCIT:C8196,DOID:734
NCIT:C157575,DOID:3675
NCIT:C3312,DOID:5384
NCIT:C34591,DOID:8432
NCIT:C5574,DOID:3193
NCIT:C3065,DOID:1240
NCIT:C3171,DOID:4439
NCIT:C2868,DOID:9974
NCIT:C3528,DOID:3640
NCIT:C34365,DOID:3850
NCIT:C84699,DOID:3418
NCIT:C5753,DOID:5875
NCIT:C5858,DOID:680
NCIT:C84551,DOID:264
NCIT:C5041,DOID:0050117
NCIT:C3189,DOID:1432
NCIT:C2891,DOID:2914
NCIT:C85014,DOID:1040
NCIT:C116046,DOID:5844
NCIT:C3531,DOID:0080639
NCIT:C34593,DOID:479
NCIT:C35139,DOID:0060159
NCIT:C97090,DOID:3850
NCIT:C3868,DOID:1036
NCIT:C84765,DOID:736
NCIT:C84785,DOID:403
NCIT:C84937,DOID:0080630
NCIT:C34806,DOID:2916
NCIT:C84546,DOID:3275
NCIT:C84957,DOID:2025
NCIT:C84639,DOID:3314
NCIT:C123433,DOID:4932
NCIT:C84568,DOID:1612
NCIT:C84770,DOID:2797
NCIT:C81315,DOID:574
NCIT:C3285,DOID:1752
NCIT:C26818,DOID:0080488
NCIT:C97155,DOID:219
NCIT:C5359,DOID:1159
NCIT:C34973,DOID:9446
NCIT:C34472,DOID:2513
NCIT:C34790,DOID:0080617
NCIT:C39861,DOID:0050338
NCIT:C125662,DOID:1510
NCIT:C2985,DOID:3382
NCIT:C26747,DOID:3192
NCIT:C122577,DOID:3342
NCIT:C34744,DOID:7234
NCIT:C78643,DOID:5758
NCIT:C26735,DOID:75
NCIT:C26688,DOID:5690
NCIT:C116007,DOID:936
NCIT:C62591,DOID:9119
NCIT:C35204,DOID:1237
NCIT:C43263,DOID:3742
NCIT:C110940,DOID:12531
NCIT:C112183,DOID:1967
NCIT:C3503,DOID:13580
NCIT:C84791,DOID:12205
NCIT:C35335,DOID:3069
NCIT:C40215,DOID:4062
NCIT:C26718,DOID:3451
NCIT:C3556,DOID:397
NCIT:C3299,DOID:3284
NCIT:C26828,DOID:1909
NCIT:C35300,DOID:127
NCIT:C50713,DOID:263
NCIT:C92852,DOID:3856
NCIT:C12264,DOID:626
NCIT:C26971,DOID:349
NCIT:C34471,DOID:3459
NCIT:C34597,DOID:10139
NCIT:C3180,DOID:3078
NCIT:C35056,DOID:3478
NCIT:C128418,DOID:0090070
NCIT:C35254,DOID:13548
NCIT:C7150,DOID:5102
NCIT:C26690,DOID:1852
NCIT:C41430,DOID:2786
NCIT:C35723,DOID:26
NCIT:C84638,DOID:0060090
NCIT:C84475,DOID:263
NCIT:C84669,DOID:2452
NCIT:C116810,DOID:2775
NCIT:C35121,DOID:0080703
NCIT:C26760,DOID:9423
NCIT:C3153,DOID:368
NCIT:C50559,DOID:0060038
NCIT:C4728,DOID:4691
NCIT:C35037,DOID:0080074
NCIT:C6483,DOID:6658
NCIT:C84916,DOID:0060443
NCIT:C4729,DOID:6050
NCIT:C3272,DOID:9252
NCIT:C84467,DOID:3274
NCIT:C122991,DOID:127
NCIT:C26887,DOID:2568
NCIT:C84581,DOID:4676
NCIT:C3282,DOID:5295
NCIT:C62546,DOID:2815
NCIT:C112857,DOID:8567
NCIT:C35012,DOID:12842
NCIT:C34852,DOID:9252
NCIT:C35039,DOID:2537
NCIT:C50607,DOID:77
NCIT:C35547,DOID:5381
NCIT:C116815,DOID:934
NCIT:C97141,DOID:2133
NCIT:C78308,DOID:3610
NCIT:C50807,DOID:3252
NCIT:C26748,DOID:4781
NCIT:C35592,DOID:0050338
NCIT:C35792,DOID:1245
NCIT:C82343,DOID:3223
NCIT:C85199,DOID:483
NCIT:C26985,DOID:229
NCIT:C35119,DOID:3314
NCIT:C26847,DOID:2155
NCIT:C34469,DOID:3463
NCIT:C87145,DOID:6477
NCIT:C34716,DOID:1518
NCIT:C34596,DOID:10124
NCIT:C42086,DOID:6903
NCIT:C185243,DOID:2598
NCIT:C35086,DOID:76
NCIT:C84720,DOID:1002
NCIT:C50575,DOID:471
NCIT:C84723,DOID:3565
NCIT:C50655,DOID:5344
NCIT:C84910,DOID:4194
NCIT:C26717,DOID:0080164
NCIT:C82859,DOID:3458
NCIT:C92561,DOID:1618
NCIT:C85225,DOID:1931
NCIT:C34521,DOID:1510
NCIT:C98968,DOID:2101
NCIT:C35346,DOID:591
NCIT:C98894,DOID:3418
NCIT:C3418,DOID:4
NCIT:C26963,DOID:2789
NCIT:C159658,DOID:1826
NCIT:C35458,DOID:2723
NCIT:C34492,DOID:3907
NCIT:C34694,DOID:1107
NCIT:C34657,DOID:6517
NCIT:C3126,DOID:9471
NCIT:C171602,DOID:11885
