NCIT:C3235,DOID:0111076
NCIT:C114354,DOID:0060024
NCIT:C128411,DOID:7505
NCIT:C35716,DOID:398
NCIT:C62586,DOID:3319
NCIT:C35288,DOID:0111301
NCIT:C84501,DOID:3216
NCIT:C84571,DOID:7266
NCIT:C97159,DOID:0080689
NCIT:C84789,DOID:5077
NCIT:C84760,DOID:1991
NCIT:C103921,DOID:0060041
NCIT:C84604,DOID:12395
NCIT:C168988,DOID:11507
NCIT:C113750,DOID:6854
NCIT:C35528,DOID:48
NCIT:C61273,DOID:0050916
NCIT:C84905,DOID:0111325
NCIT:C111884,DOID:0081287
NCIT:C4099,DOID:0081321
NCIT:C54203,DOID:8611
NCIT:C80280,DOID:0070411
NCIT:C3453,DOID:0080692
NCIT:C170437,DOID:13702
NCIT:C26703,DOID:0060285
NCIT:C26884,DOID:2600
NCIT:C116337,DOID:7602
NCIT:C3771,DOID:10377
NCIT:C3211,DOID:0110010
NCIT:C5398,DOID:0050640
NCIT:C180557,DOID:12284
NCIT:C85076,DOID:11400
NCIT:C26723,DOID:0110326
NCIT:C38504,DOID:0111340
NCIT:C27021,DOID:3927
NCIT:C27147,DOID:0110404
NCIT:C128347,DOID:4853
NCIT:C84782,DOID:5358
NCIT:C37262,DOID:7590
NCIT:C70646,DOID:10873
NCIT:C50466,DOID:9643
NCIT:C98873,DOID:0110199
NCIT:C35043,DOID:0111007
NCIT:C131133,DOID:2038
NCIT:C118435,DOID:6903
NCIT:C27298,DOID:1003
NCIT:C34631,DOID:0050221
NCIT:C161554,DOID:0110920
NCIT:C61233,DOID:0110838
NCIT:C173131,DOID:12711
NCIT:C112198,DOID:10142
NCIT:C3182,DOID:0112274
NCIT:C98997,DOID:13149
NCIT:C34945,DOID:0050864
NCIT:C3477,DOID:0080368
NCIT:C131420,DOID:819
NCIT:C130985,DOID:4422
NCIT:C121563,DOID:14497
NCIT:C124056,DOID:0050387
NCIT:C45716,DOID:0080296
NCIT:C66950,DOID:727
NCIT:C53554,DOID:12637
NCIT:C131685,DOID:5874
NCIT:C3519,DOID:9111
NCIT:C148261,DOID:0080938
NCIT:C126560,DOID:552
NCIT:C98813,DOID:0080761
NCIT:C34910,DOID:5769
NCIT:C34555,DOID:10927
NCIT:C130983,DOID:9043
NCIT:C48829,DOID:0090078
NCIT:C84453,DOID:5137
NCIT:C84402,DOID:0112182
NCIT:C34418,DOID:0090003
NCIT:C120902,DOID:1260
NCIT:C99053,DOID:0080367
NCIT:C48613,DOID:13763
NCIT:C168999,DOID:2146
NCIT:C34733,DOID:0110164
NCIT:C84275,DOID:0050914
NCIT:C84276,DOID:0050907
NCIT:C84277,DOID:0081343
NCIT:C3178,DOID:0060693
NCIT:C8863,DOID:4828
NCIT:C135017,DOID:627
NCIT:C7153,DOID:0050528
NCIT:C26731,DOID:0080237
NCIT:C2890,DOID:0112225
NCIT:C26908,DOID:0111180
NCIT:C26886,DOID:9061
NCIT:C26912,DOID:0080071
NCIT:C2886,DOID:0060890
NCIT:C3333,DOID:0112142
NCIT:C26745,DOID:2779
NCIT:C34656,DOID:0070433
NCIT:C34536,DOID:0050323
NCIT:C34528,DOID:5511
NCIT:C26843,DOID:13351
NCIT:C3245,DOID:8515
NCIT:C34569,DOID:0110329
NCIT:C84599,DOID:0060112
NCIT:C84638,DOID:12342
NCIT:C128334,DOID:13198
NCIT:C26835,DOID:10659
NCIT:C26869,DOID:2058
NCIT:C84565,DOID:0060048
NCIT:C26771,DOID:341
NCIT:C3101,DOID:11597
NCIT:C3114,DOID:3843
NCIT:C38759,DOID:0080557
NCIT:C3196,DOID:6496
NCIT:C34953,DOID:7598
NCIT:C2934,DOID:0111733
NCIT:C26767,DOID:0081093
NCIT:C26801,DOID:5128
NCIT:C97110,DOID:0110273
NCIT:C3149,DOID:4076
NCIT:C26910,DOID:4299
NCIT:C27631,DOID:0110410
NCIT:C40241,DOID:0060704
NCIT:C26903,DOID:4258
NCIT:C27641,DOID:0050677
NCIT:C87145,DOID:9512
NCIT:C26875,DOID:436
NCIT:C97095,DOID:0112047
NCIT:C84586,DOID:560
NCIT:C4691,DOID:13964
NCIT:C28193,DOID:10428
NCIT:C117254,DOID:4249
NCIT:C85005,DOID:2072
NCIT:C26878,DOID:13095
NCIT:C84392,DOID:841
NCIT:C35111,DOID:8600
NCIT:C94834,DOID:14530
NCIT:C97090,DOID:2001
NCIT:C26690,DOID:2433
NCIT:C4731,DOID:13328
NCIT:C36078,DOID:13912
NCIT:C26757,DOID:4285
NCIT:C34560,DOID:2632
NCIT:C123330,DOID:2043
NCIT:C3207,DOID:0080589
NCIT:C128414,DOID:0050661
NCIT:C34723,DOID:13574
NCIT:C26782,DOID:0080554
NCIT:C34747,DOID:9905
NCIT:C96716,DOID:0110513
NCIT:C9305,DOID:10978
NCIT:C2900,DOID:3633
NCIT:C50575,DOID:14449
NCIT:C2868,DOID:18
NCIT:C34376,DOID:0112104
NCIT:C26729,DOID:0050201
NCIT:C84482,DOID:10938
NCIT:C34563,DOID:0112097
NCIT:C34460,DOID:8918
NCIT:C84528,DOID:0110865
NCIT:C35625,DOID:6559
NCIT:C3020,DOID:12298
NCIT:C35458,DOID:0081314
NCIT:C101216,DOID:0080283
NCIT:C27090,DOID:12735
NCIT:C34737,DOID:4238
NCIT:C124575,DOID:13656
NCIT:C85874,DOID:0080243
NCIT:C84699,DOID:0050061
NCIT:C45525,DOID:6259
NCIT:C2931,DOID:0050329
NCIT:C26784,DOID:3927
NCIT:C34738,DOID:0080661
NCIT:C127822,DOID:11815
NCIT:C26738,DOID:0070447
NCIT:C26907,DOID:8398
NCIT:C140267,DOID:10176
NCIT:C53459,DOID:0050642
NCIT:C5573,DOID:9545
NCIT:C27605,DOID:2580
NCIT:C3350,DOID:0080384
NCIT:C3772,DOID:0111912
NCIT:C5437,DOID:0060534
NCIT:C92203,DOID:3488
NCIT:C3009,DOID:10616
NCIT:C3472,DOID:0090076
NCIT:C3990,DOID:13585
NCIT:C26931,DOID:0050210
NCIT:C107377,DOID:8368
NCIT:C2893,DOID:0110894
NCIT:C89334,DOID:6980
NCIT:C35284,DOID:4893
NCIT:C172304,DOID:18
NCIT:C26709,DOID:0111534
NCIT:C4874,DOID:0040030
NCIT:C84542,DOID:2948
NCIT:C34956,DOID:0080135
NCIT:C3021,DOID:2180
NCIT:C117005,DOID:0080453
NCIT:C94409,DOID:3526
NCIT:C85053,DOID:14521
NCIT:C34458,DOID:0080085
NCIT:C87125,DOID:8338
NCIT:C34712,DOID:13232
NCIT:C34677,DOID:0111148
NCIT:C79545,DOID:0110311
NCIT:C35079,DOID:9252
NCIT:C35346,DOID:0050681
NCIT:C27065,DOID:0111207
NCIT:C3298,DOID:11949
NCIT:C131634,DOID:2718
NCIT:C2944,DOID:0110036
NCIT:C26955,DOID:0050967
NCIT:C172313,DOID:0070029
NCIT:C78787,DOID:6750
NCIT:C84492,DOID:2585
NCIT:C68677,DOID:0080725
NCIT:C39725,DOID:0060261
NCIT:C4967,DOID:2430
NCIT:C34385,DOID:7423
NCIT:C173793,DOID:0060757
NCIT:C84691,DOID:13315
NCIT:C26859,DOID:8331
NCIT:C84655,DOID:0110272
NCIT:C90598,DOID:0090028
NCIT:C84692,DOID:0080848
NCIT:C177244,DOID:8381
NCIT:C85034,DOID:0110236
NCIT:C62591,DOID:0111265
NCIT:C41236,DOID:11695
NCIT:C26845,DOID:2843
NCIT:C26834,DOID:7335
NCIT:C3362,DOID:9500
NCIT:C84675,DOID:8806
NCIT:C4375,DOID:3855
NCIT:C84400,DOID:2361
NCIT:C84685,DOID:0110474
NCIT:C34820,DOID:14063
NCIT:C84639,DOID:0110970
NCIT:C161542,DOID:2595
NCIT:C2892,DOID:11725
NCIT:C34450,DOID:0060045
NCIT:C99027,DOID:0080909
NCIT:C101328,DOID:13767
NCIT:C26805,DOID:13941
NCIT:C115993,DOID:0110964
NCIT:C26711,DOID:1221
NCIT:C3672,DOID:0050265
NCIT:C4131,DOID:8916
NCIT:C2923,DOID:8009
NCIT:C3483,DOID:0060030
NCIT:C40435,DOID:3730
NCIT:C131850,DOID:9939
NCIT:C85045,DOID:0050746
NCIT:C97093,DOID:5662
NCIT:C34449,DOID:11575
NCIT:C2866,DOID:0060272
NCIT:C3794,DOID:7479
NCIT:C3346,DOID:0060166
NCIT:C120197,DOID:12514
NCIT:C26323,DOID:13160
NCIT:C84475,DOID:0080277
NCIT:C27579,DOID:3071
NCIT:C171133,DOID:5635
NCIT:C80331,DOID:3143
NCIT:C80335,DOID:0050717
NCIT:C80338,DOID:0050502
NCIT:C130039,DOID:0111744
NCIT:C123245,DOID:0110840
NCIT:C120199,DOID:997
NCIT:C53555,DOID:5805
NCIT:C129309,DOID:7527
NCIT:C129440,DOID:0080515
NCIT:C129441,DOID:0111111
NCIT:C129442,DOID:4589
NCIT:C129443,DOID:0111842
NCIT:C129444,DOID:4238
NCIT:C129445,DOID:5777
NCIT:C129446,DOID:0111363
NCIT:C129699,DOID:0111765
NCIT:C120191,DOID:0080826
NCIT:C7224,DOID:0090069
NCIT:C3164,DOID:6128
NCIT:C122688,DOID:0111457
NCIT:C6971,DOID:10773
NCIT:C185167,DOID:0111859
NCIT:C39750,DOID:0111401
NCIT:C129321,DOID:0080158
NCIT:C129351,DOID:13938
NCIT:C4915,DOID:702
NCIT:C7152,DOID:0110042
NCIT:C116936,DOID:0111748
NCIT:C129785,DOID:0111725
NCIT:C36080,DOID:2570
NCIT:C125904,DOID:0060835
NCIT:C4153,DOID:13527
NCIT:C82212,DOID:0081283
NCIT:C148395,DOID:0060392
NCIT:C148398,DOID:0110791
NCIT:C148394,DOID:0110434
NCIT:C148396,DOID:201
NCIT:C7203,DOID:0050506
NCIT:C82423,DOID:9599
NCIT:C7463,DOID:0050541
NCIT:C82426,DOID:0110325
NCIT:C8460,DOID:0111980
NCIT:C3249,DOID:0050931
NCIT:C3250,DOID:4194
NCIT:C82431,DOID:0080142
NCIT:C129782,DOID:5741
NCIT:C129786,DOID:7819
NCIT:C7600,DOID:0060550
NCIT:C9288,DOID:9411
NCIT:C174129,DOID:0110148
NCIT:C82433,DOID:900
NCIT:C82427,DOID:0110936
NCIT:C4289,DOID:0081187
NCIT:C165671,DOID:0080778
NCIT:C120224,DOID:4887
NCIT:C92552,DOID:8446
NCIT:C185196,DOID:3428
NCIT:C94524,DOID:13431
NCIT:C92554,DOID:6590
NCIT:C129431,DOID:6992
NCIT:C179229,DOID:0060583
NCIT:C186534,DOID:14175
NCIT:C129424,DOID:0110062
NCIT:C185879,DOID:2271
NCIT:C7931,DOID:1920
NCIT:C4342,DOID:1254
NCIT:C186556,DOID:0050519
NCIT:C186610,DOID:0111689
NCIT:C84733,DOID:0110753
NCIT:C155996,DOID:0111884
NCIT:C142085,DOID:0090118
NCIT:C126328,DOID:6571
NCIT:C126329,DOID:10652
NCIT:C75008,DOID:11130
NCIT:C85213,DOID:8687
NCIT:C125484,DOID:3773
NCIT:C27855,DOID:7747
NCIT:C3056,DOID:0090068
NCIT:C132826,DOID:5031
NCIT:C3274,DOID:0060199
NCIT:C3391,DOID:0112107
NCIT:C123212,DOID:0080064
NCIT:C123213,DOID:0050827
NCIT:C123214,DOID:0081127
NCIT:C120409,DOID:5752
NCIT:C124520,DOID:0060640
NCIT:C98989,DOID:117
NCIT:C101253,DOID:6202
NCIT:C84479,DOID:0110280
NCIT:C26760,DOID:0081089
NCIT:C27778,DOID:6105
NCIT:C26832,DOID:1911
NCIT:C112112,DOID:3456
NCIT:C34831,DOID:0081068
NCIT:C34375,DOID:0070307
NCIT:C27226,DOID:0050573
NCIT:C28397,DOID:9351
NCIT:C34863,DOID:1738
NCIT:C2983,DOID:0112223
NCIT:C116757,DOID:6077
NCIT:C113352,DOID:0060076
NCIT:C4094,DOID:0070106
NCIT:C4324,DOID:11943
NCIT:C35823,DOID:12169
NCIT:C80427,DOID:0112102
NCIT:C112175,DOID:0090017
NCIT:C95437,DOID:0110274
NCIT:C43263,DOID:7736
NCIT:C84919,DOID:11230
NCIT:C9300,DOID:10931
NCIT:C85041,DOID:9455
NCIT:C84673,DOID:680
NCIT:C3403,DOID:13014
NCIT:C3746,DOID:12551
NCIT:C85039,DOID:6245
NCIT:C182453,DOID:3583
NCIT:C2937,DOID:0110660
NCIT:C62569,DOID:280
NCIT:C3292,DOID:1024
NCIT:C72069,DOID:8083
NCIT:C27301,DOID:1758
NCIT:C34704,DOID:12697
NCIT:C35194,DOID:2883
NCIT:C34368,DOID:1770
NCIT:C84473,DOID:0111042
NCIT:C37864,DOID:6301
NCIT:C84828,DOID:0070450
NCIT:C61257,DOID:0090064
NCIT:C26840,DOID:4809
NCIT:C82892,DOID:10780
NCIT:C2951,DOID:0080367
NCIT:C2902,DOID:0080546
NCIT:C79597,DOID:0060777
NCIT:C37308,DOID:11352
NCIT:C26812,DOID:9965
NCIT:C34515,DOID:6476
NCIT:C84704,DOID:0060609
NCIT:C5041,DOID:1064
NCIT:C84796,DOID:0110927
NCIT:C26739,DOID:13350
NCIT:C62798,DOID:0050102
NCIT:C7636,DOID:0080281
NCIT:C179710,DOID:2582
NCIT:C79698,DOID:949
NCIT:C34381,DOID:5845
NCIT:C26768,DOID:0070351
NCIT:C123158,DOID:0080696
NCIT:C61420,DOID:0060267
NCIT:C120198,DOID:5430
NCIT:C110940,DOID:410
NCIT:C99026,DOID:5397
NCIT:C7461,DOID:0060544
NCIT:C113217,DOID:4556
NCIT:C35057,DOID:12022
NCIT:C34571,DOID:9287
NCIT:C4227,DOID:0050656
NCIT:C4225,DOID:1568
NCIT:C3504,DOID:6384
NCIT:C4426,DOID:12054
NCIT:C34734,DOID:0060211
NCIT:C84541,DOID:0110270
NCIT:C26806,DOID:0112164
NCIT:C35113,DOID:7642
NCIT:C3130,DOID:0050895
NCIT:C3307,DOID:6195
NCIT:C4254,DOID:2685
NCIT:C3703,DOID:539
NCIT:C27530,DOID:0110707
NCIT:C6503,DOID:0060084
NCIT:C94352,DOID:2140
NCIT:C84709,DOID:9868
NCIT:C114281,DOID:0080681
NCIT:C26882,DOID:0060172
NCIT:C27559,DOID:7235
NCIT:C84573,DOID:8519
NCIT:C34410,DOID:11349
NCIT:C84605,DOID:12965
NCIT:C34389,DOID:5832
NCIT:C3369,DOID:0111593
NCIT:C34390,DOID:0111443
NCIT:C27026,DOID:0050840
NCIT:C35397,DOID:0050877
NCIT:C35315,DOID:0060834
NCIT:C3378,DOID:566
NCIT:C3660,DOID:11812
NCIT:C3039,DOID:0112358
NCIT:C128374,DOID:0112082
NCIT:C41353,DOID:0070348
NCIT:C118764,DOID:9093
NCIT:C34354,DOID:6991
NCIT:C50593,DOID:0110096
NCIT:C116006,DOID:4047
NCIT:C128339,DOID:11243
NCIT:C98912,DOID:0040083
NCIT:C34700,DOID:929
NCIT:C3653,DOID:0081275
NCIT:C27131,DOID:5430
NCIT:C188051,DOID:0080580
NCIT:C34813,DOID:0111659
NCIT:C41354,DOID:10194
NCIT:C41352,DOID:0110843
NCIT:C26838,DOID:2113
NCIT:C85043,DOID:0060452
NCIT:C85021,DOID:4734
NCIT:C84748,DOID:8467
NCIT:C116768,DOID:7061
NCIT:C34646,DOID:0111488
NCIT:C99059,DOID:5760
NCIT:C34431,DOID:0060308
NCIT:C45428,DOID:13328
NCIT:C26714,DOID:3911
NCIT:C27056,DOID:11871
NCIT:C34641,DOID:14702
NCIT:C3515,DOID:8208
NCIT:C3125,DOID:130
NCIT:C53662,DOID:0081241
NCIT:C3661,DOID:3952
NCIT:C35394,DOID:0080476
NCIT:C4376,DOID:0111587
NCIT:C34885,DOID:6517
NCIT:C123216,DOID:0090104
NCIT:C3119,DOID:0080009
NCIT:C26830,DOID:2565
NCIT:C34817,DOID:9919
NCIT:C34626,DOID:6225
NCIT:C35031,DOID:2497
NCIT:C94358,DOID:6174
NCIT:C3118,DOID:9165
NCIT:C3478,DOID:0111150
NCIT:C94360,DOID:0050072
NCIT:C94356,DOID:5083
NCIT:C101362,DOID:0081030
NCIT:C3655,DOID:4305
NCIT:C27593,DOID:0111612
NCIT:C128439,DOID:0111115
NCIT:C3111,DOID:12136
NCIT:C3656,DOID:844
NCIT:C2867,DOID:13021
NCIT:C35764,DOID:6178
NCIT:C92633,DOID:0111441
NCIT:C92637,DOID:0070006
NCIT:C92638,DOID:13157
NCIT:C88411,DOID:984
NCIT:C94330,DOID:10615
NCIT:C92197,DOID:0060073
NCIT:C92631,DOID:0080340
NCIT:C92630,DOID:4496
NCIT:C88413,DOID:9816
NCIT:C26833,DOID:14039
NCIT:C34781,DOID:14064
NCIT:C34844,DOID:0110671
NCIT:C171201,DOID:4313
NCIT:C40120,DOID:13202
NCIT:C34645,DOID:410
NCIT:C101304,DOID:0050444
NCIT:C84535,DOID:0060646
NCIT:C129468,DOID:0060112
NCIT:C26970,DOID:0111976
NCIT:C94328,DOID:0111153
NCIT:C94331,DOID:0060333
NCIT:C26858,DOID:872
NCIT:C84602,DOID:10699
NCIT:C34970,DOID:7320
NCIT:C26796,DOID:4895
NCIT:C52595,DOID:0060450
NCIT:C34963,DOID:12466
NCIT:C3657,DOID:13133
NCIT:C34443,DOID:11206
NCIT:C34718,DOID:8078
NCIT:C27043,DOID:1229
NCIT:C118765,DOID:6733
NCIT:C5028,DOID:6730
NCIT:C34962,DOID:0110271
NCIT:C35196,DOID:11379
NCIT:C26844,DOID:7136
NCIT:C48280,DOID:0110739
NCIT:C50648,DOID:0040043
NCIT:C35704,DOID:0050654
NCIT:C99000,DOID:169
NCIT:C27069,DOID:6122
NCIT:C97167,DOID:0111084
NCIT:C111856,DOID:0110972
NCIT:C2992,DOID:0081034
NCIT:C99108,DOID:10925
NCIT:C34927,DOID:0070277
NCIT:C28182,DOID:9281
NCIT:C34873,DOID:0060835
NCIT:C26853,DOID:0111380
NCIT:C2882,DOID:0060110
NCIT:C27117,DOID:6257
NCIT:C62018,DOID:5339
NCIT:C94376,DOID:10311
NCIT:C84544,DOID:7233
NCIT:C34995,DOID:10150
NCIT:C85185,DOID:8362
NCIT:C82068,DOID:0110134
NCIT:C79717,DOID:2186
NCIT:C160155,DOID:5287
NCIT:C34772,DOID:0060221
NCIT:C34810,DOID:0080594
NCIT:C12326,DOID:7928
NCIT:C92562,DOID:14761
NCIT:C3353,DOID:7142
NCIT:C26868,DOID:0080683
NCIT:C123038,DOID:0050926
NCIT:C179646,DOID:5774
NCIT:C34601,DOID:0110834
NCIT:C85035,DOID:3604
NCIT:C87110,DOID:8133
NCIT:C111644,DOID:0111973
NCIT:C28155,DOID:0111155
NCIT:C50481,DOID:0080131
NCIT:C27033,DOID:10312
NCIT:C92567,DOID:0110363
NCIT:C157879,DOID:9462
NCIT:C3514,DOID:0110013
NCIT:C82994,DOID:0060561
NCIT:C12333,DOID:2239
NCIT:C117312,DOID:0110036
NCIT:C34834,DOID:14115
NCIT:C90599,DOID:0112211
NCIT:C101223,DOID:3278
NCIT:C27548,DOID:6788
NCIT:C35645,DOID:1213
NCIT:C34537,DOID:0111884
NCIT:C35610,DOID:3703
NCIT:C34942,DOID:0050096
NCIT:C122685,DOID:0080792
NCIT:C34711,DOID:0080645
NCIT:C45161,DOID:11271
NCIT:C34380,DOID:7801
NCIT:C26975,DOID:11206
NCIT:C3319,DOID:12396
NCIT:C34952,DOID:1883
NCIT:C12337,DOID:14262
NCIT:C12332,DOID:0111801
NCIT:C113400,DOID:13446
NCIT:C27896,DOID:0080682
NCIT:C157149,DOID:4843
NCIT:C102533,DOID:2996
NCIT:C118707,DOID:0060515
NCIT:C3980,DOID:11875
NCIT:C84641,DOID:0111899
NCIT:C7638,DOID:235
NCIT:C34535,DOID:2412
NCIT:C26802,DOID:9734
NCIT:C27025,DOID:6713
NCIT:C9224,DOID:0060868
NCIT:C34858,DOID:0090102
NCIT:C123259,DOID:5334
NCIT:C26885,DOID:3132
NCIT:C120909,DOID:60008
NCIT:C5572,DOID:0111792
NCIT:C34510,DOID:0080111
NCIT:C101270,DOID:13656
NCIT:C2967,DOID:3009
NCIT:C84950,DOID:0050051
NCIT:C92566,DOID:0110677
NCIT:C34562,DOID:11563
NCIT:C79696,DOID:5773
NCIT:C37913,DOID:2885
NCIT:C118299,DOID:456
NCIT:C34919,DOID:0110664
NCIT:C34683,DOID:14766
NCIT:C92839,DOID:6017
NCIT:C84826,DOID:9512
NCIT:C98877,DOID:3683
NCIT:C84563,DOID:0050383
NCIT:C34544,DOID:3572
NCIT:C34682,DOID:0111000
NCIT:C35006,DOID:3978
NCIT:C84787,DOID:0080411
NCIT:C26915,DOID:0050492
NCIT:C34741,DOID:0060686
NCIT:C3433,DOID:0111700
NCIT:C94359,DOID:0060401
NCIT:C94353,DOID:0080484
NCIT:C34797,DOID:7191
NCIT:C26710,DOID:0110892
NCIT:C118847,DOID:0110555
NCIT:C84583,DOID:0080132
NCIT:C94335,DOID:0040065
NCIT:C94333,DOID:12123
NCIT:C94332,DOID:8913
NCIT:C94334,DOID:0081093
NCIT:C2870,DOID:0111949
NCIT:C34889,DOID:1970
NCIT:C113335,DOID:12582
NCIT:C27591,DOID:3998
NCIT:C50732,DOID:0110387
NCIT:C34409,DOID:9011
NCIT:C85183,DOID:1440
NCIT:C75545,DOID:8623
NCIT:C34749,DOID:13601
NCIT:C79804,DOID:13374
NCIT:C98952,DOID:8598
NCIT:C34966,DOID:10762
NCIT:C98945,DOID:0070359
NCIT:C34891,DOID:0060561
NCIT:C34428,DOID:11030
NCIT:C34422,DOID:0080902
NCIT:C129934,DOID:14705
NCIT:C92563,DOID:0111500
NCIT:C3073,DOID:9070
NCIT:C3157,DOID:2030
NCIT:C28194,DOID:0110269
NCIT:C34459,DOID:0080726
NCIT:C3354,DOID:0110662
NCIT:C34903,DOID:4615
NCIT:C35110,DOID:0112121
NCIT:C117004,DOID:5046
NCIT:C84903,DOID:6208
NCIT:C50721,DOID:2584
NCIT:C112836,DOID:60001
NCIT:C97161,DOID:12797
NCIT:C9493,DOID:5616
NCIT:C34819,DOID:0080500
NCIT:C27649,DOID:11242
NCIT:C35070,DOID:0080135
NCIT:C98922,DOID:8490
NCIT:C34585,DOID:3020
NCIT:C53653,DOID:0060209
NCIT:C34800,DOID:3612
NCIT:C4062,DOID:13397
NCIT:C89329,DOID:9414
NCIT:C95804,DOID:0050606
NCIT:C35044,DOID:0111842
NCIT:C34590,DOID:0110798
NCIT:C34982,DOID:0110174
NCIT:C85198,DOID:0080458
NCIT:C26705,DOID:7398
NCIT:C128426,DOID:6731
NCIT:C85006,DOID:13970
NCIT:C114827,DOID:640
NCIT:C34746,DOID:12365
NCIT:C85505,DOID:0060244
NCIT:C99013,DOID:0080115
NCIT:C34436,DOID:0080170
NCIT:C34456,DOID:894
NCIT:C79702,DOID:0110745
NCIT:C98670,DOID:7455
NCIT:C128143,DOID:0050926
NCIT:C26909,DOID:0070380
NCIT:C3658,DOID:0050228
NCIT:C26934,DOID:10604
NCIT:C3559,DOID:6364
NCIT:C34811,DOID:0060809
NCIT:C35271,DOID:0090126
NCIT:C131437,DOID:902
NCIT:C35023,DOID:12084
NCIT:C84457,DOID:0112348
NCIT:C35668,DOID:0110729
NCIT:C3241,DOID:4337
NCIT:C35089,DOID:1332
NCIT:C97096,DOID:13623
NCIT:C128419,DOID:0111993
NCIT:C5717,DOID:1799
NCIT:C84316,DOID:0060866
NCIT:C94355,DOID:4692
NCIT:C84397,DOID:0081145
NCIT:C34825,DOID:0070191
NCIT:C2871,DOID:9776
NCIT:C34382,DOID:12105
NCIT:C3891,DOID:0050367
NCIT:C34974,DOID:5823
NCIT:C35441,DOID:0080870
NCIT:C35807,DOID:11132
NCIT:C78528,DOID:631
NCIT:C79596,DOID:0112286
NCIT:C26904,DOID:3772
NCIT:C34638,DOID:0060736
NCIT:C84642,DOID:0080212
NCIT:C119046,DOID:1085
NCIT:C3523,DOID:0060572
NCIT:C85187,DOID:1731
NCIT:C97164,DOID:1066
NCIT:C35075,DOID:1227
NCIT:C123175,DOID:0060250
NCIT:C34899,DOID:9929
NCIT:C34639,DOID:7608
NCIT:C113824,DOID:0070313
NCIT:C3219,DOID:12612
NCIT:C83006,DOID:1513
NCIT:C87167,DOID:0081191
NCIT:C34742,DOID:5410
NCIT:C4419,DOID:4901
NCIT:C34420,DOID:0060791
NCIT:C34619,DOID:13194
NCIT:C118750,DOID:13800
NCIT:C34607,DOID:0110515
NCIT:C4416,DOID:13887
NCIT:C119049,DOID:6540
NCIT:C94349,DOID:0111870
NCIT:C85059,DOID:0110447
NCIT:C35010,DOID:0111059
NCIT:C50552,DOID:8487
NCIT:C35777,DOID:13579
NCIT:C26689,DOID:8849
NCIT:C34924,DOID:0081314
NCIT:C35637,DOID:889
NCIT:C26954,DOID:0060055
NCIT:C35068,DOID:0111472
NCIT:C94337,DOID:0090033
NCIT:C85182,DOID:0060028
NCIT:C26951,DOID:13811
NCIT:C34425,DOID:0111866
NCIT:C118712,DOID:0081185
NCIT:C27105,DOID:14271
NCIT:C34637,DOID:0081169
NCIT:C34757,DOID:13970
NCIT:C35342,DOID:656
NCIT:C61443,DOID:0040012
NCIT:C79541,DOID:0110001
NCIT:C40164,DOID:2913
NCIT:C40172,DOID:3895
NCIT:C40168,DOID:11394
NCIT:C26809,DOID:4677
NCIT:C27001,DOID:238
NCIT:C50621,DOID:11893
NCIT:C35443,DOID:0070089
NCIT:C34798,DOID:11233
NCIT:C34426,DOID:12021
NCIT:C128373,DOID:6992
NCIT:C35109,DOID:12335
NCIT:C127161,DOID:6329
NCIT:C35498,DOID:0050791
NCIT:C4392,DOID:0050094
NCIT:C116347,DOID:5370
NCIT:C34468,DOID:0080417
NCIT:C3105,DOID:10445
NCIT:C27142,DOID:2848
NCIT:C26926,DOID:9811
NCIT:C27576,DOID:7173
NCIT:C28129,DOID:0060854
NCIT:C84442,DOID:0111306
NCIT:C84938,DOID:0060200
NCIT:C35314,DOID:0081362
NCIT:C128386,DOID:7732
NCIT:C35666,DOID:0060495
NCIT:C27148,DOID:7191
NCIT:C35336,DOID:9843
NCIT:C35372,DOID:1908
NCIT:C35334,DOID:0111323
NCIT:C34916,DOID:0112177
NCIT:C85023,DOID:0060153
NCIT:C84681,DOID:0060402
NCIT:C34565,DOID:14069
NCIT:C92622,DOID:0050899
NCIT:C34799,DOID:5533
NCIT:C34898,DOID:0040097
NCIT:C113344,DOID:8623
NCIT:C129724,DOID:0110101
NCIT:C35827,DOID:0110406
NCIT:C98864,DOID:3899
NCIT:C34855,DOID:8691
NCIT:C119028,DOID:0111959
NCIT:C123429,DOID:0110050
NCIT:C84775,DOID:9550
NCIT:C34605,DOID:4707
NCIT:C94829,DOID:8082
NCIT:C2994,DOID:2870
NCIT:C61271,DOID:9188
NCIT:C84829,DOID:13794
NCIT:C61274,DOID:0081374
NCIT:C3718,DOID:3179
NCIT:C35192,DOID:4852
NCIT:C34983,DOID:0060715
NCIT:C84588,DOID:11507
NCIT:C112199,DOID:0050486
NCIT:C26866,DOID:9995
NCIT:C114767,DOID:0111188
NCIT:C34796,DOID:0081041
NCIT:C85030,DOID:6838
NCIT:C8965,DOID:8072
NCIT:C98964,DOID:0080257
NCIT:C84569,DOID:0060567
NCIT:C125698,DOID:3300
NCIT:C173795,DOID:0070217
NCIT:C3961,DOID:0111386
NCIT:C2869,DOID:8515
NCIT:C89715,DOID:0081291
NCIT:C4432,DOID:9432
NCIT:C3027,DOID:0111346
NCIT:C35768,DOID:5151
NCIT:C34915,DOID:0080159
NCIT:C35204,DOID:10128
NCIT:C26865,DOID:5893
NCIT:C34596,DOID:7053
NCIT:C26828,DOID:5625
NCIT:C6943,DOID:10979
NCIT:C27194,DOID:260
NCIT:C34918,DOID:0110630
NCIT:C50515,DOID:9544
NCIT:C35723,DOID:0110654
NCIT:C52593,DOID:0112218
NCIT:C97141,DOID:0050560
NCIT:C26695,DOID:0050794
NCIT:C26716,DOID:7511
NCIT:C6624,DOID:0112364
NCIT:C2878,DOID:13800
NCIT:C35206,DOID:0060674
NCIT:C26863,DOID:12392
NCIT:C3092,DOID:0111799
NCIT:C34809,DOID:0080756
NCIT:C3318,DOID:0110050
NCIT:C27102,DOID:0110593
NCIT:C34578,DOID:6481
NCIT:C35012,DOID:0081329
NCIT:C26786,DOID:8186
NCIT:C35119,DOID:4697
NCIT:C3285,DOID:12905
NCIT:C34504,DOID:0111870
NCIT:C35197,DOID:5604
NCIT:C16522,DOID:3342
NCIT:C118723,DOID:0040052
NCIT:C26752,DOID:0111394
NCIT:C35420,DOID:6225
NCIT:C27066,DOID:3157
NCIT:C34964,DOID:8036
NCIT:C3014,DOID:5723
NCIT:C99246,DOID:218
NCIT:C84791,DOID:7070
NCIT:C78446,DOID:823
NCIT:C27598,DOID:0111443
NCIT:C2883,DOID:0070391
NCIT:C34744,DOID:12996
NCIT:C27870,DOID:0060347
NCIT:C26747,DOID:0111262
NCIT:C34879,DOID:13319
NCIT:C172147,DOID:14320
NCIT:C26811,DOID:0081244
NCIT:C35275,DOID:14250
NCIT:C26911,DOID:6845
NCIT:C159658,DOID:0080213
NCIT:C35761,DOID:2495
NCIT:C92200,DOID:9861
NCIT:C27221,DOID:0081373
NCIT:C26893,DOID:4504
NCIT:C34465,DOID:0080478
NCIT:C94407,DOID:5675
NCIT:C82978,DOID:0081202
NCIT:C122812,DOID:0110897
NCIT:C26874,DOID:0090104
NCIT:C34973,DOID:0050312
NCIT:C61469,DOID:11132
NCIT:C26733,DOID:4109
NCIT:C171941,DOID:0111430
NCIT:C2958,DOID:0090088
NCIT:C40118,DOID:4864
NCIT:C110923,DOID:12724
NCIT:C34493,DOID:3202
NCIT:C26748,DOID:624
NCIT:C26971,DOID:5608
NCIT:C34521,DOID:0060359
NCIT:C50781,DOID:10437
NCIT:C3120,DOID:0060038
NCIT:C98920,DOID:6710
NCIT:C34398,DOID:14227
NCIT:C112857,DOID:0111640
NCIT:C112183,DOID:0080725
NCIT:C79697,DOID:8083
NCIT:C3418,DOID:14256
NCIT:C27204,DOID:0111869
NCIT:C50766,DOID:0110322
NCIT:C185243,DOID:3849
NCIT:C27594,DOID:1100
NCIT:C34632,DOID:14701
NCIT:C79548,DOID:0110815
NCIT:C26718,DOID:2481
NCIT:C26687,DOID:11287
NCIT:C3065,DOID:0050948
NCIT:C34430,DOID:3692
NCIT:C35799,DOID:0110865
NCIT:C3801,DOID:0050196
NCIT:C78579,DOID:11149
NCIT:C34998,DOID:0112007
NCIT:C3086,DOID:0112032
NCIT:C39955,DOID:0060229
NCIT:C63743,DOID:0080573
NCIT:C92636,DOID:0112313
NCIT:C27057,DOID:0080319
NCIT:C34400,DOID:0110825
NCIT:C34501,DOID:2149
NCIT:C20701,DOID:0110269
NCIT:C72070,DOID:13533
NCIT:C116791,DOID:2957
NCIT:C138179,DOID:3926
NCIT:C34984,DOID:1439
NCIT:C3991,DOID:1215
NCIT:C85044,DOID:5160
NCIT:C181765,DOID:13095
NCIT:C36083,DOID:999
NCIT:C84506,DOID:0110408
NCIT:C3717,DOID:4358
NCIT:C35225,DOID:0050173
NCIT:C3809,DOID:438
NCIT:C35424,DOID:5991
NCIT:C50462,DOID:0070259
NCIT:C97041,DOID:4007
NCIT:C35341,DOID:8923
NCIT:C6796,DOID:0050291
NCIT:C7419,DOID:0111610
NCIT:C3792,DOID:0050512
NCIT:C50654,DOID:0081311
NCIT:C84703,DOID:0070123
NCIT:C26818,DOID:6621
NCIT:C2860,DOID:11512
NCIT:C85079,DOID:12840
NCIT:C3023,DOID:7365
NCIT:C70938,DOID:5278
NCIT:C50530,DOID:37
NCIT:C34445,DOID:573
NCIT:C34657,DOID:5386
NCIT:C173930,DOID:3403
NCIT:C121932,DOID:11107
NCIT:C3347,DOID:1792
NCIT:C3098,DOID:4372
NCIT:C4247,DOID:0080235
NCIT:C3708,DOID:0110674
NCIT:C34752,DOID:11132
NCIT:C85176,DOID:2515
NCIT:C85186,DOID:0050570
NCIT:C112200,DOID:12961
NCIT:C26962,DOID:14323
NCIT:C3275,DOID:1150
NCIT:C175882,DOID:0112334
NCIT:C3029,DOID:0110388
NCIT:C3097,DOID:0060475
NCIT:C27549,DOID:0060088
NCIT:C3389,DOID:6705
NCIT:C3761,DOID:12311
NCIT:C8596,DOID:6786
NCIT:C6434,DOID:13250
NCIT:C39611,DOID:0080114
NCIT:C4076,DOID:0110901
NCIT:C5567,DOID:8675
NCIT:C3843,DOID:5309
NCIT:C34529,DOID:0060281
NCIT:C35530,DOID:2770
NCIT:C27015,DOID:0060162
NCIT:C35131,DOID:0111365
NCIT:C128429,DOID:13068
NCIT:C112190,DOID:332
NCIT:C27012,DOID:3343
NCIT:C171147,DOID:0060739
NCIT:C26780,DOID:4885
NCIT:C35178,DOID:0080183
NCIT:C35885,DOID:13257
NCIT:C35882,DOID:0060446
NCIT:C165675,DOID:5915
NCIT:C84799,DOID:12879
NCIT:C39860,DOID:4137
NCIT:C3474,DOID:0112035
NCIT:C6934,DOID:11758
NCIT:C3060,DOID:0090010
NCIT:C7076,DOID:0111364
NCIT:C4463,DOID:0050106
NCIT:C4222,DOID:0080349
NCIT:C4475,DOID:4858
NCIT:C118859,DOID:9945
NCIT:C34507,DOID:0111319
NCIT:C35616,DOID:0111819
NCIT:C34508,DOID:0060527
NCIT:C50687,DOID:0110168
NCIT:C3501,DOID:0070022
NCIT:C97145,DOID:0060033
NCIT:C38012,DOID:12904
NCIT:C3635,DOID:0110259
NCIT:C7760,DOID:0111145
NCIT:C4687,DOID:4154
NCIT:C34653,DOID:739
NCIT:C34913,DOID:12226
NCIT:C34793,DOID:0090035
NCIT:C3106,DOID:0110013
NCIT:C84526,DOID:0070127
NCIT:C4425,DOID:0111224
NCIT:C4181,DOID:14495
NCIT:C4527,DOID:0111929
NCIT:C5112,DOID:0111575
NCIT:C39954,DOID:5086
NCIT:C4272,DOID:6703
NCIT:C3087,DOID:9835
NCIT:C8113,DOID:10122
NCIT:C7286,DOID:0111109
NCIT:C38150,DOID:2038
NCIT:C3234,DOID:5630
NCIT:C3734,DOID:0060783
NCIT:C6581,DOID:3906
NCIT:C3363,DOID:0070052
NCIT:C4271,DOID:0050680
NCIT:C40392,DOID:0050512
NCIT:C3233,DOID:0080339
NCIT:C4328,DOID:8122
NCIT:C26852,DOID:3852
NCIT:C35163,DOID:0060155
NCIT:C84665,DOID:12175
NCIT:C92635,DOID:4617
NCIT:C36197,DOID:6950
NCIT:C116767,DOID:8352
NCIT:C27151,DOID:5184
NCIT:C26743,DOID:0111510
NCIT:C4877,DOID:3587
NCIT:C34838,DOID:0050629
NCIT:C35806,DOID:1934
NCIT:C35717,DOID:13049
NCIT:C35578,DOID:3418
NCIT:C27310,DOID:0060447
NCIT:C27178,DOID:10795
NCIT:C27312,DOID:0112158
NCIT:C27174,DOID:0111056
NCIT:C35434,DOID:0050256
NCIT:C73511,DOID:0111683
NCIT:C113170,DOID:0112315
NCIT:C34675,DOID:12668
NCIT:C3306,DOID:0080897
NCIT:C26736,DOID:10880
NCIT:C34644,DOID:13580
NCIT:C34849,DOID:2575
NCIT:C85064,DOID:2425
NCIT:C34824,DOID:0081244
NCIT:C114699,DOID:8731
NCIT:C34643,DOID:2410
NCIT:C61283,DOID:3113
NCIT:C7113,DOID:4691
NCIT:C5212,DOID:12053
NCIT:C27939,DOID:1029
NCIT:C34481,DOID:7232
NCIT:C3796,DOID:6844
NCIT:C3724,DOID:0112086
NCIT:C3199,DOID:0111612
NCIT:C27162,DOID:5248
NCIT:C3959,DOID:13446
NCIT:C38011,DOID:1699
NCIT:C85057,DOID:404
NCIT:C34710,DOID:11873
NCIT:C3146,DOID:0070115
NCIT:C8964,DOID:6291
NCIT:C7582,DOID:11020
NCIT:C4237,DOID:591
NCIT:C4101,DOID:0111373
NCIT:C3793,DOID:829
NCIT:C4724,DOID:12298
NCIT:C5421,DOID:2303
NCIT:C5321,DOID:0110025
NCIT:C6970,DOID:0070308
NCIT:C6969,DOID:0080886
NCIT:C8401,DOID:272
NCIT:C4258,DOID:0111801
NCIT:C9150,DOID:0050661
NCIT:C6519,DOID:0050746
NCIT:C8365,DOID:0050803
NCIT:C3411,DOID:0060445
NCIT:C7386,DOID:5844
NCIT:C6454,DOID:4479
NCIT:C6885,DOID:2951
NCIT:C7114,DOID:0050437
NCIT:C6453,DOID:8752
NCIT:C128421,DOID:3148
NCIT:C3754,DOID:2660
NCIT:C111963,DOID:2988
NCIT:C38151,DOID:0090090
NCIT:C50847,DOID:0060210
NCIT:C92634,DOID:0081333
NCIT:C34875,DOID:7826
NCIT:C61267,DOID:8973
NCIT:C8563,DOID:4346
NCIT:C6470,DOID:7202
NCIT:C168176,DOID:0112121
NCIT:C4021,DOID:0050540
NCIT:C7134,DOID:12858
NCIT:C26953,DOID:10972
NCIT:C3988,DOID:12125
NCIT:C84548,DOID:8199
NCIT:C27575,DOID:0040053
NCIT:C84786,DOID:0111602
NCIT:C7073,DOID:2113
NCIT:C3302,DOID:0080714
NCIT:C34840,DOID:0112188
NCIT:C9235,DOID:0111019
NCIT:C3774,DOID:648
NCIT:C9120,DOID:0111137
NCIT:C84269,DOID:5123
NCIT:C7809,DOID:0112275
NCIT:C50486,DOID:6263
NCIT:C39976,DOID:12169
NCIT:C3757,DOID:0050368
NCIT:C7449,DOID:0111064
NCIT:C3733,DOID:173
NCIT:C3019,DOID:13566
NCIT:C84596,DOID:0111039
NCIT:C5443,DOID:1936
NCIT:C4944,DOID:3704
NCIT:C3129,DOID:1966
NCIT:C98969,DOID:161
NCIT:C84814,DOID:9212
NCIT:C85067,DOID:0070069
NCIT:C3218,DOID:0070263
NCIT:C27210,DOID:7171
NCIT:C3808,DOID:0111287
NCIT:C27744,DOID:2877
NCIT:C4002,DOID:0081194
NCIT:C3781,DOID:4509
NCIT:C26836,DOID:0090017
NCIT:C6811,DOID:7198
NCIT:C45909,DOID:0060888
NCIT:C34775,DOID:10367
NCIT:C3470,DOID:0111240
NCIT:C34388,DOID:1289
NCIT:C26972,DOID:5593
NCIT:C85019,DOID:13689
NCIT:C2857,DOID:0080882
NCIT:C35132,DOID:0050196
NCIT:C4726,DOID:2893
NCIT:C4725,DOID:4406
NCIT:C39908,DOID:0110951
NCIT:C6904,DOID:0110561
NCIT:C3706,DOID:0080711
NCIT:C9497,DOID:0050541
NCIT:C5407,DOID:13224
NCIT:C3760,DOID:8130
NCIT:C6504,DOID:13676
NCIT:C27487,DOID:0050521
NCIT:C27486,DOID:0060423
NCIT:C84540,DOID:0110715
NCIT:C113210,DOID:7498
NCIT:C113208,DOID:0111538
NCIT:C27044,DOID:0112261
NCIT:C4068,DOID:11354
NCIT:C7380,DOID:0080323
NCIT:C128415,DOID:2451
NCIT:C123159,DOID:3969
NCIT:C3190,DOID:0050926
NCIT:C2928,DOID:10630
NCIT:C3926,DOID:0080788
NCIT:C35330,DOID:0080201
NCIT:C27051,DOID:0060347
NCIT:C27329,DOID:14332
NCIT:C27348,DOID:1338
NCIT:C6514,DOID:7455
NCIT:C4716,DOID:0050367
NCIT:C50783,DOID:2975
NCIT:C3422,DOID:3750
NCIT:C39915,DOID:9432
NCIT:C3255,DOID:8161
NCIT:C6902,DOID:8795
NCIT:C128413,DOID:3094
NCIT:C42048,DOID:0060684
NCIT:C3790,DOID:0050775
NCIT:C113150,DOID:0110134
NCIT:C129722,DOID:0110095
NCIT:C97166,DOID:5697
NCIT:C27595,DOID:8609
NCIT:C27596,DOID:0111835
NCIT:C4722,DOID:0070013
NCIT:C35765,DOID:14702
NCIT:C27005,DOID:6115
NCIT:C3747,DOID:0090042
NCIT:C5355,DOID:0111684
NCIT:C84891,DOID:0050096
NCIT:C62282,DOID:3605
NCIT:C84743,DOID:12017
NCIT:C7585,DOID:12179
NCIT:C4109,DOID:289
NCIT:C27182,DOID:0080376
NCIT:C27536,DOID:0110824
NCIT:C27538,DOID:0112087
NCIT:C4108,DOID:6034
NCIT:C38110,DOID:0070212
NCIT:C34934,DOID:3530
NCIT:C3751,DOID:0112107
NCIT:C27518,DOID:6932
NCIT:C27516,DOID:0050398
NCIT:C27517,DOID:0111372
NCIT:C36171,DOID:2615
NCIT:C53972,DOID:4410
NCIT:C35072,DOID:0111328
NCIT:C78442,DOID:0111234
NCIT:C35775,DOID:8927
NCIT:C3802,DOID:0110662
NCIT:C4236,DOID:0050004
NCIT:C123231,DOID:10493
NCIT:C175521,DOID:4865
NCIT:C3356,DOID:9939
NCIT:C3505,DOID:14022
NCIT:C34888,DOID:2468
NCIT:C35277,DOID:2212
NCIT:C2984,DOID:3212
NCIT:C34859,DOID:7678
NCIT:C27037,DOID:0111681
NCIT:C4816,DOID:7540
NCIT:C3739,DOID:8757
NCIT:C6492,DOID:0081265
NCIT:C96410,DOID:0081297
NCIT:C3379,DOID:0110519
NCIT:C28396,DOID:4435
NCIT:C5286,DOID:0080616
NCIT:C34794,DOID:0070293
NCIT:C35468,DOID:8688
NCIT:C6194,DOID:2571
NCIT:C4146,DOID:0060136
NCIT:C39807,DOID:985
NCIT:C34345,DOID:0060306
NCIT:C34986,DOID:7132
NCIT:C4282,DOID:0111395
NCIT:C45655,DOID:0111479
NCIT:C7985,DOID:0080984
NCIT:C34939,DOID:0111092
NCIT:C40220,DOID:4330
NCIT:C34386,DOID:10691
NCIT:C34372,DOID:0112205
NCIT:C27481,DOID:3613
NCIT:C3780,DOID:0050047
NCIT:C27625,DOID:0070397
NCIT:C27626,DOID:106
NCIT:C34583,DOID:0110136
NCIT:C5301,DOID:4856
NCIT:C4718,DOID:14270
NCIT:C4720,DOID:0111827
NCIT:C4721,DOID:8118
NCIT:C3213,DOID:0080323
NCIT:C27016,DOID:1029
NCIT:C26937,DOID:0080845
NCIT:C27332,DOID:12359
NCIT:C27135,DOID:7979
NCIT:C8714,DOID:7907
NCIT:C7846,DOID:0111748
NCIT:C7848,DOID:8771
NCIT:C9303,DOID:0060887
NCIT:C9286,DOID:10849
NCIT:C4296,DOID:12108
NCIT:C27055,DOID:0050343
NCIT:C5164,DOID:0112071
NCIT:C6555,DOID:0081215
NCIT:C34586,DOID:9799
NCIT:C5822,DOID:12840
NCIT:C5119,DOID:11239
NCIT:C5347,DOID:7997
NCIT:C4299,DOID:11850
NCIT:C3945,DOID:0110881
NCIT:C5423,DOID:0111251
NCIT:C34988,DOID:4490
NCIT:C4298,DOID:0050676
NCIT:C26856,DOID:0080054
NCIT:C5586,DOID:4804
NCIT:C8997,DOID:0050131
NCIT:C36054,DOID:8084
NCIT:C36053,DOID:0050596
NCIT:C35264,DOID:0070132
NCIT:C35706,DOID:0111434
NCIT:C35281,DOID:0110471
NCIT:C35707,DOID:7223
NCIT:C35798,DOID:0070150
NCIT:C35801,DOID:0111093
NCIT:C35445,DOID:0110753
NCIT:C35800,DOID:5594
NCIT:C66808,DOID:3138
NCIT:C9284,DOID:8399
NCIT:C9285,DOID:3132
NCIT:C84628,DOID:0111658
NCIT:C3727,DOID:6530
NCIT:C40315,DOID:1313
NCIT:C4323,DOID:0060278
NCIT:C5419,DOID:0060795
NCIT:C27505,DOID:4349
NCIT:C2970,DOID:0050802
NCIT:C40016,DOID:0040051
NCIT:C3681,DOID:1992
NCIT:C4142,DOID:0080881
NCIT:C27018,DOID:4976
NCIT:C4189,DOID:9585
NCIT:C36077,DOID:4011
NCIT:C65192,DOID:224
NCIT:C4754,DOID:13593
NCIT:C34433,DOID:0110940
NCIT:C85031,DOID:792
NCIT:C6895,DOID:11294
NCIT:C27388,DOID:0050389
NCIT:C6967,DOID:0080357
NCIT:C128336,DOID:0110498
NCIT:C6909,DOID:306
NCIT:C2922,DOID:10112
NCIT:C3697,DOID:0110859
NCIT:C27617,DOID:10779
NCIT:C39958,DOID:6850
NCIT:C4257,DOID:0112361
NCIT:C6512,DOID:0110941
NCIT:C3748,DOID:0080261
NCIT:C4256,DOID:9439
NCIT:C4483,DOID:3910
NCIT:C6558,DOID:6564
NCIT:C3797,DOID:0110964
NCIT:C41427,DOID:0080299
NCIT:C6559,DOID:0060143
NCIT:C35543,DOID:6950
NCIT:C40270,DOID:0040005
NCIT:C6951,DOID:1122
NCIT:C9149,DOID:8003
NCIT:C9147,DOID:0090072
NCIT:C9146,DOID:12339
NCIT:C97085,DOID:4374
NCIT:C9148,DOID:0050675
NCIT:C42058,DOID:11106
NCIT:C42057,DOID:1389
NCIT:C128119,DOID:0112323
NCIT:C36071,DOID:3128
NCIT:C35383,DOID:8256
NCIT:C3836,DOID:5570
NCIT:C35796,DOID:8488
NCIT:C26761,DOID:12162
NCIT:C84754,DOID:10837
NCIT:C36079,DOID:12837
NCIT:C27495,DOID:10760
NCIT:C27494,DOID:8956
NCIT:C3108,DOID:0060740
NCIT:C3701,DOID:0110285
NCIT:C4484,DOID:0111717
NCIT:C34893,DOID:13269
NCIT:C3820,DOID:4548
NCIT:C39986,DOID:0060220
NCIT:C97083,DOID:9842
NCIT:C40396,DOID:11812
NCIT:C5386,DOID:2733
NCIT:C7368,DOID:7631
NCIT:C35344,DOID:14413
NCIT:C35287,DOID:13767
NCIT:C4151,DOID:7892
NCIT:C3342,DOID:5900
NCIT:C4159,DOID:13731
NCIT:C4155,DOID:6725
NCIT:C3915,DOID:11167
NCIT:C94378,DOID:14001
NCIT:C4171,DOID:0110938
NCIT:C7568,DOID:2027
NCIT:C4170,DOID:9771
NCIT:C4172,DOID:5495
NCIT:C37215,DOID:2467
NCIT:C8985,DOID:14701
NCIT:C8986,DOID:786
NCIT:C6533,DOID:4418
NCIT:C4277,DOID:1557
NCIT:C4278,DOID:0070467
NCIT:C4713,DOID:0050281
NCIT:C6903,DOID:5325
NCIT:C4319,DOID:0111377
NCIT:C7169,DOID:0080607
NCIT:C4105,DOID:9210
NCIT:C9015,DOID:9551
NCIT:C43345,DOID:6639
NCIT:C34415,DOID:1363
NCIT:C26749,DOID:9531
NCIT:C34959,DOID:0110614
NCIT:C3050,DOID:10825
NCIT:C4461,DOID:5247
NCIT:C35130,DOID:0111614
NCIT:C123215,DOID:4541
NCIT:C6267,DOID:12897
NCIT:C9119,DOID:0111991
NCIT:C5135,DOID:8560
NCIT:C27216,DOID:9389
NCIT:C27103,DOID:9025
NCIT:C4152,DOID:0110021
NCIT:C4107,DOID:9109
NCIT:C4188,DOID:4137
NCIT:C3680,DOID:9714
NCIT:C176979,DOID:14225
NCIT:C4252,DOID:12030
NCIT:C7811,DOID:13995
NCIT:C6509,DOID:7983
NCIT:C4253,DOID:0081219
NCIT:C6507,DOID:13277
NCIT:C27489,DOID:9230
NCIT:C27781,DOID:1339
NCIT:C40142,DOID:11302
NCIT:C40133,DOID:0070166
NCIT:C4518,DOID:0110979
NCIT:C40119,DOID:2077
NCIT:C40136,DOID:1838
NCIT:C26762,DOID:0111627
NCIT:C4268,DOID:5742
NCIT:C38152,DOID:0111039
NCIT:C5671,DOID:12549
NCIT:C35795,DOID:12704
NCIT:C34866,DOID:0080192
NCIT:C27777,DOID:9768
NCIT:C7053,DOID:14021
NCIT:C7097,DOID:12854
NCIT:C7095,DOID:0111441
NCIT:C3264,DOID:0070136
NCIT:C35870,DOID:9296
NCIT:C26688,DOID:0080929
NCIT:C3270,DOID:60006
NCIT:C38003,DOID:0070047
NCIT:C6798,DOID:0110181
NCIT:C118422,DOID:13277
NCIT:C85172,DOID:0111001
NCIT:C3962,DOID:4359
NCIT:C3895,DOID:0111440
NCIT:C38661,DOID:0081255
NCIT:C37869,DOID:0050591
NCIT:C7587,DOID:3098
NCIT:C35142,DOID:12580
NCIT:C36068,DOID:0060761
NCIT:C27996,DOID:5155
NCIT:C36073,DOID:0060112
NCIT:C35305,DOID:4631
NCIT:C35672,DOID:2620
NCIT:C35673,DOID:5338
NCIT:C35400,DOID:5937
NCIT:C8778,DOID:0111191
NCIT:C35150,DOID:0060220
NCIT:C7635,DOID:0050485
NCIT:C8097,DOID:12926
NCIT:C7947,DOID:6119
NCIT:C27791,DOID:2920
NCIT:C5823,DOID:0111118
NCIT:C7427,DOID:0060766
NCIT:C7109,DOID:0050851
NCIT:C34362,DOID:0080061
NCIT:C34890,DOID:5409
NCIT:C3927,DOID:0111758
NCIT:C7751,DOID:0111186
NCIT:C3484,DOID:0060120
NCIT:C35273,DOID:3079
NCIT:C4982,DOID:3694
NCIT:C35492,DOID:0111374
NCIT:C27143,DOID:13695
NCIT:C35614,DOID:2014
NCIT:C5365,DOID:0111321
NCIT:C5345,DOID:9891
NCIT:C35413,DOID:0081353
NCIT:C39854,DOID:1744
NCIT:C27341,DOID:5748
NCIT:C5269,DOID:0060573
NCIT:C4959,DOID:4086
NCIT:C39870,DOID:5391
NCIT:C39867,DOID:12860
NCIT:C27390,DOID:0110242
NCIT:C9425,DOID:0112118
NCIT:C6846,DOID:13723
NCIT:C6608,DOID:4118
NCIT:C39849,DOID:9182
NCIT:C4508,DOID:8336
NCIT:C7035,DOID:709
NCIT:C39992,DOID:0111573
NCIT:C27071,DOID:0110258
NCIT:C27319,DOID:0050180
NCIT:C8960,DOID:1577
NCIT:C39809,DOID:5468
NCIT:C39810,DOID:5150
NCIT:C7915,DOID:7175
NCIT:C5438,DOID:0110783
NCIT:C27804,DOID:0050583
NCIT:C87497,DOID:10983
NCIT:C5412,DOID:0080688
NCIT:C39996,DOID:0080384
NCIT:C7285,DOID:0110106
NCIT:C8461,DOID:0080095
NCIT:C7946,DOID:0110838
NCIT:C6910,DOID:0111101
NCIT:C4748,DOID:0050268
NCIT:C2851,DOID:1166
NCIT:C84623,DOID:0060820
NCIT:C34714,DOID:8109
NCIT:C6890,DOID:0070164
NCIT:C5281,DOID:0111881
NCIT:C34580,DOID:0112070
NCIT:C98916,DOID:3379
NCIT:C84505,DOID:4957
NCIT:C40213,DOID:5933
NCIT:C40060,DOID:9234
NCIT:C6905,DOID:13185
NCIT:C5649,DOID:0080773
NCIT:C6635,DOID:0080496
NCIT:C40280,DOID:2086
NCIT:C39988,DOID:0110571
NCIT:C39989,DOID:0070385
NCIT:C39987,DOID:9487
NCIT:C6888,DOID:9450
NCIT:C27910,DOID:11723
NCIT:C4332,DOID:0080213
NCIT:C5282,DOID:782
NCIT:C40290,DOID:4587
NCIT:C39835,DOID:13209
NCIT:C27888,DOID:5712
NCIT:C27889,DOID:0110003
NCIT:C5661,DOID:0070315
NCIT:C40259,DOID:0110012
NCIT:C7752,DOID:0060522
NCIT:C34625,DOID:3584
NCIT:C35699,DOID:0070367
NCIT:C3253,DOID:0070381
NCIT:C34446,DOID:0110511
NCIT:C94379,DOID:2906
NCIT:C34411,DOID:8802
NCIT:C39935,DOID:0040073
NCIT:C6471,DOID:6386
NCIT:C6472,DOID:10255
NCIT:C8399,DOID:0070123
NCIT:C40959,DOID:0060279
NCIT:C4335,DOID:0050223
NCIT:C4322,DOID:11481
NCIT:C40370,DOID:0090061
NCIT:C27081,DOID:0060288
NCIT:C4265,DOID:0060644
NCIT:C5728,DOID:0110787
NCIT:C27942,DOID:0111114
NCIT:C4960,DOID:0110031
NCIT:C27496,DOID:7961
NCIT:C6887,DOID:0070164
NCIT:C9007,DOID:0080370
NCIT:C6792,DOID:8676
NCIT:C3902,DOID:8741
NCIT:C5555,DOID:0050190
NCIT:C3488,DOID:7164
NCIT:C50778,DOID:0060372
NCIT:C27473,DOID:0112294
NCIT:C7989,DOID:0111109
NCIT:C7462,DOID:0081219
NCIT:C4321,DOID:4044
NCIT:C4320,DOID:4917
NCIT:C7450,DOID:0090006
NCIT:C5664,DOID:6225
NCIT:C9423,DOID:4968
NCIT:C37304,DOID:8223
NCIT:C35830,DOID:9460
NCIT:C35558,DOID:8915
NCIT:C39924,DOID:1442
NCIT:C4933,DOID:0080593
NCIT:C6793,DOID:0070319
NCIT:C123174,DOID:0110607
NCIT:C96230,DOID:0111526
NCIT:C35071,DOID:60003
NCIT:C8255,DOID:0080010
NCIT:C4148,DOID:6605
NCIT:C38766,DOID:690
NCIT:C4288,DOID:13575
NCIT:C9499,DOID:2071
NCIT:C4331,DOID:14233
NCIT:C4330,DOID:0112317
NCIT:C4329,DOID:3925
NCIT:C4333,DOID:0111630
NCIT:C9080,DOID:0080981
NCIT:C4273,DOID:0080447
NCIT:C37201,DOID:2700
NCIT:C5713,DOID:12128
NCIT:C41245,DOID:8826
NCIT:C35042,DOID:4872
NCIT:C40165,DOID:6609
NCIT:C27144,DOID:5996
NCIT:C40957,DOID:0080704
NCIT:C27839,DOID:0060434
NCIT:C8717,DOID:0110479
NCIT:C39927,DOID:0050270
NCIT:C40391,DOID:0081319
NCIT:C9368,DOID:12335
NCIT:C3827,DOID:12185
NCIT:C50559,DOID:3410
NCIT:C40446,DOID:9700
NCIT:C39925,DOID:0080686
NCIT:C26867,DOID:6970
NCIT:C27474,DOID:11612
NCIT:C39866,DOID:8650
NCIT:C4462,DOID:0050911
NCIT:C27779,DOID:6023
NCIT:C27448,DOID:11954
NCIT:C40285,DOID:10938
NCIT:C111885,DOID:0060877
NCIT:C39930,DOID:0111204
NCIT:C27850,DOID:0070438
NCIT:C35602,DOID:0050897
NCIT:C40359,DOID:1949
NCIT:C6876,DOID:0050175
NCIT:C5271,DOID:0070295
NCIT:C7640,DOID:0081323
NCIT:C34874,DOID:0110131
NCIT:C27472,DOID:0060262
NCIT:C34958,DOID:3728
NCIT:C40388,DOID:8912
NCIT:C40385,DOID:0050130
NCIT:C27022,DOID:4515
NCIT:C5609,DOID:13725
NCIT:C9009,DOID:5303
NCIT:C9008,DOID:12881
NCIT:C40384,DOID:0060601
NCIT:C9473,DOID:0070327
NCIT:C40383,DOID:4447
NCIT:C40364,DOID:0112202
NCIT:C6469,DOID:5266
NCIT:C27953,DOID:7041
NCIT:C5560,DOID:1142
NCIT:C37256,DOID:6828
NCIT:C7362,DOID:13166
NCIT:C87121,DOID:0111010
NCIT:C4020,DOID:13887
NCIT:C4154,DOID:0112031
NCIT:C4243,DOID:0081209
NCIT:C34795,DOID:0111957
NCIT:C6776,DOID:0070367
NCIT:C6779,DOID:0110428
NCIT:C41617,DOID:0050563
NCIT:C40439,DOID:10774
NCIT:C8289,DOID:794
NCIT:C40153,DOID:240
NCIT:C27000,DOID:0080222
NCIT:C27466,DOID:0070131
NCIT:C5284,DOID:197
NCIT:C3022,DOID:3262
NCIT:C8090,DOID:0081292
NCIT:C5718,DOID:0060500
NCIT:C27183,DOID:0080022
NCIT:C7990,DOID:0111092
NCIT:C8272,DOID:0050869
NCIT:C5278,DOID:6944
NCIT:C5285,DOID:0050735
NCIT:C5313,DOID:0060075
NCIT:C35603,DOID:8593
NCIT:C2918,DOID:9191
NCIT:C8271,DOID:1943
NCIT:C6636,DOID:2493
NCIT:C6625,DOID:11256
NCIT:C39926,DOID:3092
NCIT:C42060,DOID:0060685
NCIT:C42059,DOID:10013
NCIT:C27234,DOID:2272
NCIT:C40188,DOID:5552
NCIT:C40159,DOID:2229
NCIT:C39822,DOID:0112375
NCIT:C27944,DOID:884
NCIT:C5267,DOID:11158
NCIT:C35114,DOID:1376
NCIT:C5350,DOID:0050170
NCIT:C5292,DOID:0080346
NCIT:C39959,DOID:10126
NCIT:C4223,DOID:1563
NCIT:C7566,DOID:0050073
NCIT:C6777,DOID:6648
NCIT:C39847,DOID:0080808
NCIT:C39848,DOID:0110429
NCIT:C6771,DOID:8644
NCIT:C41620,DOID:4086
NCIT:C39929,DOID:13664
NCIT:C39815,DOID:4322
NCIT:C39814,DOID:0060673
NCIT:C39839,DOID:12362
NCIT:C40258,DOID:13417
NCIT:C41237,DOID:0080736
NCIT:C27322,DOID:1134
NCIT:C34847,DOID:0060643
NCIT:C26700,DOID:0111861
NCIT:C40355,DOID:0080347
NCIT:C6462,DOID:0111422
NCIT:C37204,DOID:0050189
NCIT:C6573,DOID:9422
NCIT:C9469,DOID:9761
NCIT:C35786,DOID:10327
NCIT:C40232,DOID:8105
NCIT:C40233,DOID:11246
NCIT:C26827,DOID:11806
NCIT:C39928,DOID:0111670
NCIT:C39931,DOID:0060383
NCIT:C5290,DOID:1168
NCIT:C39868,DOID:0080707
NCIT:C36087,DOID:0070158
NCIT:C36088,DOID:0050982
NCIT:C36089,DOID:0112287
NCIT:C6508,DOID:3361
NCIT:C5288,DOID:0110922
NCIT:C34479,DOID:9348
NCIT:C39869,DOID:7591
NCIT:C7641,DOID:4554
NCIT:C7325,DOID:8503
NCIT:C27729,DOID:0050992
NCIT:C40178,DOID:5560
NCIT:C6583,DOID:6077
NCIT:C36096,DOID:13622
NCIT:C5199,DOID:3279
NCIT:C35145,DOID:10621
NCIT:C6561,DOID:0050660
NCIT:C9468,DOID:918
NCIT:C40958,DOID:0110827
NCIT:C40212,DOID:0080372
NCIT:C39932,DOID:0050583
NCIT:C6908,DOID:0060031
NCIT:C7814,DOID:2257
NCIT:C5824,DOID:1336
NCIT:C39923,DOID:6609
NCIT:C27300,DOID:5058
NCIT:C36094,DOID:0080895
NCIT:C27389,DOID:0060585
NCIT:C4161,DOID:230
NCIT:C6560,DOID:10901
NCIT:C5140,DOID:0110621
NCIT:C27311,DOID:0111880
NCIT:C27331,DOID:7702
NCIT:C9175,DOID:0060035
NCIT:C37979,DOID:0080745
NCIT:C93045,DOID:14251
NCIT:C98963,DOID:6276
NCIT:C113484,DOID:8055
NCIT:C85221,DOID:5760
NCIT:C35193,DOID:2469
NCIT:C92848,DOID:2068
NCIT:C26742,DOID:0080979
NCIT:C84389,DOID:0111473
NCIT:C50713,DOID:0060586
NCIT:C26781,DOID:0080835
NCIT:C27824,DOID:6518
NCIT:C6913,DOID:0060433
NCIT:C9357,DOID:174
NCIT:C3037,DOID:14140
NCIT:C155871,DOID:0070319
NCIT:C34356,DOID:4352
NCIT:C34774,DOID:0050204
NCIT:C94575,DOID:0081072
NCIT:C128402,DOID:0050274
NCIT:C3316,DOID:3002
NCIT:C96406,DOID:0050810
NCIT:C9283,DOID:6573
NCIT:C35177,DOID:12857
NCIT:C3517,DOID:1583
NCIT:C97132,DOID:0060381
NCIT:C9323,DOID:14182
NCIT:C26977,DOID:0070289
NCIT:C35815,DOID:0111085
NCIT:C34387,DOID:2070
NCIT:C14364,DOID:0050979
NCIT:C50706,DOID:0110793
NCIT:C3151,DOID:1947
NCIT:C111888,DOID:0060080
NCIT:C84695,DOID:5461
NCIT:C67277,DOID:14766
NCIT:C128382,DOID:4195
NCIT:C85051,DOID:323
NCIT:C66911,DOID:1510
NCIT:C3518,DOID:7074
NCIT:C34961,DOID:0111956
NCIT:C3148,DOID:0070165
NCIT:C155872,DOID:11582
NCIT:C97136,DOID:10398
NCIT:C26855,DOID:0111704
NCIT:C3663,DOID:0050223
NCIT:C3446,DOID:2814
NCIT:C84756,DOID:2756
NCIT:C4680,DOID:0080917
NCIT:C84489,DOID:9240
NCIT:C27156,DOID:4896
NCIT:C85173,DOID:0110644
NCIT:C3953,DOID:9064
NCIT:C3976,DOID:0080618
NCIT:C112833,DOID:5875
NCIT:C34767,DOID:0081226
NCIT:C8196,DOID:0080613
NCIT:C3312,DOID:0070150
NCIT:C34591,DOID:0080663
NCIT:C5574,DOID:0070225
NCIT:C3528,DOID:3461
NCIT:C34365,DOID:3357
NCIT:C84551,DOID:0060772
NCIT:C3189,DOID:9717
NCIT:C2891,DOID:1627
NCIT:C116046,DOID:10493
NCIT:C34593,DOID:9640
NCIT:C35139,DOID:10461
NCIT:C3868,DOID:2906
NCIT:C84957,DOID:10649
NCIT:C84770,DOID:4640
NCIT:C81315,DOID:5161
NCIT:C34597,DOID:5530
NCIT:C34790,DOID:0110141
NCIT:C39861,DOID:13694
NCIT:C125662,DOID:8368
NCIT:C122577,DOID:0090022
NCIT:C78643,DOID:5843
NCIT:C26735,DOID:0080332
NCIT:C116007,DOID:1631
NCIT:C35335,DOID:0110437
NCIT:C35300,DOID:0070354
NCIT:C34471,DOID:11569
NCIT:C128418,DOID:8644
NCIT:C7150,DOID:4818
NCIT:C84669,DOID:0110964
NCIT:C35121,DOID:7824
NCIT:C4728,DOID:0111270
NCIT:C35037,DOID:10070
NCIT:C6483,DOID:0110455
NCIT:C84916,DOID:0090009
NCIT:C4729,DOID:0060357
NCIT:C122991,DOID:0070223
NCIT:C84581,DOID:13868
NCIT:C62546,DOID:0080818
NCIT:C35039,DOID:14463
NCIT:C50607,DOID:5854
NCIT:C35547,DOID:859
NCIT:C116815,DOID:0080318
NCIT:C78308,DOID:896
NCIT:C50807,DOID:4039
NCIT:C35592,DOID:0040094
NCIT:C35792,DOID:0080449
NCIT:C26985,DOID:0112171
NCIT:C26847,DOID:0110376
NCIT:C34716,DOID:8649
NCIT:C42086,DOID:0111548
NCIT:C35086,DOID:0081097
NCIT:C26717,DOID:0080064
NCIT:C82859,DOID:0070174
NCIT:C92561,DOID:373
NCIT:C98968,DOID:0060221
NCIT:C98894,DOID:0060160
NCIT:C26963,DOID:0081023
NCIT:C34492,DOID:4303
NCIT:C34694,DOID:1575
NCIT:C171602,DOID:2146
