DOID:0014667,NCIT:C4546
DOID:0060782,NCIT:C4348
DOID:0060783,NCIT:C113344
DOID:0060784,NCIT:C2870
DOID:0060844,NCIT:C84535
DOID:0060847,NCIT:C35071
DOID:0060849,NCIT:C85056
DOID:0060850,NCIT:C8985
DOID:0060851,NCIT:C113170
DOID:0060852,NCIT:C40154
DOID:0060854,NCIT:C3542
DOID:0060870,NCIT:C7726
DOID:0060877,NCIT:C39854
DOID:0060878,NCIT:C118712
DOID:0040093,NCIT:C38111
DOID:0050127,NCIT:C6248
DOID:0050156,NCIT:C7846
DOID:0050157,NCIT:C27455
DOID:0050158,NCIT:C36099
DOID:0070202,NCIT:C5028
DOID:0070212,NCIT:C62580
DOID:0070214,NCIT:C5610
DOID:0070221,NCIT:C9473
DOID:0070230,NCIT:C35012
DOID:0050424,NCIT:C3207
DOID:0050425,NCIT:C115207
DOID:0050429,NCIT:C3375
DOID:0050430,NCIT:C35497
DOID:0050431,NCIT:C4752
DOID:0050432,NCIT:C27134
DOID:0050437,NCIT:C40135
DOID:0050438,NCIT:C34726
DOID:0050441,NCIT:C3218
DOID:0050444,NCIT:C75109
DOID:0050448,NCIT:C157148
DOID:0050449,NCIT:C9385
DOID:0050451,NCIT:C8255
DOID:0050453,NCIT:C43263
DOID:0050456,NCIT:C7301
DOID:0050457,NCIT:C40034
DOID:0050459,NCIT:C84615
DOID:0050460,NCIT:C6761
DOID:0050461,NCIT:C5851
DOID:0050465,NCIT:C27084
DOID:0070313,NCIT:C4472
DOID:0070314,NCIT:C4768
DOID:0070315,NCIT:C78350
DOID:0070327,NCIT:C35056
DOID:0050471,NCIT:C83006
DOID:0050486,NCIT:C48259
DOID:0050530,NCIT:C4318
DOID:0070439,NCIT:C8312
DOID:0050625,NCIT:C27340
DOID:0050649,NCIT:C94356
DOID:0050657,NCIT:C4872
DOID:0050685,NCIT:C39906
DOID:0080041,NCIT:C34380
DOID:0080072,NCIT:C120199
DOID:0080119,NCIT:C34782
DOID:0080122,NCIT:C3536
DOID:0050742,NCIT:C9281
DOID:0050745,NCIT:C7742
DOID:0050766,NCIT:C27613
DOID:0050782,NCIT:C148395
DOID:0050791,NCIT:C4795
DOID:0050797,NCIT:C4247
DOID:0080130,NCIT:C27001
DOID:0080165,NCIT:C7724
DOID:0080166,NCIT:C3845
DOID:0080167,NCIT:C4152
DOID:0080188,NCIT:C6092
DOID:0080202,NCIT:C34643
DOID:0080211,NCIT:C99383
DOID:0080335,NCIT:C3022
DOID:0080390,NCIT:C2948
DOID:0050820,NCIT:C9343
DOID:0050847,NCIT:C39807
DOID:0050848,NCIT:C5260
DOID:0050854,NCIT:C6906
DOID:0080521,NCIT:C42080
DOID:0080525,NCIT:C118435
DOID:0050938,NCIT:C3171
DOID:0060020,NCIT:C4518
DOID:0060060,NCIT:C3768
DOID:0080544,NCIT:C26764
DOID:0080600,NCIT:C4866
DOID:0080643,NCIT:C3019
DOID:0080646,NCIT:C9055
DOID:0080647,NCIT:C7430
DOID:0080651,NCIT:C27131
DOID:0080654,NCIT:C3681
DOID:0080656,NCIT:C128419
DOID:0080664,NCIT:C116767
DOID:0080674,NCIT:C45716
DOID:0080684,NCIT:C35413
DOID:0080702,NCIT:C28396
DOID:0080703,NCIT:C84807
DOID:0080704,NCIT:C7543
DOID:0060103,NCIT:C3733
DOID:0060135,NCIT:C2955
DOID:0060160,NCIT:C34571
DOID:0060180,NCIT:C62580
DOID:0060182,NCIT:C4169
DOID:0060183,NCIT:C84771
DOID:0060184,NCIT:C8196
DOID:0060185,NCIT:C34962
DOID:0060189,NCIT:C9349
DOID:0060192,NCIT:C7010
DOID:0080705,NCIT:C75466
DOID:0080706,NCIT:C4160
DOID:0080707,NCIT:C85045
DOID:0080708,NCIT:C53554
DOID:0080718,NCIT:C4949
DOID:0080771,NCIT:C5156
DOID:0080773,NCIT:C35550
DOID:0080775,NCIT:C6560
DOID:0080779,NCIT:C158500
DOID:0080795,NCIT:C129431
DOID:0080796,NCIT:C34738
DOID:0080829,NCIT:C5411
DOID:0080843,NCIT:C9048
DOID:0080875,NCIT:C2878
DOID:0060218,NCIT:C125591
DOID:0060224,NCIT:C34796
DOID:0060234,NCIT:C89334
DOID:0060243,NCIT:C118783
DOID:0060248,NCIT:C34610
DOID:0060249,NCIT:C124846
DOID:0060251,NCIT:C34774
DOID:0060257,NCIT:C26743
DOID:0060260,NCIT:C3119
DOID:0060262,NCIT:C3748
DOID:0080878,NCIT:C34583
DOID:0080882,NCIT:C35870
DOID:0080892,NCIT:C5821
DOID:0080895,NCIT:C126744
DOID:0080903,NCIT:C7636
DOID:0080916,NCIT:C87497
DOID:0080918,NCIT:C6455
DOID:0080922,NCIT:C3525
DOID:0080925,NCIT:C26717
DOID:0080976,NCIT:C3164
DOID:0080997,NCIT:C40163
DOID:0081004,NCIT:C128373
DOID:0081028,NCIT:C7461
DOID:0081038,NCIT:C6178
DOID:0060282,NCIT:C7558
DOID:0060284,NCIT:C6500
DOID:0060304,NCIT:C78282
DOID:0060312,NCIT:C26705
DOID:0060318,NCIT:C98946
DOID:0060321,NCIT:C4459
DOID:0060322,NCIT:C2994
DOID:0060327,NCIT:C78528
DOID:0060329,NCIT:C34746
DOID:0060345,NCIT:C27405
DOID:0060350,NCIT:C74988
DOID:0060352,NCIT:C5705
DOID:0060356,NCIT:C8964
DOID:0081064,NCIT:C161554
DOID:0081065,NCIT:C40035
DOID:0081066,NCIT:C4863
DOID:0081067,NCIT:C5299
DOID:0081076,NCIT:C26830
DOID:0081080,NCIT:C3073
DOID:0081081,NCIT:C61251
DOID:0081082,NCIT:C3778
DOID:0081083,NCIT:C4265
DOID:0081085,NCIT:C4073
DOID:0081086,NCIT:C8409
DOID:0081087,NCIT:C27335
DOID:0081089,NCIT:C84807
DOID:0081090,NCIT:C6620
DOID:0081091,NCIT:C4319
DOID:0081092,NCIT:C40060
DOID:0081093,NCIT:C35783
DOID:0081094,NCIT:C3756
DOID:0081095,NCIT:C34982
DOID:0081096,NCIT:C84727
DOID:0060387,NCIT:C96406
DOID:0060438,NCIT:C161554
DOID:0060439,NCIT:C3558
DOID:0060449,NCIT:C6148
DOID:0081246,NCIT:C84727
DOID:0081249,NCIT:C61252
DOID:0081250,NCIT:C92637
DOID:0081261,NCIT:C4090
DOID:0081279,NCIT:C179058
DOID:0081280,NCIT:C8365
DOID:0081283,NCIT:C34850
DOID:0081284,NCIT:C27400
DOID:0081285,NCIT:C8717
DOID:0081286,NCIT:C26718
DOID:0081302,NCIT:C5189
DOID:0081304,NCIT:C6999
DOID:0081308,NCIT:C8993
DOID:0081311,NCIT:C97090
DOID:0081315,NCIT:C40435
DOID:0081316,NCIT:C123038
DOID:0081329,NCIT:C113150
DOID:0060462,NCIT:C39866
DOID:0060463,NCIT:C2919
DOID:0060488,NCIT:C4731
DOID:0060490,NCIT:C99248
DOID:0060534,NCIT:C3418
DOID:0060548,NCIT:C39931
DOID:0060573,NCIT:C35068
DOID:0090019,NCIT:C39848
DOID:0090028,NCIT:C4561
DOID:0090106,NCIT:C5670
DOID:0090118,NCIT:C3774
DOID:0090123,NCIT:C61269
DOID:0090142,NCIT:C34638
DOID:0060591,NCIT:C40321
DOID:0060597,NCIT:C26781
DOID:0060655,NCIT:C6973
DOID:0060744,NCIT:C27216
DOID:0111447,NCIT:C84718
DOID:0111459,NCIT:C8189
DOID:0111474,NCIT:C35178
DOID:0111509,NCIT:C84712
DOID:0111511,NCIT:C26998
DOID:0111514,NCIT:C84544
DOID:0111526,NCIT:C40034
DOID:0111535,NCIT:C40962
DOID:0111537,NCIT:C3720
DOID:0111538,NCIT:C4052
DOID:0111561,NCIT:C122653
DOID:0111563,NCIT:C5210
DOID:0111580,NCIT:C3249
DOID:0111583,NCIT:C4639
DOID:0111584,NCIT:C6078
DOID:0111585,NCIT:C6166
DOID:0111595,NCIT:C4768
DOID:0110334,NCIT:C6848
DOID:0111621,NCIT:C4684
DOID:0111633,NCIT:C43345
DOID:0111669,NCIT:C6027
DOID:0111670,NCIT:C67107
DOID:0111671,NCIT:C3379
DOID:0111672,NCIT:C3285
DOID:0111678,NCIT:C34825
DOID:0111713,NCIT:C3751
DOID:0111716,NCIT:C8264
DOID:0110636,NCIT:C34379
DOID:0111842,NCIT:C36083
DOID:0111868,NCIT:C34677
DOID:0111873,NCIT:C39885
DOID:0111932,NCIT:C84668
DOID:0111936,NCIT:C34915
DOID:0111937,NCIT:C3988
DOID:0111947,NCIT:C7809
DOID:0111949,NCIT:C5395
DOID:0111951,NCIT:C5112
DOID:0111953,NCIT:C7095
DOID:0111958,NCIT:C9022
DOID:0111961,NCIT:C6081
DOID:0111967,NCIT:C3792
DOID:0111990,NCIT:C6763
DOID:0110827,NCIT:C111884
DOID:0110828,NCIT:C84639
DOID:0110829,NCIT:C39990
DOID:0110861,NCIT:C5211
DOID:0110948,NCIT:C123175
DOID:0111054,NCIT:C34793
DOID:0112150,NCIT:C45340
DOID:0111148,NCIT:C8292
DOID:0111152,NCIT:C84397
DOID:0111157,NCIT:C4826
DOID:0112308,NCIT:C110923
DOID:10003,NCIT:C84740
DOID:0111200,NCIT:C4705
DOID:0111252,NCIT:C39929
DOID:0111278,NCIT:C34379
DOID:10016,NCIT:C4815
DOID:10017,NCIT:C87175
DOID:10022,NCIT:C7368
DOID:10024,NCIT:C4264
DOID:10027,NCIT:C6381
DOID:10030,NCIT:C28432
DOID:10044,NCIT:C6913
DOID:10047,NCIT:C6624
DOID:1005,NCIT:C26764
DOID:10069,NCIT:C26743
DOID:10095,NCIT:C5515
DOID:10112,NCIT:C9283
DOID:10124,NCIT:C118697
DOID:10126,NCIT:C39822
DOID:10128,NCIT:C27174
DOID:10131,NCIT:C84540
DOID:10156,NCIT:C7982
DOID:10175,NCIT:C6573
DOID:10184,NCIT:C84593
DOID:10192,NCIT:C122795
DOID:10193,NCIT:C4277
DOID:10206,NCIT:C27452
DOID:10208,NCIT:C3505
DOID:0111369,NCIT:C27942
DOID:0111375,NCIT:C116046
DOID:0111391,NCIT:C4664
DOID:0111392,NCIT:C128346
DOID:0111393,NCIT:C98989
DOID:0111394,NCIT:C8459
DOID:0111395,NCIT:C92203
DOID:0111400,NCIT:C27066
DOID:0111401,NCIT:C2856
DOID:0111402,NCIT:C4345
DOID:10236,NCIT:C39834
DOID:10241,NCIT:C27037
DOID:10264,NCIT:C148371
DOID:1029,NCIT:C36083
DOID:10301,NCIT:C79608
DOID:10303,NCIT:C40142
DOID:10319,NCIT:C27613
DOID:10320,NCIT:C27922
DOID:10321,NCIT:C37201
DOID:10323,NCIT:C35383
DOID:10324,NCIT:C40396
DOID:10325,NCIT:C116936
DOID:10327,NCIT:C5649
DOID:10329,NCIT:C4482
DOID:10330,NCIT:C3226
DOID:10331,NCIT:C79545
DOID:10349,NCIT:C27333
DOID:11394,NCIT:C7365
DOID:11396,NCIT:C3434
DOID:11401,NCIT:C161554
DOID:11406,NCIT:C3402
DOID:11427,NCIT:C9043
DOID:1143,NCIT:C7401
DOID:11459,NCIT:C27156
DOID:11476,NCIT:C3312
DOID:1148,NCIT:C27598
DOID:11482,NCIT:C8568
DOID:11486,NCIT:C39851
DOID:115,NCIT:C6545
DOID:11504,NCIT:C40399
DOID:11507,NCIT:C4256
DOID:11516,NCIT:C7585
DOID:11561,NCIT:C4437
DOID:11573,NCIT:C8287
DOID:11593,NCIT:C9493
DOID:11603,NCIT:C7534
DOID:11634,NCIT:C5860
DOID:11650,NCIT:C6753
DOID:10353,NCIT:C9368
DOID:10354,NCIT:C34774
DOID:1036,NCIT:C97164
DOID:10361,NCIT:C128395
DOID:10371,NCIT:C34507
DOID:10376,NCIT:C84783
DOID:104,NCIT:C4484
DOID:10423,NCIT:C84542
DOID:10443,NCIT:C7726
DOID:10456,NCIT:C48259
DOID:10457,NCIT:C26763
DOID:10458,NCIT:C84743
DOID:10480,NCIT:C7731
DOID:10487,NCIT:C142085
DOID:10499,NCIT:C35829
DOID:10541,NCIT:C82431
DOID:10544,NCIT:C5726
DOID:10554,NCIT:C27472
DOID:10567,NCIT:C35394
DOID:10568,NCIT:C35792
DOID:10573,NCIT:C6970
DOID:10582,NCIT:C7543
DOID:10584,NCIT:C121745
DOID:10588,NCIT:C84277
DOID:1059,NCIT:C7982
DOID:10591,NCIT:C3250
DOID:11665,NCIT:C26869
DOID:11684,NCIT:C7386
DOID:11695,NCIT:C87145
DOID:1171,NCIT:C84799
DOID:11712,NCIT:C84902
DOID:11713,NCIT:C40314
DOID:11714,NCIT:C34898
DOID:11716,NCIT:C34956
DOID:1172,NCIT:C5484
DOID:11720,NCIT:C39952
DOID:11721,NCIT:C171602
DOID:11724,NCIT:C84891
DOID:11726,NCIT:C8997
DOID:11727,NCIT:C84615
DOID:11729,NCIT:C9150
DOID:11759,NCIT:C35528
DOID:11797,NCIT:C4152
DOID:118,NCIT:C82341
DOID:11801,NCIT:C2983
DOID:11818,NCIT:C75467
DOID:11820,NCIT:C7523
DOID:1060,NCIT:C34974
DOID:10600,NCIT:C9368
DOID:10603,NCIT:C7462
DOID:10605,NCIT:C4793
DOID:10606,NCIT:C35699
DOID:10607,NCIT:C4256
DOID:10608,NCIT:C4011
DOID:10609,NCIT:C37266
DOID:10616,NCIT:C50807
DOID:10629,NCIT:C9469
DOID:1063,NCIT:C66808
DOID:1064,NCIT:C34738
DOID:10652,NCIT:C178416
DOID:1067,NCIT:C5175
DOID:10686,NCIT:C35023
DOID:10688,NCIT:C4647
DOID:10690,NCIT:C34858
DOID:10691,NCIT:C84475
DOID:1070,NCIT:C3410
DOID:1073,NCIT:C27474
DOID:1074,NCIT:C5567
DOID:10754,NCIT:C115993
DOID:1076,NCIT:C75487
DOID:10762,NCIT:C26755
DOID:10780,NCIT:C4653
DOID:10782,NCIT:C4437
DOID:10783,NCIT:C172328
DOID:10791,NCIT:C3519
DOID:10794,NCIT:C186494
DOID:10817,NCIT:C5303
DOID:10824,NCIT:C5461
DOID:10825,NCIT:C5265
DOID:10834,NCIT:C84942
DOID:10843,NCIT:C3249
DOID:10844,NCIT:C3086
DOID:10849,NCIT:C35400
DOID:1085,NCIT:C117254
DOID:10852,NCIT:C6719
DOID:10865,NCIT:C6753
DOID:10871,NCIT:C35690
DOID:10881,NCIT:C34820
DOID:10907,NCIT:C78579
DOID:10908,NCIT:C26953
DOID:10913,NCIT:C40446
DOID:10914,NCIT:C27481
DOID:10915,NCIT:C40367
DOID:10930,NCIT:C34398
DOID:10931,NCIT:C85184
DOID:10932,NCIT:C7990
DOID:10933,NCIT:C36068
DOID:10934,NCIT:C36079
DOID:10935,NCIT:C114766
DOID:10936,NCIT:C121564
DOID:10937,NCIT:C34927
DOID:10938,NCIT:C84753
DOID:10939,NCIT:C41354
DOID:10941,NCIT:C35413
DOID:10944,NCIT:C75018
DOID:10952,NCIT:C7534
DOID:10965,NCIT:C7719
DOID:10966,NCIT:C6175
DOID:10972,NCIT:C6631
DOID:10973,NCIT:C5972
DOID:10976,NCIT:C87167
DOID:1098,NCIT:C40170
DOID:1099,NCIT:C5567
DOID:10992,NCIT:C123251
DOID:110,NCIT:C34998
DOID:1100,NCIT:C121563
DOID:11029,NCIT:C80076
DOID:11031,NCIT:C35801
DOID:11037,NCIT:C6810
DOID:11038,NCIT:C113150
DOID:11060,NCIT:C131740
DOID:11077,NCIT:C4682
DOID:11823,NCIT:C5560
DOID:11824,NCIT:C37261
DOID:11829,NCIT:C4684
DOID:11830,NCIT:C9148
DOID:11831,NCIT:C84907
DOID:11832,NCIT:C5776
DOID:11836,NCIT:C78650
DOID:11840,NCIT:C6777
DOID:11905,NCIT:C37266
DOID:11917,NCIT:C84615
DOID:11949,NCIT:C5144
DOID:1195,NCIT:C39961
DOID:11963,NCIT:C98670
DOID:11976,NCIT:C4272
DOID:11981,NCIT:C5426
DOID:11984,NCIT:C125693
DOID:11994,NCIT:C3663
DOID:11996,NCIT:C35666
DOID:11997,NCIT:C97132
DOID:12016,NCIT:C6809
DOID:12028,NCIT:C128346
DOID:12043,NCIT:C70646
DOID:1205,NCIT:C97167
DOID:11100,NCIT:C39992
DOID:11102,NCIT:C27593
DOID:11111,NCIT:C5029
DOID:11121,NCIT:C7124
DOID:11123,NCIT:C87072
DOID:11130,NCIT:C40388
DOID:11151,NCIT:C6163
DOID:11155,NCIT:C172313
DOID:11156,NCIT:C6098
DOID:11162,NCIT:C26837
DOID:11164,NCIT:C9383
DOID:11165,NCIT:C6943
DOID:11189,NCIT:C9063
DOID:11190,NCIT:C4290
DOID:11193,NCIT:C3299
DOID:11198,NCIT:C27538
DOID:112,NCIT:C40232
DOID:11201,NCIT:C40120
DOID:11202,NCIT:C98130
DOID:11204,NCIT:C39907
DOID:11212,NCIT:C34927
DOID:11213,NCIT:C6779
DOID:11227,NCIT:C101253
DOID:11234,NCIT:C97132
DOID:11242,NCIT:C5319
DOID:11243,NCIT:C6176
DOID:11246,NCIT:C8409
DOID:11247,NCIT:C84710
DOID:11249,NCIT:C40355
DOID:11257,NCIT:C4549
DOID:11258,NCIT:C84908
DOID:11260,NCIT:C84882
DOID:12053,NCIT:C40212
DOID:121,NCIT:C113484
DOID:1210,NCIT:C38110
DOID:12128,NCIT:C35815
DOID:12139,NCIT:C5211
DOID:12143,NCIT:C40242
DOID:12155,NCIT:C4099
DOID:12156,NCIT:C5270
DOID:12157,NCIT:C123814
DOID:12161,NCIT:C3233
DOID:12169,NCIT:C5267
DOID:12205,NCIT:C4272
DOID:12206,NCIT:C3988
DOID:12211,NCIT:C8112
DOID:12215,NCIT:C4472
DOID:12217,NCIT:C5586
DOID:12241,NCIT:C3253
DOID:12270,NCIT:C28333
DOID:12271,NCIT:C6573
DOID:12275,NCIT:C118781
DOID:12287,NCIT:C5367
DOID:1229,NCIT:C5678
DOID:11262,NCIT:C34879
DOID:11266,NCIT:C39934
DOID:1129,NCIT:C34458
DOID:11294,NCIT:C6462
DOID:1130,NCIT:C2920
DOID:11312,NCIT:C73511
DOID:11328,NCIT:C4923
DOID:11329,NCIT:C97090
DOID:11335,NCIT:C3748
DOID:11338,NCIT:C5210
DOID:1134,NCIT:C38150
DOID:11343,NCIT:C35587
DOID:11353,NCIT:C9329
DOID:11364,NCIT:C26757
DOID:11372,NCIT:C6934
DOID:11383,NCIT:C92555
DOID:11385,NCIT:C39985
DOID:12305,NCIT:C6015
DOID:12306,NCIT:C9426
DOID:12308,NCIT:C7539
DOID:12309,NCIT:C180378
DOID:1233,NCIT:C34838
DOID:1235,NCIT:C2903
DOID:12365,NCIT:C27496
DOID:12375,NCIT:C118435
DOID:12376,NCIT:C4033
DOID:12385,NCIT:C129290
DOID:12386,NCIT:C5840
DOID:12387,NCIT:C34852
DOID:12388,NCIT:C4076
DOID:12399,NCIT:C123429
DOID:12400,NCIT:C123729
DOID:12401,NCIT:C40018
DOID:12402,NCIT:C27548
DOID:1243,NCIT:C6099
DOID:12449,NCIT:C34741
DOID:12450,NCIT:C84501
DOID:12466,NCIT:C40032
DOID:1247,NCIT:C5472
DOID:12491,NCIT:C84533
DOID:12514,NCIT:C72069
DOID:12522,NCIT:C5698
DOID:12526,NCIT:C3098
DOID:12531,NCIT:C84913
DOID:12554,NCIT:C3771
DOID:12556,NCIT:C26970
DOID:1733,NCIT:C84827
DOID:1737,NCIT:C4328
DOID:174,NCIT:C84883
DOID:1754,NCIT:C27162
DOID:1756,NCIT:C176808
DOID:1757,NCIT:C179058
DOID:1762,NCIT:C6382
DOID:1786,NCIT:C84692
DOID:1787,NCIT:C80342
DOID:182,NCIT:C3809
DOID:1824,NCIT:C84773
DOID:1825,NCIT:C34889
DOID:1826,NCIT:C2929
DOID:1827,NCIT:C40201
DOID:1835,NCIT:C6155
DOID:1837,NCIT:C92200
DOID:1849,NCIT:C176630
DOID:1852,NCIT:C8107
DOID:1858,NCIT:C34597
DOID:1866,NCIT:C85234
DOID:1876,NCIT:C26782
DOID:1882,NCIT:C4001
DOID:1883,NCIT:C8644
DOID:1891,NCIT:C3218
DOID:1907,NCIT:C4130
DOID:192,NCIT:C4333
DOID:1920,NCIT:C7813
DOID:1921,NCIT:C84995
DOID:12574,NCIT:C84701
DOID:12577,NCIT:C61273
DOID:12580,NCIT:C40112
DOID:12594,NCIT:C39925
DOID:12603,NCIT:C27578
DOID:12638,NCIT:C6753
DOID:12639,NCIT:C7353
DOID:12642,NCIT:C84758
DOID:12657,NCIT:C6913
DOID:12662,NCIT:C4279
DOID:12663,NCIT:C39928
DOID:12667,NCIT:C6971
DOID:12680,NCIT:C62436
DOID:12685,NCIT:C34505
DOID:12698,NCIT:C84630
DOID:127,NCIT:C27548
DOID:12712,NCIT:C3129
DOID:1272,NCIT:C6836
DOID:12720,NCIT:C34426
DOID:1273,NCIT:C3717
DOID:12731,NCIT:C9497
DOID:12732,NCIT:C5360
DOID:12783,NCIT:C85171
DOID:1925,NCIT:C3902
DOID:1927,NCIT:C34411
DOID:1929,NCIT:C85053
DOID:1933,NCIT:C26796
DOID:1934,NCIT:C3179
DOID:1935,NCIT:C3961
DOID:1936,NCIT:C39986
DOID:1943,NCIT:C98931
DOID:1949,NCIT:C85225
DOID:1962,NCIT:C6101
DOID:1969,NCIT:C26838
DOID:1975,NCIT:C5267
DOID:1984,NCIT:C35133
DOID:2001,NCIT:C9133
DOID:2006,NCIT:C123174
DOID:203,NCIT:C27942
DOID:2030,NCIT:C4970
DOID:2033,NCIT:C26763
DOID:2034,NCIT:C8713
DOID:2043,NCIT:C3014
DOID:2048,NCIT:C34810
DOID:205,NCIT:C26971
DOID:2051,NCIT:C128387
DOID:2053,NCIT:C3264
DOID:2055,NCIT:C84653
DOID:2059,NCIT:C3902
DOID:2065,NCIT:C123251
DOID:2066,NCIT:C7430
DOID:2068,NCIT:C34746
DOID:2074,NCIT:C37308
DOID:2078,NCIT:C6285
DOID:2089,NCIT:C81315
DOID:2092,NCIT:C6383
DOID:2106,NCIT:C129424
DOID:2112,NCIT:C50888
DOID:12802,NCIT:C34626
DOID:12803,NCIT:C75000
DOID:12835,NCIT:C40355
DOID:12837,NCIT:C5535
DOID:12841,NCIT:C5297
DOID:12849,NCIT:C27143
DOID:1287,NCIT:C40225
DOID:12883,NCIT:C6808
DOID:1289,NCIT:C92633
DOID:12900,NCIT:C84906
DOID:12904,NCIT:C34774
DOID:12918,NCIT:C84789
DOID:12929,NCIT:C5516
DOID:12930,NCIT:C39958
DOID:12932,NCIT:C4200
DOID:12935,NCIT:C5835
DOID:12978,NCIT:C3860
DOID:12986,NCIT:C3653
DOID:12995,NCIT:C35616
DOID:13001,NCIT:C9235
DOID:13002,NCIT:C84950
DOID:13014,NCIT:C50721
DOID:13025,NCIT:C40236
DOID:13027,NCIT:C7203
DOID:13033,NCIT:C5285
DOID:13035,NCIT:C5343
DOID:13042,NCIT:C40034
DOID:13068,NCIT:C27062
DOID:13072,NCIT:C84704
DOID:13078,NCIT:C84890
DOID:13081,NCIT:C41237
DOID:13088,NCIT:C84599
DOID:13094,NCIT:C6375
DOID:13098,NCIT:C92555
DOID:2113,NCIT:C82433
DOID:2120,NCIT:C3129
DOID:2135,NCIT:C27617
DOID:2145,NCIT:C92637
DOID:216,NCIT:C124520
DOID:2163,NCIT:C40175
DOID:2170,NCIT:C80512
DOID:2215,NCIT:C34711
DOID:2218,NCIT:C6344
DOID:2222,NCIT:C6507
DOID:2228,NCIT:C27311
DOID:223,NCIT:C4489
DOID:2231,NCIT:C92622
DOID:2234,NCIT:C4437
DOID:2236,NCIT:C5599
DOID:2237,NCIT:C8969
DOID:2239,NCIT:C5270
DOID:224,NCIT:C5585
DOID:225,NCIT:C5063
DOID:2253,NCIT:C4653
DOID:13117,NCIT:C6719
DOID:1312,NCIT:C125592
DOID:13137,NCIT:C5145
DOID:13139,NCIT:C37870
DOID:13141,NCIT:C3378
DOID:13143,NCIT:C94834
DOID:13148,NCIT:C3031
DOID:13166,NCIT:C3312
DOID:13169,NCIT:C97136
DOID:13186,NCIT:C2938
DOID:13195,NCIT:C5492
DOID:13197,NCIT:C5515
DOID:13198,NCIT:C40305
DOID:13207,NCIT:C34521
DOID:13208,NCIT:C84783
DOID:13241,NCIT:C116958
DOID:13248,NCIT:C129786
DOID:13258,NCIT:C7973
DOID:13268,NCIT:C82859
DOID:1328,NCIT:C6452
DOID:13300,NCIT:C27778
DOID:13313,NCIT:C26893
DOID:13316,NCIT:C84709
DOID:13317,NCIT:C2900
DOID:13336,NCIT:C54203
DOID:13351,NCIT:C3422
DOID:227,NCIT:C84595
DOID:2272,NCIT:C101304
DOID:2273,NCIT:C8696
DOID:2277,NCIT:C110940
DOID:2280,NCIT:C4460
DOID:2282,NCIT:C40962
DOID:2283,NCIT:C4982
DOID:2300,NCIT:C27744
DOID:2312,NCIT:C6514
DOID:2326,NCIT:C171941
DOID:2338,NCIT:C138179
DOID:2340,NCIT:C6555
DOID:2344,NCIT:C6998
DOID:2349,NCIT:C5473
DOID:235,NCIT:C6458
DOID:2352,NCIT:C28396
DOID:2355,NCIT:C84457
DOID:2361,NCIT:C84275
DOID:2367,NCIT:C26822
DOID:2373,NCIT:C5574
DOID:2378,NCIT:C3874
DOID:2382,NCIT:C83006
DOID:2383,NCIT:C34816
DOID:2392,NCIT:C4489
DOID:240,NCIT:C5554
DOID:2411,NCIT:C39992
DOID:2426,NCIT:C4807
DOID:2431,NCIT:C84685
DOID:2433,NCIT:C3876
DOID:2436,NCIT:C5462
DOID:2438,NCIT:C84501
DOID:2450,NCIT:C6891
DOID:2451,NCIT:C6811
DOID:2452,NCIT:C75486
DOID:2456,NCIT:C7113
DOID:2457,NCIT:C40104
DOID:2458,NCIT:C5398
DOID:13372,NCIT:C5211
DOID:13375,NCIT:C6162
DOID:13378,NCIT:C34352
DOID:13381,NCIT:C39827
DOID:13382,NCIT:C5283
DOID:13399,NCIT:C113335
DOID:1340,NCIT:C6170
DOID:13403,NCIT:C123216
DOID:13407,NCIT:C3201
DOID:13409,NCIT:C35394
DOID:13413,NCIT:C85022
DOID:1343,NCIT:C7152
DOID:13444,NCIT:C27332
DOID:13450,NCIT:C129930
DOID:13452,NCIT:C123330
DOID:13477,NCIT:C79702
DOID:13481,NCIT:C85217
DOID:13487,NCIT:C40291
DOID:13500,NCIT:C27241
DOID:13507,NCIT:C94829
DOID:13515,NCIT:C61252
DOID:1352,NCIT:C39725
DOID:13533,NCIT:C84900
DOID:2474,NCIT:C84885
DOID:2475,NCIT:C94352
DOID:2476,NCIT:C4102
DOID:2485,NCIT:C34916
DOID:2491,NCIT:C4524
DOID:2512,NCIT:C9335
DOID:2518,NCIT:C5360
DOID:2519,NCIT:C118634
DOID:2529,NCIT:C39869
DOID:254,NCIT:C5465
DOID:2544,NCIT:C34939
DOID:2548,NCIT:C50530
DOID:255,NCIT:C35171
DOID:2550,NCIT:C3661
DOID:2555,NCIT:C35027
DOID:2556,NCIT:C7279
DOID:2562,NCIT:C131839
DOID:2565,NCIT:C26762
DOID:2568,NCIT:C176800
DOID:2581,NCIT:C6347
DOID:2582,NCIT:C2937
DOID:2583,NCIT:C75100
DOID:2590,NCIT:C40369
DOID:2597,NCIT:C35163
DOID:2602,NCIT:C78282
DOID:2614,NCIT:C78446
DOID:262,NCIT:C50713
DOID:2621,NCIT:C26796
DOID:2636,NCIT:C26911
DOID:2639,NCIT:C27260
DOID:264,NCIT:C9329
DOID:2641,NCIT:C39854
DOID:2643,NCIT:C7137
DOID:2645,NCIT:C7598
DOID:2647,NCIT:C84442
DOID:13548,NCIT:C126738
DOID:13550,NCIT:C27407
DOID:13564,NCIT:C27641
DOID:13576,NCIT:C84914
DOID:1358,NCIT:C6745
DOID:13580,NCIT:C36086
DOID:13593,NCIT:C6026
DOID:13603,NCIT:C168988
DOID:1361,NCIT:C3728
DOID:13619,NCIT:C26782
DOID:13620,NCIT:C3156
DOID:13626,NCIT:C40443
DOID:13628,NCIT:C27071
DOID:1364,NCIT:C5296
DOID:13677,NCIT:C84741
DOID:13689,NCIT:C6644
DOID:13709,NCIT:C7419
DOID:13711,NCIT:C84551
DOID:13724,NCIT:C3198
DOID:13725,NCIT:C8563
DOID:13757,NCIT:C98938
DOID:13760,NCIT:C84711
DOID:13774,NCIT:C128346
DOID:13777,NCIT:C118847
DOID:13801,NCIT:C3457
DOID:13809,NCIT:C26792
DOID:13810,NCIT:C7889
DOID:13814,NCIT:C3153
DOID:13819,NCIT:C84741
DOID:1382,NCIT:C4146
DOID:13822,NCIT:C8970
DOID:13832,NCIT:C6983
DOID:13868,NCIT:C34515
DOID:1388,NCIT:C84748
DOID:1389,NCIT:C85172
DOID:13891,NCIT:C40090
DOID:13911,NCIT:C27613
DOID:13912,NCIT:C35875
DOID:13921,NCIT:C9041
DOID:13922,NCIT:C26760
DOID:13924,NCIT:C2937
DOID:13929,NCIT:C98912
DOID:1393,NCIT:C120902
DOID:13938,NCIT:C6476
DOID:1394,NCIT:C7611
DOID:13948,NCIT:C97095
DOID:13951,NCIT:C3476
DOID:13953,NCIT:C7327
DOID:13957,NCIT:C4910
DOID:1400,NCIT:C118298
DOID:14004,NCIT:C3060
DOID:1406,NCIT:C123259
DOID:14064,NCIT:C6643
DOID:14067,NCIT:C84389
DOID:14068,NCIT:C27802
DOID:14069,NCIT:C7113
DOID:1407,NCIT:C85172
DOID:14080,NCIT:C122805
DOID:14115,NCIT:C3114
DOID:14116,NCIT:C5144
DOID:14159,NCIT:C3510
DOID:1417,NCIT:C37265
DOID:14175,NCIT:C27204
DOID:14176,NCIT:C94524
DOID:14183,NCIT:C27199
DOID:14203,NCIT:C5973
DOID:14219,NCIT:C6759
DOID:14221,NCIT:C42057
DOID:14223,NCIT:C157149
DOID:14224,NCIT:C27538
DOID:14247,NCIT:C9349
DOID:1425,NCIT:C84756
DOID:1426,NCIT:C98964
DOID:14262,NCIT:C129021
DOID:14269,NCIT:C131302
DOID:14270,NCIT:C4558
DOID:14271,NCIT:C2995
DOID:14272,NCIT:C70938
DOID:2656,NCIT:C27414
DOID:2661,NCIT:C84669
DOID:2664,NCIT:C128368
DOID:2667,NCIT:C39783
DOID:2668,NCIT:C35445
DOID:2669,NCIT:C4619
DOID:2703,NCIT:C3988
DOID:2712,NCIT:C7013
DOID:2717,NCIT:C7001
DOID:2723,NCIT:C123212
DOID:2725,NCIT:C4469
DOID:2729,NCIT:C6584
DOID:2733,NCIT:C82892
DOID:2734,NCIT:C5309
DOID:2738,NCIT:C9499
DOID:2742,NCIT:C84912
DOID:2744,NCIT:C118750
DOID:2745,NCIT:C35010
DOID:2746,NCIT:C131420
DOID:2748,NCIT:C34418
DOID:2750,NCIT:C34741
DOID:2752,NCIT:C27135
DOID:2754,NCIT:C131084
DOID:2755,NCIT:C6256
DOID:2768,NCIT:C7136
DOID:2770,NCIT:C39907
DOID:2772,NCIT:C2952
DOID:2773,NCIT:C39849
DOID:2780,NCIT:C2995
DOID:2789,NCIT:C4029
DOID:2790,NCIT:C94537
DOID:2799,NCIT:C38158
DOID:28,NCIT:C79597
DOID:2800,NCIT:C5296
DOID:2801,NCIT:C7453
DOID:2828,NCIT:C5234
DOID:2833,NCIT:C39809
DOID:2834,NCIT:C34893
DOID:2835,NCIT:C97132
DOID:2838,NCIT:C84761
DOID:2839,NCIT:C40154
DOID:2841,NCIT:C35882
DOID:14283,NCIT:C27300
DOID:14289,NCIT:C26748
DOID:14292,NCIT:C62436
DOID:14320,NCIT:C27262
DOID:14324,NCIT:C188051
DOID:14330,NCIT:C53459
DOID:14332,NCIT:C34953
DOID:14336,NCIT:C3189
DOID:14350,NCIT:C5778
DOID:14351,NCIT:C7076
DOID:14365,NCIT:C148261
DOID:14374,NCIT:C6311
DOID:14384,NCIT:C35039
DOID:1439,NCIT:C3903
DOID:14447,NCIT:C26962
DOID:14448,NCIT:C124520
DOID:14449,NCIT:C4369
DOID:14450,NCIT:C3224
DOID:14451,NCIT:C27536
DOID:14452,NCIT:C6778
DOID:14453,NCIT:C2886
DOID:14464,NCIT:C34731
DOID:14495,NCIT:C124841
DOID:14497,NCIT:C35587
DOID:14498,NCIT:C2972
DOID:14500,NCIT:C92552
DOID:2846,NCIT:C35131
DOID:2855,NCIT:C6552
DOID:2856,NCIT:C8196
DOID:2859,NCIT:C4719
DOID:2860,NCIT:C35589
DOID:289,NCIT:C129442
DOID:2913,NCIT:C34586
DOID:2917,NCIT:C128400
DOID:2920,NCIT:C27850
DOID:2921,NCIT:C84760
DOID:2929,NCIT:C27288
DOID:2938,NCIT:C5617
DOID:2942,NCIT:C36095
DOID:2945,NCIT:C34959
DOID:2951,NCIT:C7473
DOID:2959,NCIT:C112198
DOID:2965,NCIT:C84753
DOID:2977,NCIT:C6840
DOID:2983,NCIT:C118750
DOID:2986,NCIT:C35116
DOID:2987,NCIT:C27390
DOID:2988,NCIT:C27199
DOID:2994,NCIT:C94353
DOID:3001,NCIT:C94376
DOID:3003,NCIT:C3484
DOID:3010,NCIT:C4171
DOID:3012,NCIT:C3398
DOID:3013,NCIT:C85041
DOID:14503,NCIT:C3252
DOID:14515,NCIT:C89329
DOID:14522,NCIT:C5543
DOID:14525,NCIT:C35397
DOID:1455,NCIT:C39951
DOID:1456,NCIT:C4748
DOID:146,NCIT:C35196
DOID:14654,NCIT:C186450
DOID:14686,NCIT:C85067
DOID:14687,NCIT:C84992
DOID:14695,NCIT:C26703
DOID:1470,NCIT:C6337
DOID:14701,NCIT:C7113
DOID:14702,NCIT:C6161
DOID:14705,NCIT:C3739
DOID:14720,NCIT:C6776
DOID:14735,NCIT:C26868
DOID:1475,NCIT:C6559
DOID:14753,NCIT:C34863
DOID:14755,NCIT:C7137
DOID:14756,NCIT:C9468
DOID:14757,NCIT:C180378
DOID:14761,NCIT:C5289
DOID:14768,NCIT:C26747
DOID:14775,NCIT:C8973
DOID:14791,NCIT:C37265
DOID:1483,NCIT:C68677
DOID:1485,NCIT:C6995
DOID:302,NCIT:C3305
DOID:303,NCIT:C9184
DOID:3042,NCIT:C98910
DOID:3044,NCIT:C84681
DOID:3049,NCIT:C5833
DOID:3071,NCIT:C99248
DOID:3081,NCIT:C6935
DOID:3082,NCIT:C3305
DOID:3083,NCIT:C40103
DOID:3089,NCIT:C157149
DOID:3098,NCIT:C61271
DOID:3116,NCIT:C34734
DOID:3118,NCIT:C4173
DOID:3127,NCIT:C101328
DOID:3128,NCIT:C27779
DOID:3138,NCIT:C39822
DOID:3140,NCIT:C85070
DOID:150,NCIT:C9149
DOID:1508,NCIT:C3087
DOID:1509,NCIT:C5678
DOID:1513,NCIT:C6913
DOID:1517,NCIT:C9294
DOID:1526,NCIT:C7535
DOID:1532,NCIT:C5374
DOID:1556,NCIT:C5490
DOID:1558,NCIT:C26874
DOID:1564,NCIT:C4552
DOID:1573,NCIT:C35882
DOID:1574,NCIT:C9384
DOID:1580,NCIT:C98930
DOID:1584,NCIT:C4945
DOID:1586,NCIT:C118783
DOID:1587,NCIT:C3519
DOID:1591,NCIT:C27027
DOID:1607,NCIT:C84559
DOID:161,NCIT:C7728
DOID:162,NCIT:C4270
DOID:1627,NCIT:C3635
DOID:1657,NCIT:C84316
DOID:166,NCIT:C35806
DOID:1670,NCIT:C4642
DOID:1679,NCIT:C34362
DOID:1681,NCIT:C7386
DOID:1682,NCIT:C75487
DOID:1686,NCIT:C84725
DOID:169,NCIT:C38151
DOID:3145,NCIT:C34934
DOID:3149,NCIT:C7725
DOID:315,NCIT:C131084
DOID:3156,NCIT:C128347
DOID:3162,NCIT:C3990
DOID:3166,NCIT:C6102
DOID:3168,NCIT:C3836
DOID:3177,NCIT:C5834
DOID:3179,NCIT:C110940
DOID:319,NCIT:C8696
DOID:3196,NCIT:C27329
DOID:3201,NCIT:C113335
DOID:3203,NCIT:C6155
DOID:3205,NCIT:C2878
DOID:3206,NCIT:C34459
DOID:3209,NCIT:C34915
DOID:321,NCIT:C8923
DOID:3218,NCIT:C6656
DOID:322,NCIT:C131420
DOID:3225,NCIT:C4374
DOID:3250,NCIT:C6887
DOID:3255,NCIT:C27804
DOID:326,NCIT:C35620
DOID:3260,NCIT:C84985
DOID:3263,NCIT:C4949
DOID:3274,NCIT:C6220
DOID:3275,NCIT:C84612
DOID:3278,NCIT:C84647
DOID:3279,NCIT:C7809
DOID:3280,NCIT:C34382
DOID:3282,NCIT:C27641
DOID:3283,NCIT:C7014
DOID:3292,NCIT:C9281
DOID:3301,NCIT:C84667
DOID:3307,NCIT:C4646
DOID:3309,NCIT:C34544
DOID:331,NCIT:C6618
DOID:17,NCIT:C112199
DOID:1702,NCIT:C39861
DOID:1703,NCIT:C5184
DOID:1712,NCIT:C5544
DOID:172,NCIT:C172328
DOID:1726,NCIT:C6904
DOID:1727,NCIT:C50515
DOID:1729,NCIT:C6938
DOID:173,NCIT:C61269
DOID:3314,NCIT:C123200
DOID:3318,NCIT:C35807
DOID:3324,NCIT:C8568
DOID:3326,NCIT:C34666
DOID:3327,NCIT:C3318
DOID:3328,NCIT:C27471
DOID:334,NCIT:C84786
DOID:3341,NCIT:C26863
DOID:3343,NCIT:C98912
DOID:3352,NCIT:C6935
DOID:3360,NCIT:C7534
DOID:3362,NCIT:C84886
DOID:3372,NCIT:C4457
DOID:3374,NCIT:C6796
DOID:3385,NCIT:C179229
DOID:3388,NCIT:C85006
DOID:339,NCIT:C6093
DOID:3401,NCIT:C84738
DOID:3405,NCIT:C27502
DOID:3407,NCIT:C27725
DOID:3413,NCIT:C7514
DOID:3428,NCIT:C4482
DOID:3429,NCIT:C4090
DOID:3436,NCIT:C27301
DOID:3437,NCIT:C42700
DOID:3443,NCIT:C3146
DOID:345,NCIT:C128402
DOID:3450,NCIT:C98920
DOID:3457,NCIT:C8404
DOID:3463,NCIT:C94337
DOID:3480,NCIT:C115203
DOID:3486,NCIT:C6043
DOID:349,NCIT:C6656
DOID:3490,NCIT:C6181
DOID:3493,NCIT:C3056
DOID:3498,NCIT:C128389
DOID:350,NCIT:C26738
DOID:3516,NCIT:C172207
DOID:3526,NCIT:C84787
DOID:3529,NCIT:C186610
DOID:3534,NCIT:C7113
DOID:3535,NCIT:C37864
DOID:3541,NCIT:C8274
DOID:3544,NCIT:C5707
DOID:355,NCIT:C94409
DOID:3558,NCIT:C4564
DOID:3577,NCIT:C5235
DOID:3593,NCIT:C92637
DOID:3596,NCIT:C94409
DOID:3612,NCIT:C2882
DOID:3613,NCIT:C4011
DOID:3615,NCIT:C26764
DOID:3616,NCIT:C3523
DOID:3618,NCIT:C9224
DOID:4336,NCIT:C9061
DOID:4337,NCIT:C26855
DOID:4347,NCIT:C41248
DOID:4353,NCIT:C3878
DOID:4359,NCIT:C123429
DOID:4360,NCIT:C34983
DOID:4367,NCIT:C6074
DOID:4377,NCIT:C27472
DOID:4379,NCIT:C27518
DOID:4394,NCIT:C4115
DOID:4397,NCIT:C84739
DOID:4398,NCIT:C98842
DOID:4399,NCIT:C4945
DOID:4400,NCIT:C5359
DOID:4404,NCIT:C82203
DOID:4406,NCIT:C6186
DOID:4407,NCIT:C123433
DOID:4409,NCIT:C4182
DOID:4415,NCIT:C6220
DOID:4419,NCIT:C84583
DOID:4428,NCIT:C6555
DOID:4430,NCIT:C7999
DOID:4433,NCIT:C4526
DOID:4436,NCIT:C6092
DOID:4447,NCIT:C6529
DOID:4448,NCIT:C9227
DOID:4449,NCIT:C2927
DOID:4464,NCIT:C34710
DOID:4471,NCIT:C3527
DOID:4472,NCIT:C65198
DOID:4479,NCIT:C27221
DOID:4480,NCIT:C34986
DOID:4481,NCIT:C9333
DOID:4483,NCIT:C40236
DOID:4486,NCIT:C125662
DOID:4488,NCIT:C6891
DOID:4489,NCIT:C126357
DOID:4500,NCIT:C5212
DOID:4510,NCIT:C157268
DOID:4520,NCIT:C80342
DOID:4522,NCIT:C97083
DOID:3633,NCIT:C9356
DOID:3641,NCIT:C39725
DOID:3643,NCIT:C35815
DOID:3644,NCIT:C80342
DOID:3646,NCIT:C7928
DOID:365,NCIT:C101216
DOID:3650,NCIT:C40254
DOID:3652,NCIT:C34473
DOID:3659,NCIT:C3747
DOID:3665,NCIT:C34817
DOID:367,NCIT:C35666
DOID:3672,NCIT:C129977
DOID:368,NCIT:C4001
DOID:3688,NCIT:C34844
DOID:3689,NCIT:C85199
DOID:3690,NCIT:C142085
DOID:371,NCIT:C27226
DOID:3720,NCIT:C136825
DOID:3737,NCIT:C128334
DOID:374,NCIT:C34958
DOID:3751,NCIT:C39827
DOID:4531,NCIT:C34767
DOID:4541,NCIT:C3182
DOID:4542,NCIT:C4483
DOID:4543,NCIT:C3655
DOID:4548,NCIT:C92206
DOID:4552,NCIT:C34833
DOID:4560,NCIT:C9461
DOID:4561,NCIT:C2975
DOID:4562,NCIT:C27516
DOID:4584,NCIT:C26739
DOID:4586,NCIT:C53707
DOID:4588,NCIT:C27536
DOID:4591,NCIT:C6098
DOID:4594,NCIT:C84914
DOID:4603,NCIT:C7109
DOID:4624,NCIT:C27937
DOID:4636,NCIT:C5972
DOID:4637,NCIT:C6551
DOID:4638,NCIT:C80303
DOID:4639,NCIT:C94575
DOID:4644,NCIT:C4515
DOID:4651,NCIT:C80099
DOID:4653,NCIT:C84615
DOID:4656,NCIT:C35805
DOID:4658,NCIT:C161542
DOID:4659,NCIT:C12333
DOID:4660,NCIT:C40016
DOID:4662,NCIT:C4603
DOID:467,NCIT:C172328
DOID:4674,NCIT:C5491
DOID:4675,NCIT:C185371
DOID:4677,NCIT:C4924
DOID:468,NCIT:C155872
DOID:4680,NCIT:C39611
DOID:469,NCIT:C34521
DOID:4691,NCIT:C6419
DOID:4692,NCIT:C35885
DOID:4693,NCIT:C3374
DOID:4698,NCIT:C27485
DOID:4699,NCIT:C5832
DOID:47,NCIT:C88411
DOID:470,NCIT:C62505
DOID:4702,NCIT:C84671
DOID:4707,NCIT:C39930
DOID:4730,NCIT:C5364
DOID:4737,NCIT:C35673
DOID:474,NCIT:C3961
DOID:4744,NCIT:C7568
DOID:3756,NCIT:C5560
DOID:3763,NCIT:C123216
DOID:3764,NCIT:C80427
DOID:3765,NCIT:C3747
DOID:3766,NCIT:C27016
DOID:3770,NCIT:C4933
DOID:3777,NCIT:C3274
DOID:3781,NCIT:C2884
DOID:379,NCIT:C84277
DOID:3805,NCIT:C5610
DOID:3827,NCIT:C5756
DOID:3828,NCIT:C4543
DOID:384,NCIT:C3120
DOID:3846,NCIT:C34632
DOID:3847,NCIT:C26798
DOID:3850,NCIT:C27514
DOID:3855,NCIT:C3021
DOID:3857,NCIT:C3039
DOID:3860,NCIT:C2868
DOID:3861,NCIT:C8388
DOID:3868,NCIT:C5164
DOID:3873,NCIT:C2942
DOID:3883,NCIT:C5342
DOID:3893,NCIT:C3800
DOID:3923,NCIT:C27364
DOID:3925,NCIT:C3275
DOID:3927,NCIT:C4062
DOID:3928,NCIT:C27027
DOID:3939,NCIT:C3654
DOID:4749,NCIT:C6997
DOID:4765,NCIT:C3844
DOID:4766,NCIT:C8113
DOID:4767,NCIT:C120909
DOID:4768,NCIT:C8054
DOID:4776,NCIT:C94332
DOID:4777,NCIT:C82431
DOID:4778,NCIT:C172313
DOID:4779,NCIT:C4188
DOID:4780,NCIT:C98815
DOID:4781,NCIT:C37913
DOID:4782,NCIT:C6384
DOID:4783,NCIT:C26841
DOID:4784,NCIT:C3544
DOID:4790,NCIT:C3517
DOID:4797,NCIT:C27885
DOID:4798,NCIT:C34450
DOID:480,NCIT:C27349
DOID:4810,NCIT:C3391
DOID:483,NCIT:C5715
DOID:4830,NCIT:C27407
DOID:4845,NCIT:C88413
DOID:4852,NCIT:C84476
DOID:4856,NCIT:C176979
DOID:486,NCIT:C5355
DOID:4866,NCIT:C4120
DOID:4889,NCIT:C4534
DOID:4890,NCIT:C40297
DOID:4895,NCIT:C40300
DOID:4903,NCIT:C129290
DOID:4915,NCIT:C129930
DOID:4917,NCIT:C4440
DOID:492,NCIT:C34421
DOID:4922,NCIT:C7567
DOID:4926,NCIT:C176905
DOID:4927,NCIT:C3639
DOID:4929,NCIT:C7150
DOID:3946,NCIT:C130039
DOID:3947,NCIT:C3354
DOID:3951,NCIT:C6338
DOID:396,NCIT:C5228
DOID:3965,NCIT:C148261
DOID:3968,NCIT:C6548
DOID:397,NCIT:C3536
DOID:4,NCIT:C5515
DOID:4003,NCIT:C26689
DOID:401,NCIT:C39845
DOID:4022,NCIT:C8192
DOID:4023,NCIT:C4299
DOID:4024,NCIT:C35023
DOID:4028,NCIT:C7931
DOID:4029,NCIT:C4062
DOID:403,NCIT:C34471
DOID:4031,NCIT:C4063
DOID:4034,NCIT:C6100
DOID:4035,NCIT:C35592
DOID:4037,NCIT:C5734
DOID:4038,NCIT:C7485
DOID:4044,NCIT:C2927
DOID:4055,NCIT:C4512
DOID:4078,NCIT:C7450
DOID:4079,NCIT:C40277
DOID:4085,NCIT:C35780
DOID:4087,NCIT:C9336
DOID:409,NCIT:C120409
DOID:4090,NCIT:C120197
DOID:4136,NCIT:C7477
DOID:4138,NCIT:C3536
DOID:4953,NCIT:C133086
DOID:4959,NCIT:C5297
DOID:496,NCIT:C3434
DOID:4961,NCIT:C6525
DOID:4970,NCIT:C26863
DOID:4976,NCIT:C7401
DOID:4977,NCIT:C84636
DOID:4989,NCIT:C7379
DOID:4990,NCIT:C7450
DOID:4993,NCIT:C27922
DOID:50,NCIT:C34903
DOID:5015,NCIT:C6469
DOID:5026,NCIT:C3868
DOID:5030,NCIT:C35133
DOID:5052,NCIT:C4882
DOID:5058,NCIT:C6558
DOID:5063,NCIT:C5101
DOID:4152,NCIT:C87110
DOID:4154,NCIT:C27068
DOID:4157,NCIT:C40455
DOID:4160,NCIT:C34425
DOID:4163,NCIT:C3515
DOID:4175,NCIT:C35786
DOID:418,NCIT:C4122
DOID:4183,NCIT:C6380
DOID:4184,NCIT:C39591
DOID:4188,NCIT:C97159
DOID:4196,NCIT:C34521
DOID:420,NCIT:C3158
DOID:4201,NCIT:C34844
DOID:421,NCIT:C92636
DOID:4210,NCIT:C128387
DOID:423,NCIT:C6208
DOID:4231,NCIT:C8460
DOID:4235,NCIT:C84995
DOID:4248,NCIT:C7376
DOID:4251,NCIT:C2938
DOID:4252,NCIT:C3252
DOID:4254,NCIT:C50778
DOID:4265,NCIT:C43223
DOID:4266,NCIT:C4002
DOID:4271,NCIT:C27893
DOID:4280,NCIT:C87175
DOID:4286,NCIT:C34353
DOID:429,NCIT:C34870
DOID:4290,NCIT:C9320
DOID:4291,NCIT:C6650
DOID:4292,NCIT:C79541
DOID:4293,NCIT:C40206
DOID:4294,NCIT:C4491
DOID:4295,NCIT:C4553
DOID:4300,NCIT:C8603
DOID:4304,NCIT:C6380
DOID:4305,NCIT:C114696
DOID:4307,NCIT:C6999
DOID:4310,NCIT:C84636
DOID:4313,NCIT:C84639
DOID:4321,NCIT:C84913
DOID:4323,NCIT:C36089
DOID:4324,NCIT:C8568
DOID:5074,NCIT:C4031
DOID:5075,NCIT:C26845
DOID:5082,NCIT:C39885
DOID:5100,NCIT:C116936
DOID:5104,NCIT:C5787
DOID:512,NCIT:C3253
DOID:5127,NCIT:C6966
DOID:5128,NCIT:C5599
DOID:5138,NCIT:C7523
DOID:5139,NCIT:C6848
DOID:5147,NCIT:C27377
DOID:5149,NCIT:C40259
DOID:5151,NCIT:C82068
DOID:5152,NCIT:C84505
DOID:5155,NCIT:C7733
DOID:5162,NCIT:C101328
DOID:5170,NCIT:C5831
DOID:5176,NCIT:C6581
DOID:5179,NCIT:C35424
DOID:5182,NCIT:C9426
DOID:5189,NCIT:C5611
DOID:519,NCIT:C4816
DOID:5191,NCIT:C5528
DOID:5193,NCIT:C3697
DOID:5194,NCIT:C101304
DOID:520,NCIT:C3746
DOID:5204,NCIT:C34734
DOID:5207,NCIT:C2970
DOID:5221,NCIT:C6508
DOID:5222,NCIT:C34956
DOID:5223,NCIT:C26827
DOID:5224,NCIT:C171941
DOID:5225,NCIT:C129722
DOID:5230,NCIT:C34965
DOID:5236,NCIT:C8273
DOID:5241,NCIT:C27871
DOID:525,NCIT:C26931
DOID:5251,NCIT:C27033
DOID:5258,NCIT:C5429
DOID:526,NCIT:C4130
DOID:5268,NCIT:C4443
DOID:5273,NCIT:C155996
DOID:529,NCIT:C39925
DOID:5295,NCIT:C4063
DOID:530,NCIT:C4537
DOID:5327,NCIT:C54244
DOID:533,NCIT:C6560
DOID:5330,NCIT:C34650
DOID:5334,NCIT:C4618
DOID:5339,NCIT:C7646
DOID:5351,NCIT:C34995
DOID:5362,NCIT:C26771
DOID:5370,NCIT:C84793
DOID:5373,NCIT:C40163
DOID:5374,NCIT:C5105
DOID:5378,NCIT:C8776
DOID:5379,NCIT:C9460
DOID:5384,NCIT:C4642
DOID:539,NCIT:C3021
DOID:5390,NCIT:C5962
DOID:5392,NCIT:C113400
DOID:5394,NCIT:C34858
DOID:5398,NCIT:C34806
DOID:5401,NCIT:C174114
DOID:4325,NCIT:C84489
DOID:4329,NCIT:C3662
DOID:5403,NCIT:C82203
DOID:5408,NCIT:C4146
DOID:5411,NCIT:C6555
DOID:5418,NCIT:C35807
DOID:5419,NCIT:C128439
DOID:5426,NCIT:C26866
DOID:543,NCIT:C6064
DOID:5439,NCIT:C112198
DOID:5442,NCIT:C5299
DOID:5444,NCIT:C129932
DOID:5445,NCIT:C9351
DOID:5446,NCIT:C26911
DOID:5453,NCIT:C99090
DOID:5468,NCIT:C94335
DOID:5469,NCIT:C3961
DOID:5477,NCIT:C6088
DOID:5479,NCIT:C61443
DOID:5482,NCIT:C3733
DOID:5484,NCIT:C110940
DOID:5487,NCIT:C26861
DOID:5494,NCIT:C111885
DOID:5500,NCIT:C155996
DOID:5504,NCIT:C26887
DOID:5505,NCIT:C35321
DOID:5510,NCIT:C5669
DOID:552,NCIT:C3060
DOID:5521,NCIT:C5144
DOID:5524,NCIT:C50559
DOID:6906,NCIT:C5313
DOID:6917,NCIT:C7462
DOID:693,NCIT:C2893
DOID:6945,NCIT:C39750
DOID:6947,NCIT:C34385
DOID:6951,NCIT:C3180
DOID:6959,NCIT:C34420
DOID:6977,NCIT:C4752
DOID:698,NCIT:C5752
DOID:6988,NCIT:C9192
DOID:699,NCIT:C35603
DOID:6992,NCIT:C4462
DOID:7004,NCIT:C113344
DOID:7005,NCIT:C40310
DOID:7008,NCIT:C6650
DOID:7014,NCIT:C9363
DOID:7016,NCIT:C8603
DOID:7030,NCIT:C122790
DOID:706,NCIT:C6089
DOID:7081,NCIT:C27389
DOID:7086,NCIT:C5596
DOID:7088,NCIT:C3737
DOID:7089,NCIT:C116794
DOID:7097,NCIT:C3009
DOID:7103,NCIT:C5241
DOID:7105,NCIT:C118786
DOID:7127,NCIT:C3959
DOID:7138,NCIT:C7558
DOID:7165,NCIT:C5586
DOID:7173,NCIT:C126744
DOID:7179,NCIT:C26835
DOID:718,NCIT:C3681
DOID:7188,NCIT:C3777
DOID:720,NCIT:C40104
DOID:7202,NCIT:C5273
DOID:7206,NCIT:C35315
DOID:7210,NCIT:C6925
DOID:7211,NCIT:C5280
DOID:7212,NCIT:C4288
DOID:7213,NCIT:C85028
DOID:7214,NCIT:C8383
DOID:7223,NCIT:C8970
DOID:7230,NCIT:C5962
DOID:7234,NCIT:C6463
DOID:7237,NCIT:C5500
DOID:724,NCIT:C53554
DOID:7241,NCIT:C40358
DOID:7263,NCIT:C7267
DOID:7269,NCIT:C116006
DOID:7289,NCIT:C40300
DOID:7293,NCIT:C27016
DOID:7302,NCIT:C27202
DOID:7305,NCIT:C7352
DOID:7312,NCIT:C27496
DOID:7315,NCIT:C4978
DOID:7319,NCIT:C38110
DOID:732,NCIT:C40141
DOID:7327,NCIT:C26786
DOID:7334,NCIT:C6891
DOID:7347,NCIT:C3793
DOID:736,NCIT:C34723
DOID:7360,NCIT:C4257
DOID:7365,NCIT:C35281
DOID:7371,NCIT:C5281
DOID:738,NCIT:C4978
DOID:7380,NCIT:C7013
DOID:7381,NCIT:C27486
DOID:7388,NCIT:C4983
DOID:7389,NCIT:C3981
DOID:74,NCIT:C79804
DOID:7400,NCIT:C116337
DOID:7402,NCIT:C27625
DOID:7409,NCIT:C5317
DOID:5566,NCIT:C7325
DOID:557,NCIT:C34910
DOID:5570,NCIT:C173795
DOID:5572,NCIT:C34586
DOID:5574,NCIT:C7925
DOID:5576,NCIT:C3272
DOID:5577,NCIT:C3389
DOID:5585,NCIT:C34677
DOID:5587,NCIT:C26977
DOID:559,NCIT:C40133
DOID:5597,NCIT:C6346
DOID:5604,NCIT:C75462
DOID:5605,NCIT:C40354
DOID:5614,NCIT:C38111
DOID:5615,NCIT:C5378
DOID:562,NCIT:C9014
DOID:7427,NCIT:C39992
DOID:743,NCIT:C3056
DOID:7435,NCIT:C4173
DOID:7436,NCIT:C5472
DOID:7441,NCIT:C35079
DOID:7444,NCIT:C27349
DOID:7459,NCIT:C4546
DOID:7475,NCIT:C6346
DOID:7480,NCIT:C9336
DOID:7482,NCIT:C6620
DOID:7488,NCIT:C118859
DOID:7489,NCIT:C92554
DOID:7492,NCIT:C5240
DOID:7497,NCIT:C40136
DOID:750,NCIT:C27578
DOID:7505,NCIT:C26801
DOID:7512,NCIT:C84602
DOID:7518,NCIT:C4324
DOID:7520,NCIT:C87145
DOID:7521,NCIT:C3243
DOID:7528,NCIT:C34683
DOID:7531,NCIT:C50783
DOID:7532,NCIT:C9425
DOID:7533,NCIT:C3697
DOID:7538,NCIT:C26962
DOID:7539,NCIT:C40135
DOID:7540,NCIT:C128429
DOID:7541,NCIT:C84397
DOID:7542,NCIT:C7543
DOID:7558,NCIT:C97083
DOID:7559,NCIT:C84562
DOID:7566,NCIT:C4437
DOID:7574,NCIT:C3146
DOID:7577,NCIT:C40127
DOID:7578,NCIT:C6066
DOID:758,NCIT:C79697
DOID:76,NCIT:C115207
DOID:7602,NCIT:C34421
DOID:7603,NCIT:C2867
DOID:7607,NCIT:C127822
DOID:5639,NCIT:C3307
DOID:5641,NCIT:C84607
DOID:5642,NCIT:C34799
DOID:5656,NCIT:C35543
DOID:5658,NCIT:C7925
DOID:5660,NCIT:C4267
DOID:5662,NCIT:C40962
DOID:5670,NCIT:C9149
DOID:5675,NCIT:C125390
DOID:5679,NCIT:C7604
DOID:5683,NCIT:C3889
DOID:5684,NCIT:C27472
DOID:5690,NCIT:C26845
DOID:5691,NCIT:C84482
DOID:5692,NCIT:C27068
DOID:5693,NCIT:C35796
DOID:5698,NCIT:C35799
DOID:5703,NCIT:C84826
DOID:5704,NCIT:C34590
DOID:5705,NCIT:C129468
DOID:5709,NCIT:C3927
DOID:5723,NCIT:C26911
DOID:5726,NCIT:C3146
DOID:5727,NCIT:C84672
DOID:5729,NCIT:C5790
DOID:573,NCIT:C4290
DOID:5730,NCIT:C4653
DOID:7615,NCIT:C61271
DOID:7633,NCIT:C128145
DOID:7634,NCIT:C34369
DOID:7635,NCIT:C84579
DOID:7642,NCIT:C4090
DOID:7651,NCIT:C35637
DOID:7656,NCIT:C84729
DOID:7664,NCIT:C84533
DOID:767,NCIT:C6216
DOID:769,NCIT:C34568
DOID:7693,NCIT:C6617
DOID:7697,NCIT:C26855
DOID:7713,NCIT:C34431
DOID:7725,NCIT:C129424
DOID:7731,NCIT:C6770
DOID:7735,NCIT:C39953
DOID:5731,NCIT:C4318
DOID:5747,NCIT:C185243
DOID:5749,NCIT:C34446
DOID:5757,NCIT:C4020
DOID:5758,NCIT:C34412
DOID:5759,NCIT:C27576
DOID:576,NCIT:C5500
DOID:5763,NCIT:C4669
DOID:5766,NCIT:C27005
DOID:5767,NCIT:C7010
DOID:5768,NCIT:C35764
DOID:5773,NCIT:C34831
DOID:5774,NCIT:C84805
DOID:5776,NCIT:C27942
DOID:5789,NCIT:C5754
DOID:5798,NCIT:C34958
DOID:580,NCIT:C26969
DOID:5805,NCIT:C26855
DOID:5810,NCIT:C4272
DOID:5812,NCIT:C83010
DOID:5813,NCIT:C92552
DOID:582,NCIT:C34529
DOID:5820,NCIT:C84681
DOID:5822,NCIT:C27000
DOID:5825,NCIT:C39868
DOID:583,NCIT:C6644
DOID:5834,NCIT:C5858
DOID:5843,NCIT:C7809
DOID:5844,NCIT:C4032
DOID:5848,NCIT:C3272
DOID:5849,NCIT:C39923
DOID:5851,NCIT:C26844
DOID:5852,NCIT:C9325
DOID:5854,NCIT:C6550
DOID:5862,NCIT:C34386
DOID:5870,NCIT:C26895
DOID:5876,NCIT:C8417
DOID:5884,NCIT:C5550
DOID:5893,NCIT:C9370
DOID:5894,NCIT:C186556
DOID:5907,NCIT:C5666
DOID:591,NCIT:C5041
DOID:5913,NCIT:C39827
DOID:5914,NCIT:C157879
DOID:5923,NCIT:C11967
DOID:593,NCIT:C85053
DOID:594,NCIT:C26868
DOID:778,NCIT:C5028
DOID:7806,NCIT:C34433
DOID:7808,NCIT:C113352
DOID:7817,NCIT:C84765
DOID:7818,NCIT:C27542
DOID:7819,NCIT:C3342
DOID:7820,NCIT:C28432
DOID:7825,NCIT:C94355
DOID:7839,NCIT:C39861
DOID:7843,NCIT:C40113
DOID:7849,NCIT:C170919
DOID:790,NCIT:C26963
DOID:7907,NCIT:C75034
DOID:7921,NCIT:C39952
DOID:7922,NCIT:C6935
DOID:7930,NCIT:C84887
DOID:7949,NCIT:C120909
DOID:7951,NCIT:C84691
DOID:7953,NCIT:C8422
DOID:7961,NCIT:C7514
DOID:7962,NCIT:C113170
DOID:7972,NCIT:C6973
DOID:7984,NCIT:C6741
DOID:7986,NCIT:C4321
DOID:799,NCIT:C3225
DOID:7996,NCIT:C6594
DOID:7997,NCIT:C7728
DOID:8000,NCIT:C35765
DOID:8002,NCIT:C26926
DOID:8003,NCIT:C6166
DOID:8009,NCIT:C39906
DOID:8020,NCIT:C140267
DOID:8029,NCIT:C7477
DOID:8030,NCIT:C5259
DOID:8050,NCIT:C27001
DOID:8051,NCIT:C9377
DOID:8057,NCIT:C148394
DOID:8058,NCIT:C26743
DOID:8072,NCIT:C157575
DOID:8081,NCIT:C8459
DOID:8082,NCIT:C157149
DOID:8083,NCIT:C6980
DOID:5948,NCIT:C6895
DOID:5949,NCIT:C35089
DOID:5958,NCIT:C3477
DOID:599,NCIT:C40167
DOID:5997,NCIT:C3514
DOID:5998,NCIT:C39821
DOID:600,NCIT:C75000
DOID:6004,NCIT:C87072
DOID:602,NCIT:C84904
DOID:6024,NCIT:C84802
DOID:6025,NCIT:C27885
DOID:603,NCIT:C3513
DOID:6034,NCIT:C3106
DOID:6048,NCIT:C61269
DOID:605,NCIT:C9161
DOID:6050,NCIT:C7061
DOID:6065,NCIT:C84269
DOID:607,NCIT:C27495
DOID:61,NCIT:C5288
DOID:6102,NCIT:C3234
DOID:6113,NCIT:C39915
DOID:6114,NCIT:C4636
DOID:612,NCIT:C2985
DOID:6126,NCIT:C101223
DOID:6167,NCIT:C97159
DOID:6179,NCIT:C79484
DOID:6195,NCIT:C112183
DOID:6196,NCIT:C125694
DOID:6197,NCIT:C27253
DOID:62,NCIT:C4877
DOID:6203,NCIT:C6341
DOID:6209,NCIT:C185167
DOID:6210,NCIT:C38760
DOID:6211,NCIT:C2917
DOID:6225,NCIT:C85009
DOID:6232,NCIT:C84826
DOID:624,NCIT:C4434
DOID:6244,NCIT:C133086
DOID:625,NCIT:C75482
DOID:6255,NCIT:C7930
DOID:6258,NCIT:C9009
DOID:6259,NCIT:C3055
DOID:626,NCIT:C90599
DOID:627,NCIT:C113344
DOID:6270,NCIT:C92631
DOID:6275,NCIT:C84551
DOID:6294,NCIT:C40112
DOID:630,NCIT:C26802
DOID:6307,NCIT:C120224
DOID:631,NCIT:C79804
DOID:6312,NCIT:C128347
DOID:6314,NCIT:C5285
DOID:6315,NCIT:C84565
DOID:6322,NCIT:C3777
DOID:6332,NCIT:C35057
DOID:6334,NCIT:C3030
DOID:6344,NCIT:C4543
DOID:6345,NCIT:C5574
DOID:635,NCIT:C61262
DOID:636,NCIT:C5551
DOID:6364,NCIT:C5105
DOID:6376,NCIT:C4342
DOID:6379,NCIT:C8189
DOID:6381,NCIT:C39611
DOID:639,NCIT:C35037
DOID:640,NCIT:C26971
DOID:6406,NCIT:C40358
DOID:6419,NCIT:C84987
DOID:6428,NCIT:C9061
DOID:6432,NCIT:C84541
DOID:6445,NCIT:C5190
DOID:6458,NCIT:C130985
DOID:8096,NCIT:C7190
DOID:8104,NCIT:C4272
DOID:8106,NCIT:C6637
DOID:811,NCIT:C6720
DOID:8110,NCIT:C3958
DOID:8117,NCIT:C34962
DOID:8125,NCIT:C84667
DOID:813,NCIT:C75118
DOID:8130,NCIT:C180557
DOID:8137,NCIT:C84667
DOID:8144,NCIT:C6559
DOID:8153,NCIT:C40391
DOID:8158,NCIT:C5965
DOID:817,NCIT:C6458
DOID:8170,NCIT:C129424
DOID:8177,NCIT:C5440
DOID:8178,NCIT:C34855
DOID:819,NCIT:C3031
DOID:8193,NCIT:C75012
DOID:8195,NCIT:C84987
DOID:820,NCIT:C6078
DOID:8200,NCIT:C9288
DOID:8221,NCIT:C129872
DOID:8223,NCIT:C40439
DOID:8224,NCIT:C5528
DOID:8225,NCIT:C5375
DOID:8227,NCIT:C123259
DOID:8233,NCIT:C84947
DOID:8239,NCIT:C84645
DOID:824,NCIT:C34979
DOID:8252,NCIT:C27182
DOID:8259,NCIT:C129271
DOID:8272,NCIT:C6887
DOID:8275,NCIT:C4478
DOID:8292,NCIT:C8383
DOID:8295,NCIT:C39783
DOID:8302,NCIT:C114767
DOID:8305,NCIT:C128346
DOID:8307,NCIT:C5494
DOID:8331,NCIT:C129021
DOID:8335,NCIT:C34866
DOID:8337,NCIT:C34854
DOID:8352,NCIT:C5574
DOID:8353,NCIT:C156433
DOID:8354,NCIT:C115203
DOID:8358,NCIT:C40397
DOID:8361,NCIT:C5319
DOID:8362,NCIT:C9469
DOID:8368,NCIT:C3418
DOID:8369,NCIT:C11967
DOID:646,NCIT:C4007
DOID:6482,NCIT:C27329
DOID:6484,NCIT:C8196
DOID:6498,NCIT:C4519
DOID:65,NCIT:C34924
DOID:6505,NCIT:C4152
DOID:6511,NCIT:C9161
DOID:6512,NCIT:C27942
DOID:6514,NCIT:C4029
DOID:6530,NCIT:C75481
DOID:6548,NCIT:C6631
DOID:655,NCIT:C85037
DOID:6553,NCIT:C111886
DOID:6564,NCIT:C96835
DOID:6569,NCIT:C6951
DOID:6594,NCIT:C6635
DOID:6605,NCIT:C85219
DOID:6606,NCIT:C128401
DOID:6608,NCIT:C176979
DOID:6613,NCIT:C34471
DOID:6620,NCIT:C34752
DOID:664,NCIT:C84533
DOID:6676,NCIT:C26887
DOID:6677,NCIT:C34447
DOID:668,NCIT:C176703
DOID:6680,NCIT:C35690
DOID:6682,NCIT:C8647
DOID:6688,NCIT:C34382
DOID:6692,NCIT:C7297
DOID:6693,NCIT:C9014
DOID:6696,NCIT:C27542
DOID:6697,NCIT:C3502
DOID:6705,NCIT:C34632
DOID:6706,NCIT:C5443
DOID:6707,NCIT:C50713
DOID:8389,NCIT:C7956
DOID:8392,NCIT:C9371
DOID:8408,NCIT:C5720
DOID:8409,NCIT:C85184
DOID:841,NCIT:C4690
DOID:8415,NCIT:C27377
DOID:8418,NCIT:C84724
DOID:8419,NCIT:C84652
DOID:8420,NCIT:C85043
DOID:8428,NCIT:C27591
DOID:8431,NCIT:C3876
DOID:8432,NCIT:C4107
DOID:8433,NCIT:C5494
DOID:8437,NCIT:C92631
DOID:8440,NCIT:C34583
DOID:8442,NCIT:C9166
DOID:8445,NCIT:C26856
DOID:8446,NCIT:C26855
DOID:8455,NCIT:C156311
DOID:8463,NCIT:C4237
DOID:8466,NCIT:C26755
DOID:8469,NCIT:C5846
DOID:8472,NCIT:C4029
DOID:8478,NCIT:C34737
DOID:848,NCIT:C75018
DOID:8481,NCIT:C40391
DOID:8482,NCIT:C4434
DOID:8488,NCIT:C6590
DOID:8500,NCIT:C114281
DOID:8501,NCIT:C118822
DOID:8505,NCIT:C84525
DOID:8506,NCIT:C3325
DOID:8534,NCIT:C27390
DOID:8536,NCIT:C97161
DOID:8538,NCIT:C27148
DOID:854,NCIT:C99100
DOID:8543,NCIT:C5398
DOID:8544,NCIT:C85071
DOID:8566,NCIT:C9497
DOID:6726,NCIT:C3178
DOID:6742,NCIT:C84910
DOID:6811,NCIT:C84632
DOID:682,NCIT:C5317
DOID:6823,NCIT:C27626
DOID:6827,NCIT:C4481
DOID:6839,NCIT:C40022
DOID:6869,NCIT:C2955
DOID:688,NCIT:C84628
DOID:8567,NCIT:C27744
DOID:8577,NCIT:C3529
DOID:8590,NCIT:C84760
DOID:8593,NCIT:C35602
DOID:8596,NCIT:C3073
DOID:8607,NCIT:C129977
DOID:8616,NCIT:C5715
DOID:8622,NCIT:C88411
DOID:8628,NCIT:C34577
DOID:863,NCIT:C2953
DOID:8635,NCIT:C187988
DOID:864,NCIT:C8540
DOID:8643,NCIT:C6559
DOID:865,NCIT:C34555
DOID:8654,NCIT:C5718
DOID:8659,NCIT:C5824
DOID:8660,NCIT:C40086
DOID:8680,NCIT:C4729
DOID:8683,NCIT:C9007
DOID:8689,NCIT:C82859
DOID:869,NCIT:C2942
DOID:870,NCIT:C41245
DOID:8704,NCIT:C5528
DOID:8712,NCIT:C185471
DOID:8717,NCIT:C26798
DOID:8736,NCIT:C177251
DOID:8738,NCIT:C26782
DOID:8741,NCIT:C9323
DOID:8743,NCIT:C4011
DOID:8757,NCIT:C4326
DOID:876,NCIT:C6846
DOID:8778,NCIT:C26837
DOID:8781,NCIT:C5378
DOID:8805,NCIT:C3335
DOID:8838,NCIT:C65192
DOID:8861,NCIT:C40310
DOID:8866,NCIT:C75545
DOID:8867,NCIT:C118636
DOID:8869,NCIT:C84579
DOID:8881,NCIT:C27399
DOID:8886,NCIT:C6499
DOID:8892,NCIT:C3704
DOID:8893,NCIT:C39838
DOID:891,NCIT:C3856
DOID:8913,NCIT:C5288
DOID:8920,NCIT:C34800
DOID:8924,NCIT:C6378
DOID:8927,NCIT:C3182
DOID:893,NCIT:C8192
DOID:8936,NCIT:C125904
DOID:8955,NCIT:C39907
DOID:898,NCIT:C7190
DOID:8986,NCIT:C27839
DOID:90,NCIT:C5515
DOID:9007,NCIT:C40326
DOID:9008,NCIT:C50530
DOID:9021,NCIT:C129865
DOID:9043,NCIT:C40113
DOID:906,NCIT:C75456
DOID:9060,NCIT:C7153
DOID:9065,NCIT:C158500
DOID:9072,NCIT:C98910
DOID:9074,NCIT:C9294
DOID:9088,NCIT:C84934
DOID:9097,NCIT:C34587
DOID:910,NCIT:C4296
DOID:9113,NCIT:C6744
DOID:9120,NCIT:C3356
DOID:913,NCIT:C5406
DOID:9146,NCIT:C35610
DOID:9149,NCIT:C113750
DOID:9153,NCIT:C27221
DOID:9164,NCIT:C5700
DOID:9181,NCIT:C3476
DOID:9182,NCIT:C39784
DOID:92,NCIT:C6509
DOID:9201,NCIT:C4614
DOID:9206,NCIT:C78646
DOID:9210,NCIT:C27961
DOID:9220,NCIT:C7560
DOID:9240,NCIT:C37201
DOID:9245,NCIT:C84551
DOID:9252,NCIT:C2883
DOID:9253,NCIT:C34861
DOID:9266,NCIT:C26704
DOID:9271,NCIT:C50607
DOID:9273,NCIT:C40329
DOID:9279,NCIT:C34918
DOID:9280,NCIT:C85184
DOID:9281,NCIT:C4524
DOID:9282,NCIT:C39835
DOID:9286,NCIT:C9168
DOID:9297,NCIT:C62545
DOID:9307,NCIT:C35562
DOID:9317,NCIT:C7587
DOID:9341,NCIT:C9281
DOID:9348,NCIT:C4515
DOID:9352,NCIT:C8965
DOID:9362,NCIT:C6148
DOID:9368,NCIT:C34854
DOID:9370,NCIT:C4062
DOID:9392,NCIT:C34870
DOID:9395,NCIT:C35690
DOID:9396,NCIT:C3477
DOID:9398,NCIT:C26743
DOID:9406,NCIT:C84913
DOID:9408,NCIT:C34369
DOID:9409,NCIT:C4883
DOID:9410,NCIT:C45428
DOID:9423,NCIT:C5787
DOID:9428,NCIT:C6876
DOID:9439,NCIT:C40329
DOID:9446,NCIT:C5630
DOID:9471,NCIT:C34536
DOID:9476,NCIT:C36096
DOID:9477,NCIT:C4168
DOID:950,NCIT:C84907
DOID:9502,NCIT:C7138
DOID:9507,NCIT:C84548
DOID:9521,NCIT:C6857
DOID:9537,NCIT:C26910
DOID:9550,NCIT:C35170
DOID:9553,NCIT:C5232
DOID:9561,NCIT:C84901
DOID:9562,NCIT:C34473
DOID:9563,NCIT:C84668
DOID:9565,NCIT:C35434
DOID:9584,NCIT:C3391
DOID:9588,NCIT:C5834
DOID:9589,NCIT:C78650
DOID:9598,NCIT:C185196
DOID:9599,NCIT:C8601
DOID:96,NCIT:C34934
DOID:9601,NCIT:C34962
DOID:9602,NCIT:C84639
DOID:9603,NCIT:C62546
DOID:9622,NCIT:C27202
DOID:9643,NCIT:C27312
DOID:9663,NCIT:C6809
DOID:9667,NCIT:C36207
DOID:9669,NCIT:C39658
DOID:9673,NCIT:C5041
DOID:9681,NCIT:C27043
DOID:9682,NCIT:C9242
DOID:9699,NCIT:C62798
DOID:971,NCIT:C35372
DOID:9714,NCIT:C84647
DOID:9726,NCIT:C6338
DOID:9733,NCIT:C8300
DOID:9743,NCIT:C27473
DOID:9746,NCIT:C36095
DOID:9765,NCIT:C131437
DOID:9766,NCIT:C7641
DOID:9788,NCIT:C35706
DOID:9808,NCIT:C3720
DOID:9809,NCIT:C5452
DOID:9810,NCIT:C4237
DOID:9835,NCIT:C34345
DOID:9837,NCIT:C35492
DOID:9840,NCIT:C5585
DOID:9841,NCIT:C128191
DOID:9849,NCIT:C168988
DOID:9856,NCIT:C116006
DOID:9861,NCIT:C5378
DOID:9868,NCIT:C4641
DOID:987,NCIT:C34752
DOID:9903,NCIT:C114767
DOID:9905,NCIT:C3844
DOID:9909,NCIT:C26688
DOID:9923,NCIT:C34493
DOID:9938,NCIT:C27839
DOID:9939,NCIT:C4123
DOID:9942,NCIT:C40234
DOID:9953,NCIT:C35072
DOID:9955,NCIT:C5238
DOID:9965,NCIT:C5603
DOID:9969,NCIT:C7543
DOID:9970,NCIT:C2928
DOID:9973,NCIT:C92950
DOID:9975,NCIT:C84910
DOID:9976,NCIT:C4978
DOID:9977,NCIT:C5273
DOID:9988,NCIT:C5743
DOID:9997,NCIT:C9091
