NCIT:C3235,DOID:2860
NCIT:C148261,DOID:7656
NCIT:C111814,DOID:14453
NCIT:C126560,DOID:12556
NCIT:C98813,DOID:1107
NCIT:C34910,DOID:7232
NCIT:C124846,DOID:5124
NCIT:C34555,DOID:5527
NCIT:C130983,DOID:2921
NCIT:C114354,DOID:4047
NCIT:C34792,DOID:13691
NCIT:C128411,DOID:6054
NCIT:C133742,DOID:6171
NCIT:C84797,DOID:1398
NCIT:C35716,DOID:5127
NCIT:C62586,DOID:11111
NCIT:C35288,DOID:4692
NCIT:C170433,DOID:5798
NCIT:C48829,DOID:8628
NCIT:C84453,DOID:11213
NCIT:C84402,DOID:14305
NCIT:C84501,DOID:4933
NCIT:C79484,DOID:7607
NCIT:C3147,DOID:9870
NCIT:C84571,DOID:5048
NCIT:C97159,DOID:0060655
NCIT:C84711,DOID:1919
NCIT:C84789,DOID:10686
NCIT:C84760,DOID:0060282
NCIT:C84890,DOID:2581
NCIT:C103921,DOID:3743
NCIT:C84604,DOID:8702
NCIT:C168988,DOID:3705
NCIT:C9233,DOID:3029
NCIT:C113750,DOID:10301
NCIT:C35528,DOID:4514
NCIT:C61273,DOID:7236
NCIT:C84710,DOID:9563
NCIT:C84905,DOID:7173
NCIT:C34418,DOID:6370
NCIT:C120902,DOID:5268
NCIT:C99053,DOID:6845
NCIT:C7955,DOID:8188
NCIT:C9160,DOID:6945
NCIT:C118822,DOID:4734
NCIT:C136825,DOID:3742
NCIT:C48613,DOID:11242
NCIT:C7956,DOID:9667
NCIT:C84827,DOID:13677
NCIT:C111884,DOID:13620
NCIT:C84788,DOID:6232
NCIT:C3138,DOID:5742
NCIT:C172328,DOID:4074
NCIT:C168999,DOID:10931
NCIT:C4099,DOID:3520
NCIT:C101214,DOID:14743
NCIT:C34733,DOID:10604
NCIT:C54203,DOID:0080684
NCIT:C3720,DOID:14145
NCIT:C80280,DOID:10071
NCIT:C4664,DOID:6337
NCIT:C84913,DOID:10140
NCIT:C3453,DOID:1584
NCIT:C170437,DOID:0081076
NCIT:C3168,DOID:2945
NCIT:C8263,DOID:12638
NCIT:C84270,DOID:14139
NCIT:C84275,DOID:3965
NCIT:C84276,DOID:5775
NCIT:C84277,DOID:5703
NCIT:C3179,DOID:6935
NCIT:C3178,DOID:14525
NCIT:C3800,DOID:4432
NCIT:C2970,DOID:576
NCIT:C8863,DOID:4347
NCIT:C84773,DOID:1906
NCIT:C4563,DOID:4524
NCIT:C4862,DOID:8203
NCIT:C6803,DOID:2156
NCIT:C26703,DOID:3614
NCIT:C75100,DOID:0060262
NCIT:C26884,DOID:9270
NCIT:C116337,DOID:768
NCIT:C84619,DOID:3109
NCIT:C3898,DOID:10070
NCIT:C135017,DOID:13033
NCIT:C3878,DOID:440
NCIT:C7153,DOID:4038
NCIT:C3704,DOID:1835
NCIT:C6496,DOID:1059
NCIT:C3771,DOID:3962
NCIT:C3211,DOID:2283
NCIT:C3467,DOID:2814
NCIT:C171133,DOID:0060485
NCIT:C67107,DOID:6160
NCIT:C8936,DOID:4480
NCIT:C80331,DOID:3605
NCIT:C80342,DOID:10616
NCIT:C80343,DOID:4398
NCIT:C80335,DOID:0080211
NCIT:C80338,DOID:10087
NCIT:C80346,DOID:14305
NCIT:C80347,DOID:4997
NCIT:C130039,DOID:14213
NCIT:C123245,DOID:9253
NCIT:C120199,DOID:11234
NCIT:C53555,DOID:4549
NCIT:C129309,DOID:7328
NCIT:C132195,DOID:1974
NCIT:C129440,DOID:8179
NCIT:C129441,DOID:11714
NCIT:C129442,DOID:0090106
NCIT:C5398,DOID:92
NCIT:C3325,DOID:4226
NCIT:C180557,DOID:5026
NCIT:C85076,DOID:851
NCIT:C122653,DOID:0070212
NCIT:C26723,DOID:0081303
NCIT:C38504,DOID:3307
NCIT:C27021,DOID:3939
NCIT:C27147,DOID:5769
NCIT:C128347,DOID:2065
NCIT:C84782,DOID:3082
NCIT:C37262,DOID:1483
NCIT:C129443,DOID:9113
NCIT:C129444,DOID:0111949
NCIT:C129445,DOID:1911
NCIT:C129446,DOID:0060857
NCIT:C129699,DOID:8736
NCIT:C120191,DOID:2833
NCIT:C45540,DOID:10808
NCIT:C7224,DOID:5193
NCIT:C8923,DOID:4653
NCIT:C4613,DOID:5690
NCIT:C7972,DOID:5867
NCIT:C3164,DOID:10030
NCIT:C122688,DOID:9087
NCIT:C43223,DOID:6407
NCIT:C4656,DOID:6936
NCIT:C6971,DOID:9210
NCIT:C129327,DOID:0080798
NCIT:C185167,DOID:7360
NCIT:C84670,DOID:14174
NCIT:C84644,DOID:633
NCIT:C70646,DOID:13166
NCIT:C50466,DOID:2935
NCIT:C98873,DOID:709
NCIT:C114766,DOID:11243
NCIT:C74986,DOID:2121
NCIT:C75003,DOID:0111783
NCIT:C35043,DOID:6482
NCIT:C131133,DOID:2887
NCIT:C118435,DOID:13500
NCIT:C27298,DOID:2135
NCIT:C34631,DOID:8410
NCIT:C129291,DOID:4679
NCIT:C167335,DOID:7609
NCIT:C39750,DOID:3198
NCIT:C185371,DOID:0060312
NCIT:C129321,DOID:4464
NCIT:C186494,DOID:10324
NCIT:C129351,DOID:8331
NCIT:C4915,DOID:10813
NCIT:C4826,DOID:12783
NCIT:C130234,DOID:11712
NCIT:C27349,DOID:1526
NCIT:C7152,DOID:8578
NCIT:C116936,DOID:7698
NCIT:C6772,DOID:4878
NCIT:C129785,DOID:3893
NCIT:C36081,DOID:3605
NCIT:C36080,DOID:686
NCIT:C125904,DOID:5540
NCIT:C126357,DOID:8161
NCIT:C4153,DOID:6634
NCIT:C82192,DOID:3322
NCIT:C82203,DOID:2113
NCIT:C82212,DOID:4301
NCIT:C4753,DOID:876
NCIT:C4752,DOID:0060312
NCIT:C8459,DOID:10458
NCIT:C45340,DOID:605
NCIT:C161554,DOID:4301
NCIT:C61233,DOID:11717
NCIT:C173131,DOID:10964
NCIT:C112198,DOID:2742
NCIT:C3722,DOID:3260
NCIT:C99090,DOID:1712
NCIT:C3182,DOID:6774
NCIT:C98997,DOID:61
NCIT:C34945,DOID:7381
NCIT:C3477,DOID:9598
NCIT:C84907,DOID:7912
NCIT:C148395,DOID:5292
NCIT:C148398,DOID:501
NCIT:C148394,DOID:9392
NCIT:C148396,DOID:127
NCIT:C7203,DOID:115
NCIT:C82423,DOID:4242
NCIT:C7463,DOID:5588
NCIT:C82426,DOID:2565
NCIT:C8460,DOID:8886
NCIT:C3249,DOID:11797
NCIT:C3250,DOID:8305
NCIT:C82431,DOID:1393
NCIT:C129782,DOID:6016
NCIT:C129786,DOID:8158
NCIT:C7600,DOID:5478
NCIT:C9288,DOID:3544
NCIT:C174129,DOID:1470
NCIT:C82433,DOID:13515
NCIT:C82427,DOID:7643
NCIT:C124841,DOID:681
NCIT:C131420,DOID:7651
NCIT:C74983,DOID:57
NCIT:C130985,DOID:12801
NCIT:C121563,DOID:5667
NCIT:C84795,DOID:2378
NCIT:C5324,DOID:11836
NCIT:C4289,DOID:3114
NCIT:C6476,DOID:11385
NCIT:C6966,DOID:6370
NCIT:C165671,DOID:6003
NCIT:C120224,DOID:0050750
NCIT:C92624,DOID:12889
NCIT:C186350,DOID:0060183
NCIT:C186351,DOID:6579
NCIT:C186450,DOID:0081092
NCIT:C186451,DOID:14221
NCIT:C129271,DOID:8149
NCIT:C129290,DOID:4055
NCIT:C185218,DOID:3742
NCIT:C92552,DOID:4928
NCIT:C185467,DOID:0080800
NCIT:C185471,DOID:5629
NCIT:C185196,DOID:10138
NCIT:C94524,DOID:0080630
NCIT:C92554,DOID:4473
NCIT:C129431,DOID:9467
NCIT:C179229,DOID:13409
NCIT:C186534,DOID:5136
NCIT:C129424,DOID:467
NCIT:C129427,DOID:7817
NCIT:C185879,DOID:14695
NCIT:C180378,DOID:5896
NCIT:C94537,DOID:7365
NCIT:C7930,DOID:3847
NCIT:C7931,DOID:182
NCIT:C4342,DOID:3458
NCIT:C3466,DOID:3602
NCIT:C71720,DOID:5854
NCIT:C92555,DOID:13550
NCIT:C186556,DOID:5874
NCIT:C186610,DOID:3138
NCIT:C84733,DOID:5099
NCIT:C124056,DOID:3204
NCIT:C45716,DOID:7198
NCIT:C98930,DOID:0050530
NCIT:C124837,DOID:9439
NCIT:C66950,DOID:6867
NCIT:C53554,DOID:6581
NCIT:C131685,DOID:2510
NCIT:C155996,DOID:2609
NCIT:C142085,DOID:0060304
NCIT:C3519,DOID:8409
NCIT:C98982,DOID:13405
NCIT:C4828,DOID:4235
NCIT:C128115,DOID:907
NCIT:C3391,DOID:2962
NCIT:C98931,DOID:0050473
NCIT:C84562,DOID:603
NCIT:C123212,DOID:7817
NCIT:C123213,DOID:4028
NCIT:C123214,DOID:9471
NCIT:C129021,DOID:5408
NCIT:C120409,DOID:4923
NCIT:C124520,DOID:5126
NCIT:C4924,DOID:6723
NCIT:C27871,DOID:6827
NCIT:C126328,DOID:3753
NCIT:C75008,DOID:10070
NCIT:C85213,DOID:2833
NCIT:C84666,DOID:162
NCIT:C7528,DOID:8761
NCIT:C125484,DOID:0080119
NCIT:C27855,DOID:8072
NCIT:C3056,DOID:14374
NCIT:C113217,DOID:4790
NCIT:C26739,DOID:6854
NCIT:C116933,DOID:8243
NCIT:C132826,DOID:2670
NCIT:C118781,DOID:0050847
NCIT:C3274,DOID:5530
NCIT:C3273,DOID:7578
NCIT:C26764,DOID:4438
NCIT:C117005,DOID:8596
NCIT:C35057,DOID:9348
NCIT:C34571,DOID:0050766
NCIT:C4358,DOID:6576
NCIT:C4227,DOID:10688
NCIT:C4225,DOID:0060284
NCIT:C3504,DOID:3111
NCIT:C4633,DOID:3693
NCIT:C4426,DOID:4603
NCIT:C7742,DOID:13110
NCIT:C84768,DOID:13169
NCIT:C128391,DOID:4449
NCIT:C3876,DOID:0111704
NCIT:C34734,DOID:14695
NCIT:C84541,DOID:11615
NCIT:C26731,DOID:7676
NCIT:C26806,DOID:1584
NCIT:C127822,DOID:4157
NCIT:C35113,DOID:7326
NCIT:C34503,DOID:5274
NCIT:C34553,DOID:5402
NCIT:C7523,DOID:0080956
NCIT:C3130,DOID:6564
NCIT:C3307,DOID:5189
NCIT:C4254,DOID:0050432
NCIT:C3703,DOID:1803
NCIT:C27530,DOID:4687
NCIT:C6503,DOID:7583
NCIT:C85011,DOID:13336
NCIT:C94352,DOID:0060312
NCIT:C84824,DOID:1580
NCIT:C35199,DOID:7567
NCIT:C5531,DOID:7191
NCIT:C84709,DOID:918
NCIT:C114281,DOID:9263
NCIT:C26882,DOID:7465
NCIT:C26861,DOID:3612
NCIT:C27559,DOID:4048
NCIT:C84573,DOID:6249
NCIT:C34410,DOID:3156
NCIT:C84605,DOID:5194
NCIT:C34389,DOID:5102
NCIT:C3369,DOID:2733
NCIT:C34390,DOID:6856
NCIT:C27026,DOID:12960
NCIT:C35397,DOID:6683
NCIT:C35315,DOID:3302
NCIT:C3378,DOID:864
NCIT:C5315,DOID:7401
NCIT:C3353,DOID:8736
NCIT:C26868,DOID:2475
NCIT:C3079,DOID:12342
NCIT:C5134,DOID:13399
NCIT:C34965,DOID:0060061
NCIT:C123038,DOID:5309
NCIT:C35111,DOID:4968
NCIT:C179646,DOID:6054
NCIT:C34601,DOID:13620
NCIT:C85035,DOID:11503
NCIT:C3546,DOID:5100
NCIT:C3298,DOID:4114
NCIT:C87110,DOID:0060703
NCIT:C78246,DOID:7263
NCIT:C111644,DOID:0081094
NCIT:C28155,DOID:8239
NCIT:C50481,DOID:7558
NCIT:C50888,DOID:10790
NCIT:C27068,DOID:9970
NCIT:C27033,DOID:3258
NCIT:C92567,DOID:10616
NCIT:C157879,DOID:0111534
NCIT:C79608,DOID:0080188
NCIT:C26969,DOID:6854
NCIT:C34357,DOID:0081093
NCIT:C27597,DOID:3857
NCIT:C84721,DOID:1726
NCIT:C34955,DOID:9997
NCIT:C3514,DOID:2438
NCIT:C82994,DOID:10287
NCIT:C84706,DOID:12835
NCIT:C12333,DOID:14452
NCIT:C117312,DOID:3813
NCIT:C26862,DOID:10587
NCIT:C85191,DOID:7757
NCIT:C34834,DOID:4323
NCIT:C90599,DOID:4813
NCIT:C34907,DOID:5268
NCIT:C3660,DOID:3303
NCIT:C3039,DOID:0050464
NCIT:C3483,DOID:5703
NCIT:C128374,DOID:14497
NCIT:C7539,DOID:2750
NCIT:C41353,DOID:11720
NCIT:C118764,DOID:10200
NCIT:C3181,DOID:13481
NCIT:C2890,DOID:7401
NCIT:C34354,DOID:7076
NCIT:C50593,DOID:1623
NCIT:C116006,DOID:8419
NCIT:C128339,DOID:5194
NCIT:C128334,DOID:3928
NCIT:C34500,DOID:5494
NCIT:C34837,DOID:9939
NCIT:C98912,DOID:8251
NCIT:C87072,DOID:4853
NCIT:C84790,DOID:3307
NCIT:C34700,DOID:0111585
NCIT:C26691,DOID:3594
NCIT:C3653,DOID:13313
NCIT:C5484,DOID:0111375
NCIT:C27131,DOID:12030
NCIT:C188051,DOID:9726
NCIT:C34813,DOID:476
NCIT:C41354,DOID:5580
NCIT:C41352,DOID:2170
NCIT:C26838,DOID:4388
NCIT:C61253,DOID:3263
NCIT:C61251,DOID:3352
NCIT:C85043,DOID:5709
NCIT:C85045,DOID:2733
NCIT:C61254,DOID:13819
NCIT:C84392,DOID:0111510
NCIT:C85021,DOID:0080899
NCIT:C75467,DOID:8338
NCIT:C101223,DOID:4500
NCIT:C34861,DOID:1005
NCIT:C27548,DOID:118
NCIT:C35645,DOID:0081092
NCIT:C34537,DOID:4870
NCIT:C35610,DOID:7763
NCIT:C34942,DOID:1963
NCIT:C122685,DOID:0111389
NCIT:C99248,DOID:864
NCIT:C84942,DOID:6996
NCIT:C34711,DOID:13929
NCIT:C84675,DOID:5815
NCIT:C84914,DOID:3451
NCIT:C84828,DOID:557
NCIT:C84685,DOID:4626
NCIT:C84704,DOID:5810
NCIT:C45161,DOID:2410
NCIT:C34380,DOID:3374
NCIT:C26975,DOID:7926
NCIT:C3319,DOID:5926
NCIT:C34952,DOID:5284
NCIT:C12337,DOID:0060243
NCIT:C12332,DOID:0081064
NCIT:C84748,DOID:12143
NCIT:C116768,DOID:11343
NCIT:C34646,DOID:11678
NCIT:C3154,DOID:6160
NCIT:C99059,DOID:2965
NCIT:C34431,DOID:6683
NCIT:C45428,DOID:6428
NCIT:C26714,DOID:2877
NCIT:C26878,DOID:12169
NCIT:C27056,DOID:7907
NCIT:C98989,DOID:13689
NCIT:C26834,DOID:7848
NCIT:C35133,DOID:2170
NCIT:C92632,DOID:0060870
NCIT:C2866,DOID:6484
NCIT:C5492,DOID:0081246
NCIT:C5500,DOID:2656
NCIT:C6628,DOID:4846
NCIT:C6627,DOID:1130
NCIT:C34641,DOID:4242
NCIT:C3515,DOID:13137
NCIT:C3125,DOID:0060055
NCIT:C53662,DOID:5643
NCIT:C3661,DOID:3829
NCIT:C35394,DOID:0080800
NCIT:C4376,DOID:5258
NCIT:C179934,DOID:0081067
NCIT:C34885,DOID:3545
NCIT:C123216,DOID:6276
NCIT:C3119,DOID:5999
NCIT:C3117,DOID:5494
NCIT:C78797,DOID:5268
NCIT:C26955,DOID:3177
NCIT:C26830,DOID:4324
NCIT:C34817,DOID:13197
NCIT:C80099,DOID:13580
NCIT:C34473,DOID:6419
NCIT:C34626,DOID:0050678
NCIT:C34477,DOID:9097
NCIT:C34480,DOID:2661
NCIT:C35031,DOID:884
NCIT:C34611,DOID:4896
NCIT:C3388,DOID:6576
NCIT:C94358,DOID:0060235
NCIT:C34802,DOID:12128
NCIT:C3118,DOID:6312
NCIT:C3478,DOID:10934
NCIT:C94360,DOID:4932
NCIT:C94356,DOID:5774
NCIT:C101362,DOID:10568
NCIT:C3655,DOID:7591
NCIT:C27593,DOID:6562
NCIT:C128439,DOID:4428
NCIT:C40341,DOID:5565
NCIT:C85874,DOID:1240
NCIT:C3111,DOID:2051
NCIT:C3656,DOID:607
NCIT:C2867,DOID:698
NCIT:C35764,DOID:3323
NCIT:C92633,DOID:96
NCIT:C92637,DOID:5123
NCIT:C92638,DOID:8275
NCIT:C88411,DOID:11042
NCIT:C94330,DOID:13143
NCIT:C92197,DOID:767
NCIT:C92631,DOID:12143
NCIT:C34723,DOID:7725
NCIT:C92630,DOID:5262
NCIT:C88413,DOID:884
NCIT:C34458,DOID:6197
NCIT:C173793,DOID:8691
NCIT:C26833,DOID:4878
NCIT:C34781,DOID:0050466
NCIT:C34844,DOID:8221
NCIT:C171201,DOID:1791
NCIT:C40120,DOID:0050445
NCIT:C34645,DOID:1085
NCIT:C101304,DOID:6522
NCIT:C35116,DOID:8557
NCIT:C34368,DOID:5128
NCIT:C84535,DOID:8866
NCIT:C26812,DOID:6581
NCIT:C129468,DOID:139
NCIT:C50508,DOID:0080041
NCIT:C26970,DOID:4201
NCIT:C94328,DOID:10047
NCIT:C94331,DOID:2706
NCIT:C84725,DOID:8082
NCIT:C87093,DOID:13580
NCIT:C26858,DOID:3458
NCIT:C84602,DOID:631
NCIT:C113400,DOID:4734
NCIT:C27896,DOID:4795
NCIT:C157149,DOID:8426
NCIT:C102533,DOID:7959
NCIT:C118707,DOID:8243
NCIT:C3980,DOID:10024
NCIT:C84641,DOID:422
NCIT:C34845,DOID:6548
NCIT:C34515,DOID:8211
NCIT:C85008,DOID:4955
NCIT:C7638,DOID:10992
NCIT:C80512,DOID:8224
NCIT:C34535,DOID:4230
NCIT:C3077,DOID:2917
NCIT:C26802,DOID:2643
NCIT:C27025,DOID:9392
NCIT:C9224,DOID:5193
NCIT:C84599,DOID:6579
NCIT:C34858,DOID:13608
NCIT:C34449,DOID:14152
NCIT:C84985,DOID:1616
NCIT:C123259,DOID:2770
NCIT:C26885,DOID:2458
NCIT:C120909,DOID:0060463
NCIT:C5122,DOID:4336
NCIT:C5572,DOID:4012
NCIT:C34510,DOID:3650
NCIT:C84989,DOID:10460
NCIT:C101270,DOID:0081312
NCIT:C3114,DOID:14292
NCIT:C5707,DOID:2747
NCIT:C128400,DOID:6997
NCIT:C34970,DOID:0060262
NCIT:C84586,DOID:4521
NCIT:C26796,DOID:0081279
NCIT:C35078,DOID:3651
NCIT:C52595,DOID:988
NCIT:C34963,DOID:12899
NCIT:C3657,DOID:285
NCIT:C34443,DOID:0111147
NCIT:C34718,DOID:8590
NCIT:C34385,DOID:11723
NCIT:C27043,DOID:6126
NCIT:C118765,DOID:12376
NCIT:C5028,DOID:0050427
NCIT:C79552,DOID:7409
NCIT:C34962,DOID:7439
NCIT:C35196,DOID:1338
NCIT:C87125,DOID:6735
NCIT:C78350,DOID:5866
NCIT:C26844,DOID:12577
NCIT:C48280,DOID:3642
NCIT:C34353,DOID:3516
NCIT:C50648,DOID:11830
NCIT:C35704,DOID:0050523
NCIT:C99000,DOID:271
NCIT:C4434,DOID:5465
NCIT:C27069,DOID:150
NCIT:C97167,DOID:0110829
NCIT:C111856,DOID:3260
NCIT:C2992,DOID:7518
NCIT:C99108,DOID:4688
NCIT:C34927,DOID:0080647
NCIT:C28182,DOID:319
NCIT:C2967,DOID:0080369
NCIT:C75488,DOID:12557
NCIT:C26910,DOID:1792
NCIT:C84950,DOID:5822
NCIT:C85037,DOID:50
NCIT:C92566,DOID:3379
NCIT:C34562,DOID:0111054
NCIT:C79696,DOID:4325
NCIT:C37913,DOID:9643
NCIT:C118299,DOID:0050449
NCIT:C34919,DOID:3187
NCIT:C34450,DOID:6339
NCIT:C26785,DOID:0080644
NCIT:C34528,DOID:3705
NCIT:C34683,DOID:4943
NCIT:C92839,DOID:7315
NCIT:C84826,DOID:9681
NCIT:C34375,DOID:10787
NCIT:C98877,DOID:2892
NCIT:C84563,DOID:0050465
NCIT:C34544,DOID:3206
NCIT:C9277,DOID:5576
NCIT:C34682,DOID:6432
NCIT:C35006,DOID:864
NCIT:C34873,DOID:12387
NCIT:C35171,DOID:3025
NCIT:C26853,DOID:6827
NCIT:C2882,DOID:5533
NCIT:C27117,DOID:8304
NCIT:C62018,DOID:0060215
NCIT:C94376,DOID:2673
NCIT:C84544,DOID:12053
NCIT:C34995,DOID:1910
NCIT:C85185,DOID:11723
NCIT:C82068,DOID:3692
NCIT:C79717,DOID:6677
NCIT:C160155,DOID:1417
NCIT:C34772,DOID:3179
NCIT:C34810,DOID:4749
NCIT:C128395,DOID:4188
NCIT:C12326,DOID:9153
NCIT:C92562,DOID:7037
NCIT:C85218,DOID:8442
NCIT:C84787,DOID:12900
NCIT:C26915,DOID:11189
NCIT:C34741,DOID:0080190
NCIT:C3433,DOID:12667
NCIT:C94359,DOID:4327
NCIT:C4832,DOID:0111678
NCIT:C26837,DOID:7051
NCIT:C94353,DOID:11695
NCIT:C34352,DOID:8082
NCIT:C3071,DOID:10691
NCIT:C34797,DOID:4869
NCIT:C26710,DOID:7188
NCIT:C118847,DOID:8596
NCIT:C85075,DOID:5598
NCIT:C84583,DOID:11503
NCIT:C84919,DOID:4690
NCIT:C94335,DOID:2951
NCIT:C3161,DOID:12341
NCIT:C94333,DOID:9622
NCIT:C94332,DOID:9021
NCIT:C94334,DOID:8689
NCIT:C2870,DOID:2382
NCIT:C34889,DOID:7037
NCIT:C113335,DOID:0060870
NCIT:C2902,DOID:1835
NCIT:C27591,DOID:2135
NCIT:C50732,DOID:13189
NCIT:C34409,DOID:5401
NCIT:C85183,DOID:9463
NCIT:C68677,DOID:4555
NCIT:C3096,DOID:0081307
NCIT:C75545,DOID:11577
NCIT:C34749,DOID:10824
NCIT:C84678,DOID:0090141
NCIT:C7419,DOID:8221
NCIT:C2929,DOID:3596
NCIT:C4550,DOID:6208
NCIT:C50654,DOID:6112
NCIT:C27594,DOID:4505
NCIT:C84703,DOID:7148
NCIT:C5827,DOID:10955
NCIT:C84886,DOID:0050438
NCIT:C79545,DOID:8736
NCIT:C2860,DOID:0050448
NCIT:C34915,DOID:6886
NCIT:C7633,DOID:5170
NCIT:C7430,DOID:6917
NCIT:C3770,DOID:0111390
NCIT:C27599,DOID:4730
NCIT:C8422,DOID:10584
NCIT:C3773,DOID:134
NCIT:C116381,DOID:3540
NCIT:C85042,DOID:12205
NCIT:C3672,DOID:12929
NCIT:C85079,DOID:5254
NCIT:C3023,DOID:0081085
NCIT:C3020,DOID:7930
NCIT:C3021,DOID:4739
NCIT:C70938,DOID:6370
NCIT:C50530,DOID:5272
NCIT:C75486,DOID:10600
NCIT:C34445,DOID:0050456
NCIT:C84400,DOID:819
NCIT:C3375,DOID:12028
NCIT:C173930,DOID:7030
NCIT:C3133,DOID:0060463
NCIT:C3347,DOID:0060410
NCIT:C84473,DOID:3692
NCIT:C3098,DOID:5162
NCIT:C79698,DOID:10964
NCIT:C5576,DOID:0111933
NCIT:C4247,DOID:6680
NCIT:C3224,DOID:11996
NCIT:C6379,DOID:11801
NCIT:C3011,DOID:5373
NCIT:C3794,DOID:7635
NCIT:C3961,DOID:8536
NCIT:C34752,DOID:3663
NCIT:C114906,DOID:14447
NCIT:C79804,DOID:2733
NCIT:C40435,DOID:5304
NCIT:C9300,DOID:3437
NCIT:C98952,DOID:4201
NCIT:C34966,DOID:2725
NCIT:C98945,DOID:10206
NCIT:C34891,DOID:5709
NCIT:C34428,DOID:0111389
NCIT:C34422,DOID:0060488
NCIT:C84918,DOID:1386
NCIT:C129934,DOID:8660
NCIT:C92563,DOID:11432
NCIT:C3276,DOID:7752
NCIT:C3073,DOID:2229
NCIT:C3157,DOID:9263
NCIT:C2887,DOID:9065
NCIT:C84718,DOID:8472
NCIT:C28194,DOID:10744
NCIT:C34459,DOID:162
NCIT:C3354,DOID:8096
NCIT:C34903,DOID:0060061
NCIT:C35110,DOID:12961
NCIT:C3567,DOID:0081096
NCIT:C85193,DOID:4534
NCIT:C117004,DOID:2033
NCIT:C61259,DOID:2072
NCIT:C61260,DOID:4151
NCIT:C61264,DOID:10329
NCIT:C61262,DOID:3699
NCIT:C9227,DOID:0050745
NCIT:C61268,DOID:4957
NCIT:C117254,DOID:2237
NCIT:C85176,DOID:11049
NCIT:C75462,DOID:8022
NCIT:C34560,DOID:9565
NCIT:C35768,DOID:7732
NCIT:C112200,DOID:6003
NCIT:C35720,DOID:6089
NCIT:C34465,DOID:3717
NCIT:C26771,DOID:4085
NCIT:C3158,DOID:2338
NCIT:C34460,DOID:1679
NCIT:C40124,DOID:4744
NCIT:C40125,DOID:5179
NCIT:C9474,DOID:6696
NCIT:C3350,DOID:7482
NCIT:C3055,DOID:4480
NCIT:C3275,DOID:13316
NCIT:C175882,DOID:0080167
NCIT:C8893,DOID:13924
NCIT:C4646,DOID:9267
NCIT:C3029,DOID:4938
NCIT:C2878,DOID:13677
NCIT:C2958,DOID:6654
NCIT:C98920,DOID:3663
NCIT:C3097,DOID:6934
NCIT:C27778,DOID:6312
NCIT:C34712,DOID:6210
NCIT:C34809,DOID:1060
NCIT:C27549,DOID:146
NCIT:C3389,DOID:7994
NCIT:C27631,DOID:0050427
NCIT:C40312,DOID:6459
NCIT:C40311,DOID:4588
NCIT:C3761,DOID:1901
NCIT:C8596,DOID:1455
NCIT:C6434,DOID:4050
NCIT:C6376,DOID:0060135
NCIT:C40283,DOID:6581
NCIT:C39611,DOID:11991
NCIT:C40292,DOID:12401
NCIT:C4474,DOID:6554
NCIT:C40314,DOID:7179
NCIT:C35761,DOID:1733
NCIT:C40329,DOID:8193
NCIT:C40317,DOID:1080
NCIT:C4027,DOID:9254
NCIT:C4076,DOID:10790
NCIT:C85053,DOID:9470
NCIT:C84903,DOID:0080925
NCIT:C61263,DOID:4685
NCIT:C50721,DOID:0060251
NCIT:C112836,DOID:4511
NCIT:C116345,DOID:13186
NCIT:C97161,DOID:0050444
NCIT:C82342,DOID:7024
NCIT:C2931,DOID:5398
NCIT:C9493,DOID:2862
NCIT:C116958,DOID:11717
NCIT:C27090,DOID:6230
NCIT:C3949,DOID:10310
NCIT:C34819,DOID:3716
NCIT:C27649,DOID:10316
NCIT:C35070,DOID:4434
NCIT:C98922,DOID:2687
NCIT:C9364,DOID:452
NCIT:C84673,DOID:3149
NCIT:C34585,DOID:4188
NCIT:C84798,DOID:0060849
NCIT:C53653,DOID:6469
NCIT:C34348,DOID:817
NCIT:C85017,DOID:3643
NCIT:C5440,DOID:1891
NCIT:C97074,DOID:11353
NCIT:C34800,DOID:10783
NCIT:C5831,DOID:8924
NCIT:C4062,DOID:8137
NCIT:C89329,DOID:0070230
NCIT:C95804,DOID:5823
NCIT:C35044,DOID:0111148
NCIT:C34590,DOID:3817
NCIT:C34982,DOID:3610
NCIT:C85198,DOID:0050854
NCIT:C26705,DOID:583
NCIT:C128426,DOID:2763
NCIT:C34976,DOID:11243
NCIT:C85006,DOID:6198
NCIT:C114827,DOID:961
NCIT:C34746,DOID:11189
NCIT:C85505,DOID:2228
NCIT:C99013,DOID:7967
NCIT:C34436,DOID:1616
NCIT:C34456,DOID:6171
NCIT:C84895,DOID:3703
NCIT:C34493,DOID:3447
NCIT:C84683,DOID:2649
NCIT:C6906,DOID:0111990
NCIT:C5154,DOID:7539
NCIT:C5567,DOID:4066
NCIT:C5061,DOID:11819
NCIT:C40444,DOID:5597
NCIT:C3843,DOID:8607
NCIT:C40026,DOID:3798
NCIT:C40443,DOID:0050459
NCIT:C4514,DOID:8680
NCIT:C3873,DOID:3187
NCIT:C52593,DOID:2641
NCIT:C27102,DOID:2219
NCIT:C26911,DOID:6313
NCIT:C131634,DOID:8002
NCIT:C61249,DOID:0111252
NCIT:C3407,DOID:0111369
NCIT:C4345,DOID:1789
NCIT:C35530,DOID:93
NCIT:C122812,DOID:6776
NCIT:C82978,DOID:3407
NCIT:C27015,DOID:2236
NCIT:C50781,DOID:0050436
NCIT:C28193,DOID:6576
NCIT:C40241,DOID:12450
NCIT:C39834,DOID:7147
NCIT:C79702,DOID:9965
NCIT:C37308,DOID:10881
NCIT:C84750,DOID:9778
NCIT:C98670,DOID:0111252
NCIT:C128143,DOID:4522
NCIT:C26909,DOID:6575
NCIT:C3658,DOID:5982
NCIT:C26934,DOID:11976
NCIT:C3559,DOID:10632
NCIT:C34811,DOID:5884
NCIT:C34650,DOID:6993
NCIT:C35271,DOID:1584
NCIT:C131437,DOID:4773
NCIT:C35023,DOID:7566
NCIT:C84457,DOID:9746
NCIT:C35668,DOID:3610
NCIT:C3434,DOID:10567
NCIT:C3241,DOID:0070322
NCIT:C35089,DOID:0081252
NCIT:C97096,DOID:5895
NCIT:C84698,DOID:2538
NCIT:C128419,DOID:14692
NCIT:C40255,DOID:5922
NCIT:C5717,DOID:1612
NCIT:C84316,DOID:1035
NCIT:C4375,DOID:13359
NCIT:C94355,DOID:11080
NCIT:C171941,DOID:6259
NCIT:C35131,DOID:6787
NCIT:C26786,DOID:5570
NCIT:C128429,DOID:1455
NCIT:C112190,DOID:5884
NCIT:C27012,DOID:0050441
NCIT:C84825,DOID:11156
NCIT:C129933,DOID:3177
NCIT:C171147,DOID:910
NCIT:C34632,DOID:5151
NCIT:C35178,DOID:682
NCIT:C84653,DOID:0081293
NCIT:C84655,DOID:3492
NCIT:C35885,DOID:7903
NCIT:C35767,DOID:6977
NCIT:C34398,DOID:526
NCIT:C82892,DOID:11914
NCIT:C2869,DOID:5123
NCIT:C34381,DOID:4549
NCIT:C161542,DOID:9120
NCIT:C35882,DOID:3039
NCIT:C165675,DOID:0111873
NCIT:C84799,DOID:0080996
NCIT:C99246,DOID:6639
NCIT:C35338,DOID:1786
NCIT:C39860,DOID:1883
NCIT:C34737,DOID:5378
NCIT:C5617,DOID:9733
NCIT:C3474,DOID:0060348
NCIT:C4481,DOID:5286
NCIT:C6934,DOID:4847
NCIT:C3060,DOID:13864
NCIT:C4463,DOID:3458
NCIT:C4222,DOID:6101
NCIT:C4475,DOID:3883
NCIT:C84533,DOID:0111765
NCIT:C118859,DOID:853
NCIT:C99026,DOID:649
NCIT:C84479,DOID:2425
NCIT:C34430,DOID:8635
NCIT:C34507,DOID:730
NCIT:C35616,DOID:1289
NCIT:C34568,DOID:13742
NCIT:C85170,DOID:1382
NCIT:C84397,DOID:0060449
NCIT:C34825,DOID:0070315
NCIT:C84646,DOID:12376
NCIT:C2871,DOID:4686
NCIT:C34382,DOID:0060744
NCIT:C61236,DOID:8138
NCIT:C3891,DOID:4698
NCIT:C40250,DOID:767
NCIT:C34974,DOID:8704
NCIT:C35441,DOID:6286
NCIT:C35589,DOID:1786
NCIT:C35807,DOID:3747
NCIT:C78528,DOID:0081313
NCIT:C79596,DOID:5238
NCIT:C26904,DOID:4265
NCIT:C34638,DOID:8002
NCIT:C84642,DOID:2959
NCIT:C119046,DOID:5301
NCIT:C3545,DOID:6333
NCIT:C3523,DOID:5390
NCIT:C85187,DOID:884
NCIT:C85032,DOID:277
NCIT:C97164,DOID:4047
NCIT:C170919,DOID:2433
NCIT:C40275,DOID:8488
NCIT:C35075,DOID:9953
NCIT:C123175,DOID:2673
NCIT:C26843,DOID:5046
NCIT:C116814,DOID:10591
NCIT:C26840,DOID:2648
NCIT:C34508,DOID:14291
NCIT:C35197,DOID:9310
NCIT:C140267,DOID:7479
NCIT:C97095,DOID:3919
NCIT:C3501,DOID:0060784
NCIT:C84724,DOID:4976
NCIT:C4390,DOID:9884
NCIT:C84802,DOID:5147
NCIT:C2892,DOID:5387
NCIT:C5432,DOID:0111933
NCIT:C3633,DOID:6167
NCIT:C97145,DOID:12639
NCIT:C35823,DOID:5118
NCIT:C35347,DOID:4209
NCIT:C84636,DOID:13636
NCIT:C84806,DOID:0060439
NCIT:C3635,DOID:14152
NCIT:C7760,DOID:13576
NCIT:C85041,DOID:0081283
NCIT:C4687,DOID:234
NCIT:C34653,DOID:6179
NCIT:C8541,DOID:9253
NCIT:C34913,DOID:4656
NCIT:C34793,DOID:13499
NCIT:C26716,DOID:0060123
NCIT:C84526,DOID:3755
NCIT:C26931,DOID:11164
NCIT:C3544,DOID:7506
NCIT:C4425,DOID:0050450
NCIT:C4302,DOID:5621
NCIT:C53459,DOID:2452
NCIT:C3726,DOID:3744
NCIT:C4181,DOID:7427
NCIT:C4527,DOID:5076
NCIT:C5112,DOID:0060317
NCIT:C4182,DOID:11343
NCIT:C2972,DOID:7971
NCIT:C39954,DOID:13742
NCIT:C4272,DOID:1106
NCIT:C3087,DOID:626
NCIT:C7468,DOID:3492
NCIT:C8113,DOID:12400
NCIT:C38150,DOID:11383
NCIT:C3234,DOID:6082
NCIT:C6581,DOID:5504
NCIT:C4174,DOID:2704
NCIT:C48259,DOID:2596
NCIT:C34899,DOID:4175
NCIT:C34639,DOID:13088
NCIT:C2886,DOID:3113
NCIT:C113824,DOID:11427
NCIT:C3219,DOID:7756
NCIT:C83006,DOID:8102
NCIT:C87167,DOID:11239
NCIT:C3542,DOID:0081261
NCIT:C34742,DOID:3702
NCIT:C34421,DOID:3450
NCIT:C4419,DOID:0050848
NCIT:C34420,DOID:5520
NCIT:C34619,DOID:1455
NCIT:C118750,DOID:11984
NCIT:C34607,DOID:4454
NCIT:C3541,DOID:7717
NCIT:C62505,DOID:1148
NCIT:C4416,DOID:5221
NCIT:C119049,DOID:7665
NCIT:C6374,DOID:3703
NCIT:C94349,DOID:6517
NCIT:C85059,DOID:0081312
NCIT:C35010,DOID:6627
NCIT:C4262,DOID:9531
NCIT:C50552,DOID:429
NCIT:C35777,DOID:5151
NCIT:C26689,DOID:1756
NCIT:C26913,DOID:14330
NCIT:C40242,DOID:1827
NCIT:C34924,DOID:5772
NCIT:C35637,DOID:3842
NCIT:C84716,DOID:14400
NCIT:C34704,DOID:8109
NCIT:C26954,DOID:11797
NCIT:C34820,DOID:12347
NCIT:C35068,DOID:1827
NCIT:C84492,DOID:3749
NCIT:C180994,DOID:11914
NCIT:C94337,DOID:289
NCIT:C85182,DOID:10183
NCIT:C62244,DOID:5511
NCIT:C26951,DOID:705
NCIT:C34425,DOID:5592
NCIT:C3712,DOID:8072
NCIT:C84813,DOID:2907
NCIT:C84528,DOID:5240
NCIT:C118712,DOID:13593
NCIT:C27105,DOID:6548
NCIT:C34637,DOID:6827
NCIT:C34757,DOID:7474
NCIT:C35342,DOID:6686
NCIT:C26769,DOID:5593
NCIT:C61443,DOID:5561
NCIT:C84606,DOID:5386
NCIT:C79541,DOID:2526
NCIT:C27189,DOID:2433
NCIT:C40164,DOID:4515
NCIT:C40172,DOID:0060534
NCIT:C40166,DOID:5677
NCIT:C40168,DOID:0111949
NCIT:C34587,DOID:0111510
NCIT:C26809,DOID:13223
NCIT:C27001,DOID:0050437
NCIT:C34782,DOID:3497
NCIT:C80303,DOID:4287
NCIT:C84576,DOID:2590
NCIT:C50621,DOID:2300
NCIT:C35443,DOID:14320
NCIT:C35587,DOID:3120
NCIT:C34798,DOID:7875
NCIT:C34426,DOID:1726
NCIT:C128373,DOID:3263
NCIT:C35109,DOID:11838
NCIT:C127161,DOID:337
NCIT:C35498,DOID:5134
NCIT:C4392,DOID:1787
NCIT:C5826,DOID:0060744
NCIT:C114696,DOID:0080705
NCIT:C84744,DOID:0080617
NCIT:C116347,DOID:7127
NCIT:C34468,DOID:5275
NCIT:C3791,DOID:4087
NCIT:C3105,DOID:9565
NCIT:C27142,DOID:8022
NCIT:C26926,DOID:4079
NCIT:C27576,DOID:1733
NCIT:C84672,DOID:50
NCIT:C28129,DOID:2065
NCIT:C84442,DOID:1927
NCIT:C84938,DOID:182
NCIT:C35314,DOID:0080795
NCIT:C80076,DOID:3579
NCIT:C34860,DOID:0060449
NCIT:C128386,DOID:4781
NCIT:C35666,DOID:6998
NCIT:C2993,DOID:6406
NCIT:C27148,DOID:9273
NCIT:C84593,DOID:1108
NCIT:C62436,DOID:92
NCIT:C35336,DOID:6386
NCIT:C35372,DOID:9460
NCIT:C35334,DOID:3683
NCIT:C34916,DOID:3602
NCIT:C4457,DOID:13444
NCIT:C4271,DOID:4066
NCIT:C9011,DOID:6103
NCIT:C9014,DOID:6337
NCIT:C40392,DOID:4227
NCIT:C3233,DOID:2060
NCIT:C4328,DOID:11329
NCIT:C4115,DOID:5531
NCIT:C7504,DOID:14755
NCIT:C9505,DOID:9507
NCIT:C6582,DOID:365
NCIT:C39812,DOID:295
NCIT:C4437,DOID:0050625
NCIT:C8978,DOID:3925
NCIT:C3401,DOID:8566
NCIT:C50766,DOID:5711
NCIT:C6535,DOID:1470
NCIT:C4090,DOID:1924
NCIT:C6531,DOID:1350
NCIT:C26852,DOID:3612
NCIT:C84532,DOID:3185
NCIT:C2983,DOID:7565
NCIT:C67383,DOID:4436
NCIT:C3335,DOID:3490
NCIT:C35163,DOID:8538
NCIT:C84665,DOID:10567
NCIT:C84729,DOID:12347
NCIT:C84761,DOID:6683
NCIT:C26757,DOID:1800
NCIT:C34964,DOID:2698
NCIT:C92635,DOID:3361
NCIT:C61272,DOID:0081304
NCIT:C36197,DOID:2132
NCIT:C6238,DOID:6275
NCIT:C116767,DOID:2776
NCIT:C27151,DOID:4633
NCIT:C26743,DOID:1573
NCIT:C7644,DOID:1532
NCIT:C4877,DOID:5189
NCIT:C7421,DOID:2742
NCIT:C7420,DOID:7402
NCIT:C75012,DOID:6258
NCIT:C34953,DOID:3197
NCIT:C34838,DOID:8741
NCIT:C3009,DOID:2068
NCIT:C35806,DOID:6053
NCIT:C35717,DOID:13945
NCIT:C6995,DOID:7960
NCIT:C35578,DOID:3652
NCIT:C27310,DOID:3579
NCIT:C27178,DOID:6059
NCIT:C27312,DOID:10016
NCIT:C27174,DOID:8997
NCIT:C35434,DOID:3183
NCIT:C28397,DOID:4164
NCIT:C85023,DOID:12365
NCIT:C84681,DOID:0060469
NCIT:C34565,DOID:1455
NCIT:C34575,DOID:8437
NCIT:C92622,DOID:4903
NCIT:C34799,DOID:11162
NCIT:C26845,DOID:882
NCIT:C34898,DOID:2697
NCIT:C113344,DOID:5990
NCIT:C129724,DOID:10964
NCIT:C35827,DOID:882
NCIT:C98864,DOID:11367
NCIT:C34855,DOID:3928
NCIT:C5573,DOID:10070
NCIT:C119028,DOID:13533
NCIT:C84830,DOID:12016
NCIT:C62578,DOID:3501
NCIT:C34766,DOID:9072
NCIT:C84677,DOID:4782
NCIT:C61420,DOID:0080531
NCIT:C120198,DOID:285
NCIT:C120197,DOID:14705
NCIT:C123429,DOID:10871
NCIT:C84775,DOID:7558
NCIT:C34605,DOID:5138
NCIT:C6245,DOID:2712
NCIT:C4546,DOID:3376
NCIT:C94829,DOID:8719
NCIT:C85003,DOID:5677
NCIT:C9356,DOID:9478
NCIT:C2994,DOID:0081042
NCIT:C61271,DOID:8616
NCIT:C84829,DOID:9442
NCIT:C84701,DOID:13564
NCIT:C61274,DOID:6386
NCIT:C84793,DOID:4463
NCIT:C34786,DOID:12491
NCIT:C73511,DOID:4744
NCIT:C7402,DOID:8012
NCIT:C131850,DOID:6315
NCIT:C113170,DOID:6935
NCIT:C34675,DOID:5285
NCIT:C3092,DOID:1947
NCIT:C98933,DOID:1523
NCIT:C3014,DOID:3196
NCIT:C7453,DOID:901
NCIT:C84740,DOID:5517
NCIT:C95437,DOID:7684
NCIT:C26736,DOID:3637
NCIT:C34644,DOID:12064
NCIT:C26784,DOID:5254
NCIT:C84801,DOID:9513
NCIT:C34849,DOID:6459
NCIT:C38759,DOID:0081037
NCIT:C85064,DOID:1459
NCIT:C34824,DOID:2600
NCIT:C27579,DOID:0080647
NCIT:C6804,DOID:4329
NCIT:C94407,DOID:2883
NCIT:C4397,DOID:6230
NCIT:C123158,DOID:8866
NCIT:C114699,DOID:0080647
NCIT:C34643,DOID:6163
NCIT:C61283,DOID:4291
NCIT:C2852,DOID:4331
NCIT:C3708,DOID:10823
NCIT:C5241,DOID:4321
NCIT:C7113,DOID:10816
NCIT:C5212,DOID:2661
NCIT:C40389,DOID:0080370
NCIT:C5169,DOID:6339
NCIT:C27939,DOID:11037
NCIT:C40400,DOID:9975
NCIT:C36083,DOID:0060703
NCIT:C61257,DOID:4702
NCIT:C61269,DOID:0070328
NCIT:C3718,DOID:10544
NCIT:C35192,DOID:7587
NCIT:C34983,DOID:6554
NCIT:C5367,DOID:9250
NCIT:C5371,DOID:0060329
NCIT:C3543,DOID:5204
NCIT:C84588,DOID:10933
NCIT:C112199,DOID:5726
NCIT:C26800,DOID:8307
NCIT:C26866,DOID:7192
NCIT:C85068,DOID:3089
NCIT:C85071,DOID:5140
NCIT:C114767,DOID:1002
NCIT:C34796,DOID:3444
NCIT:C85030,DOID:5118
NCIT:C8965,DOID:5565
NCIT:C98964,DOID:11819
NCIT:C84569,DOID:7867
NCIT:C125698,DOID:7441
NCIT:C84947,DOID:7907
NCIT:C173795,DOID:6190
NCIT:C84682,DOID:14146
NCIT:C4670,DOID:8738
NCIT:C16522,DOID:6975
NCIT:C5596,DOID:10817
NCIT:C3768,DOID:5268
NCIT:C92203,DOID:12930
NCIT:C38760,DOID:2431
NCIT:C172304,DOID:10366
NCIT:C34481,DOID:3946
NCIT:C3796,DOID:950
NCIT:C4642,DOID:13819
NCIT:C4325,DOID:7489
NCIT:C7049,DOID:0080892
NCIT:C9477,DOID:0111958
NCIT:C9022,DOID:905
NCIT:C3724,DOID:2106
NCIT:C3199,DOID:7612
NCIT:C27162,DOID:2392
NCIT:C3746,DOID:8687
NCIT:C84889,DOID:3367
NCIT:C85188,DOID:599
NCIT:C84780,DOID:10966
NCIT:C3777,DOID:13760
NCIT:C2971,DOID:841
NCIT:C2853,DOID:7505
NCIT:C2927,DOID:5299
NCIT:C3778,DOID:7762
NCIT:C8614,DOID:12667
NCIT:C3959,DOID:5505
NCIT:C38011,DOID:5643
NCIT:C26695,DOID:1080
NCIT:C27725,DOID:4300
NCIT:C26687,DOID:4321
NCIT:C3402,DOID:4682
NCIT:C85057,DOID:718
NCIT:C27613,DOID:10027
NCIT:C2893,DOID:7221
NCIT:C26711,DOID:0080188
NCIT:C92636,DOID:4933
NCIT:C27057,DOID:5349
NCIT:C112112,DOID:3306
NCIT:C26859,DOID:8153
NCIT:C34400,DOID:2373
NCIT:C112175,DOID:14270
NCIT:C34870,DOID:7972
NCIT:C3245,DOID:1882
NCIT:C34501,DOID:10443
NCIT:C20701,DOID:9271
NCIT:C116791,DOID:5444
NCIT:C26895,DOID:4719
NCIT:C138179,DOID:5418
NCIT:C34984,DOID:4921
NCIT:C3991,DOID:4866
NCIT:C85044,DOID:5394
NCIT:C2982,DOID:2055
NCIT:C181765,DOID:13081
NCIT:C34747,DOID:13223
NCIT:C5193,DOID:11030
NCIT:C9305,DOID:6703
NCIT:C40399,DOID:5022
NCIT:C36090,DOID:13603
NCIT:C40397,DOID:11102
NCIT:C5144,DOID:4024
NCIT:C84506,DOID:12531
NCIT:C3717,DOID:0081094
NCIT:C9344,DOID:4428
NCIT:C35225,DOID:5712
NCIT:C26738,DOID:384
NCIT:C84482,DOID:12259
NCIT:C26782,DOID:0111394
NCIT:C3809,DOID:11823
NCIT:C84663,DOID:2639
NCIT:C34710,DOID:8838
NCIT:C3146,DOID:6559
NCIT:C8964,DOID:12275
NCIT:C7582,DOID:0080922
NCIT:C4237,DOID:14793
NCIT:C3792,DOID:1837
NCIT:C79951,DOID:7539
NCIT:C40112,DOID:1099
NCIT:C4101,DOID:3463
NCIT:C3793,DOID:5728
NCIT:C85027,DOID:4322
NCIT:C3288,DOID:4057
NCIT:C4045,DOID:322
NCIT:C9377,DOID:4037
NCIT:C97110,DOID:6629
NCIT:C3269,DOID:0081279
NCIT:C4724,DOID:0060251
NCIT:C5830,DOID:0080645
NCIT:C5413,DOID:13709
NCIT:C5414,DOID:5508
NCIT:C5421,DOID:0111563
NCIT:C4655,DOID:8986
NCIT:C5321,DOID:9682
NCIT:C6557,DOID:0080664
NCIT:C6970,DOID:1928
NCIT:C6969,DOID:5063
NCIT:C90598,DOID:4367
NCIT:C61250,DOID:0060799
NCIT:C34527,DOID:630
NCIT:C5787,DOID:10071
NCIT:C8401,DOID:162
NCIT:C26832,DOID:13884
NCIT:C121572,DOID:6043
NCIT:C35079,DOID:5556
NCIT:C78646,DOID:3766
NCIT:C8971,DOID:13313
NCIT:C4258,DOID:0081315
NCIT:C5525,DOID:13081
NCIT:C5522,DOID:9631
NCIT:C5847,DOID:4677
NCIT:C9150,DOID:706
NCIT:C6246,DOID:9969
NCIT:C4543,DOID:8223
NCIT:C34738,DOID:684
NCIT:C6519,DOID:1523
NCIT:C26788,DOID:1700
NCIT:C4512,DOID:7088
NCIT:C4060,DOID:4985
NCIT:C85179,DOID:712
NCIT:C8365,DOID:4994
NCIT:C3411,DOID:0111932
NCIT:C7386,DOID:2846
NCIT:C6454,DOID:8207
NCIT:C6885,DOID:10071
NCIT:C7114,DOID:0111672
NCIT:C6453,DOID:6208
NCIT:C128421,DOID:13336
NCIT:C3754,DOID:6476
NCIT:C2947,DOID:8538
NCIT:C7063,DOID:7191
NCIT:C3756,DOID:5271
NCIT:C4290,DOID:14179
NCIT:C3403,DOID:7088
NCIT:C111963,DOID:4157
NCIT:C2934,DOID:1929
NCIT:C107377,DOID:5635
NCIT:C35424,DOID:9395
NCIT:C50462,DOID:10691
NCIT:C97041,DOID:2729
NCIT:C26755,DOID:5207
NCIT:C35341,DOID:0111358
NCIT:C6796,DOID:11550
NCIT:C3734,DOID:11589
NCIT:C27485,DOID:7378
NCIT:C38151,DOID:13953
NCIT:C38153,DOID:10772
NCIT:C34373,DOID:8272
NCIT:C85184,DOID:4054
NCIT:C84739,DOID:12883
NCIT:C85052,DOID:7532
NCIT:C92200,DOID:0050434
NCIT:C78787,DOID:2021
NCIT:C50847,DOID:11037
NCIT:C177244,DOID:1591
NCIT:C92634,DOID:9021
NCIT:C34875,DOID:7327
NCIT:C61267,DOID:0081091
NCIT:C9145,DOID:10787
NCIT:C6479,DOID:7533
NCIT:C8563,DOID:8472
NCIT:C7780,DOID:4175
NCIT:C8810,DOID:7048
NCIT:C6470,DOID:0080829
NCIT:C6585,DOID:4548
NCIT:C168176,DOID:4525
NCIT:C7154,DOID:9471
NCIT:C5829,DOID:11249
NCIT:C4021,DOID:1637
NCIT:C8969,DOID:8892
NCIT:C7134,DOID:3593
NCIT:C53707,DOID:14066
NCIT:C4023,DOID:6721
NCIT:C38157,DOID:2462
NCIT:C7598,DOID:8483
NCIT:C3194,DOID:6052
NCIT:C63743,DOID:12883
NCIT:C26953,DOID:14223
NCIT:C3988,DOID:5292
NCIT:C3106,DOID:5271
NCIT:C84548,DOID:9439
NCIT:C5828,DOID:0050773
NCIT:C5825,DOID:8358
NCIT:C27575,DOID:3612
NCIT:C84786,DOID:456
NCIT:C27199,DOID:14451
NCIT:C26811,DOID:7365
NCIT:C7073,DOID:0080956
NCIT:C7728,DOID:3269
NCIT:C5598,DOID:8426
NCIT:C27817,DOID:0081253
NCIT:C26907,DOID:5304
NCIT:C3302,DOID:10200
NCIT:C4872,DOID:4928
NCIT:C26709,DOID:6585
NCIT:C26908,DOID:6706
NCIT:C85015,DOID:12308
NCIT:C34840,DOID:8140
NCIT:C9235,DOID:6976
NCIT:C3774,DOID:705
NCIT:C5776,DOID:13078
NCIT:C7975,DOID:13619
NCIT:C5720,DOID:3343
NCIT:C9120,DOID:3650
NCIT:C5745,DOID:4934
NCIT:C84269,DOID:445
NCIT:C6656,DOID:3672
NCIT:C5175,DOID:5146
NCIT:C5535,DOID:11049
NCIT:C7809,DOID:1509
NCIT:C9429,DOID:10183
NCIT:C8088,DOID:4908
NCIT:C84807,DOID:8362
NCIT:C50486,DOID:3813
NCIT:C179710,DOID:8302
NCIT:C3473,DOID:2338
NCIT:C2937,DOID:4249
NCIT:C8568,DOID:11486
NCIT:C42080,DOID:4163
NCIT:C85175,DOID:6376
NCIT:C79548,DOID:2634
NCIT:C3345,DOID:11593
NCIT:C39976,DOID:3752
NCIT:C2948,DOID:4943
NCIT:C3757,DOID:10074
NCIT:C27961,DOID:0060610
NCIT:C3776,DOID:5576
NCIT:C4026,DOID:4677
NCIT:C5228,DOID:5058
NCIT:C5511,DOID:6906
NCIT:C40354,DOID:851
NCIT:C27623,DOID:1328
NCIT:C9131,DOID:0111391
NCIT:C115993,DOID:8227
NCIT:C75479,DOID:12297
NCIT:C7449,DOID:200
NCIT:C3733,DOID:2908
NCIT:C3019,DOID:7360
NCIT:C7297,DOID:0050909
NCIT:C35072,DOID:4435
NCIT:C34536,DOID:3012
NCIT:C85219,DOID:3120
NCIT:C78442,DOID:1882
NCIT:C35775,DOID:5445
NCIT:C3802,DOID:11888
NCIT:C4236,DOID:12030
NCIT:C8410,DOID:9423
NCIT:C123231,DOID:12253
NCIT:C60989,DOID:9169
NCIT:C172313,DOID:9212
NCIT:C175521,DOID:0081042
NCIT:C6247,DOID:4522
NCIT:C4102,DOID:4744
NCIT:C8776,DOID:1350
NCIT:C27471,DOID:10936
NCIT:C3356,DOID:14761
NCIT:C3505,DOID:7997
NCIT:C34888,DOID:0060317
NCIT:C35277,DOID:8331
NCIT:C2984,DOID:10699
NCIT:C34859,DOID:5222
NCIT:C27037,DOID:2228
NCIT:C4816,DOID:0060322
NCIT:C40239,DOID:1252
NCIT:C3739,DOID:12667
NCIT:C6492,DOID:5636
NCIT:C40035,DOID:14040
NCIT:C85062,DOID:4398
NCIT:C3451,DOID:9565
NCIT:C96410,DOID:10350
NCIT:C3379,DOID:7502
NCIT:C95595,DOID:0060610
NCIT:C28396,DOID:9856
NCIT:C5803,DOID:1949
NCIT:C5286,DOID:483
NCIT:C5272,DOID:13359
NCIT:C7009,DOID:3177
NCIT:C40225,DOID:9784
NCIT:C34794,DOID:7936
NCIT:C123330,DOID:7076
NCIT:C35468,DOID:1586
NCIT:C9385,DOID:0080888
NCIT:C6568,DOID:11203
NCIT:C4524,DOID:9650
NCIT:C6194,DOID:13711
NCIT:C4033,DOID:0060282
NCIT:C4146,DOID:9252
NCIT:C39807,DOID:6257
NCIT:C27893,DOID:7945
NCIT:C85034,DOID:559
NCIT:C34345,DOID:14453
NCIT:C34986,DOID:4877
NCIT:C4282,DOID:3593
NCIT:C45655,DOID:13450
NCIT:C7985,DOID:6052
NCIT:C34939,DOID:0110334
NCIT:C5450,DOID:4929
NCIT:C9174,DOID:8504
NCIT:C5184,DOID:3103
NCIT:C9426,DOID:4610
NCIT:C6043,DOID:0050685
NCIT:C4489,DOID:14308
NCIT:C35691,DOID:14547
NCIT:C40220,DOID:6620
NCIT:C40218,DOID:1556
NCIT:C5528,DOID:2935
NCIT:C6613,DOID:4795
NCIT:C84596,DOID:10030
NCIT:C9234,DOID:8781
NCIT:C5428,DOID:3962
NCIT:C5443,DOID:1520
NCIT:C84686,DOID:4050
NCIT:C4944,DOID:3860
NCIT:C3129,DOID:1143
NCIT:C27066,DOID:1129
NCIT:C103968,DOID:3774
NCIT:C2900,DOID:7297
NCIT:C98969,DOID:687
NCIT:C85040,DOID:2730
NCIT:C84814,DOID:6575
NCIT:C85067,DOID:5445
NCIT:C3218,DOID:8225
NCIT:C7138,DOID:10754
NCIT:C27210,DOID:0090106
NCIT:C3808,DOID:7522
NCIT:C8715,DOID:7302
NCIT:C6563,DOID:10540
NCIT:C4874,DOID:6629
NCIT:C84885,DOID:4682
NCIT:C27744,DOID:7046
NCIT:C3789,DOID:12399
NCIT:C27194,DOID:6997
NCIT:C5606,DOID:5713
NCIT:C40137,DOID:5128
NCIT:C4768,DOID:7584
NCIT:C40135,DOID:2340
NCIT:C5537,DOID:6459
NCIT:C40109,DOID:3210
NCIT:C5437,DOID:1098
NCIT:C39837,DOID:5182
NCIT:C4002,DOID:4840
NCIT:C9349,DOID:8117
NCIT:C7812,DOID:5713
NCIT:C6711,DOID:6101
NCIT:C3781,DOID:4788
NCIT:C26836,DOID:6086
NCIT:C6383,DOID:8861
NCIT:C39832,DOID:12689
NCIT:C40190,DOID:0050865
NCIT:C27420,DOID:4650
NCIT:C39874,DOID:6193
NCIT:C6811,DOID:6477
NCIT:C3772,DOID:0060853
NCIT:C84746,DOID:3083
NCIT:C34386,DOID:3755
NCIT:C34372,DOID:7951
NCIT:C3737,DOID:9837
NCIT:C27374,DOID:2078
NCIT:C27375,DOID:5896
NCIT:C27481,DOID:8858
NCIT:C27502,DOID:7678
NCIT:C3780,DOID:4910
NCIT:C6461,DOID:1973
NCIT:C7612,DOID:438
NCIT:C5238,DOID:5127
NCIT:C4450,DOID:367
NCIT:C128392,DOID:2702
NCIT:C27625,DOID:6312
NCIT:C27626,DOID:10016
NCIT:C34583,DOID:5511
NCIT:C5301,DOID:7439
NCIT:C4055,DOID:3277
NCIT:C4718,DOID:0080922
NCIT:C4720,DOID:2860
NCIT:C8264,DOID:4910
NCIT:C4721,DOID:4994
NCIT:C62569,DOID:686
NCIT:C3213,DOID:13381
NCIT:C98949,DOID:0081302
NCIT:C8194,DOID:4044
NCIT:C27016,DOID:5813
NCIT:C26937,DOID:6432
NCIT:C27332,DOID:5348
NCIT:C27135,DOID:11887
NCIT:C27333,DOID:7398
NCIT:C84692,DOID:9997
NCIT:C8495,DOID:2435
NCIT:C8713,DOID:1229
NCIT:C8714,DOID:4944
NCIT:C7846,DOID:6274
NCIT:C7848,DOID:5146
NCIT:C9303,DOID:5387
NCIT:C9286,DOID:3743
NCIT:C85186,DOID:2344
NCIT:C4296,DOID:13405
NCIT:C27226,DOID:10616
NCIT:C27055,DOID:4329
NCIT:C26805,DOID:0111716
NCIT:C5166,DOID:2733
NCIT:C5164,DOID:3197
NCIT:C3860,DOID:5176
NCIT:C4472,DOID:1475
NCIT:C5343,DOID:5432
NCIT:C38762,DOID:0060655
NCIT:C6555,DOID:13709
NCIT:C5429,DOID:10944
NCIT:C6624,DOID:10192
NCIT:C34586,DOID:14757
NCIT:C5822,DOID:3809
NCIT:C6911,DOID:14450
NCIT:C5119,DOID:5223
NCIT:C5347,DOID:7951
NCIT:C26865,DOID:2705
NCIT:C4299,DOID:6003
NCIT:C3945,DOID:5240
NCIT:C5423,DOID:0111936
NCIT:C5696,DOID:10865
NCIT:C6448,DOID:10080
NCIT:C4304,DOID:7558
NCIT:C34988,DOID:14451
NCIT:C84607,DOID:3184
NCIT:C34956,DOID:11589
NCIT:C39953,DOID:5276
NCIT:C4298,DOID:4845
NCIT:C6347,DOID:11277
NCIT:C26856,DOID:13099
NCIT:C8188,DOID:11824
NCIT:C98910,DOID:6039
NCIT:C45909,DOID:2228
NCIT:C124575,DOID:3197
NCIT:C34775,DOID:14271
NCIT:C26869,DOID:7333
NCIT:C5273,DOID:3323
NCIT:C3470,DOID:5709
NCIT:C34388,DOID:289
NCIT:C26972,DOID:0060854
NCIT:C45692,DOID:850
NCIT:C85019,DOID:10003
NCIT:C5310,DOID:2742
NCIT:C9482,DOID:13911
NCIT:C27335,DOID:2768
NCIT:C26941,DOID:1338
NCIT:C2857,DOID:8119
NCIT:C35132,DOID:13402
NCIT:C2964,DOID:4090
NCIT:C4676,DOID:9072
NCIT:C4726,DOID:10656
NCIT:C4725,DOID:0081307
NCIT:C7076,DOID:5143
NCIT:C39908,DOID:3814
NCIT:C6904,DOID:6232
NCIT:C3706,DOID:8427
NCIT:C4011,DOID:5691
NCIT:C5411,DOID:4513
NCIT:C9497,DOID:14269
NCIT:C3997,DOID:10754
NCIT:C5961,DOID:10608
NCIT:C5407,DOID:4295
NCIT:C3410,DOID:7328
NCIT:C84536,DOID:10952
NCIT:C3760,DOID:8310
NCIT:C4168,DOID:0111526
NCIT:C2926,DOID:8596
NCIT:C5712,DOID:4154
NCIT:C41248,DOID:7587
NCIT:C6504,DOID:11624
NCIT:C27487,DOID:9072
NCIT:C27488,DOID:13580
NCIT:C27486,DOID:3607
NCIT:C84540,DOID:0081283
NCIT:C5586,DOID:7005
NCIT:C125695,DOID:14400
NCIT:C84909,DOID:5746
NCIT:C39948,DOID:8352
NCIT:C5353,DOID:0111369
NCIT:C8997,DOID:9297
NCIT:C36054,DOID:3602
NCIT:C36053,DOID:4543
NCIT:C5669,DOID:9837
NCIT:C35264,DOID:8481
NCIT:C35706,DOID:11246
NCIT:C35281,DOID:4015
NCIT:C35707,DOID:5568
NCIT:C35798,DOID:4594
NCIT:C35799,DOID:1670
NCIT:C35801,DOID:0080640
NCIT:C35445,DOID:6262
NCIT:C35800,DOID:4863
NCIT:C5436,DOID:0060468
NCIT:C5817,DOID:4917
NCIT:C66808,DOID:9307
NCIT:C6968,DOID:6554
NCIT:C133084,DOID:11612
NCIT:C9284,DOID:0050699
NCIT:C9285,DOID:12900
NCIT:C116757,DOID:1148
NCIT:C84628,DOID:11213
NCIT:C9370,DOID:5042
NCIT:C9091,DOID:5488
NCIT:C3086,DOID:9406
NCIT:C3727,DOID:8208
NCIT:C7596,DOID:5443
NCIT:C40310,DOID:6723
NCIT:C3795,DOID:2327
NCIT:C3017,DOID:9507
NCIT:C40315,DOID:5524
NCIT:C5408,DOID:2476
NCIT:C5479,DOID:3073
NCIT:C4047,DOID:7757
NCIT:C4323,DOID:12347
NCIT:C6809,DOID:4305
NCIT:C5419,DOID:11102
NCIT:C7173,DOID:5039
NCIT:C27505,DOID:1849
NCIT:C7445,DOID:1532
NCIT:C4641,DOID:2921
NCIT:C6346,DOID:7651
NCIT:C5539,DOID:6381
NCIT:C9462,DOID:7077
NCIT:C4540,DOID:10069
NCIT:C5666,DOID:5260
NCIT:C6051,DOID:3497
NCIT:C5130,DOID:4293
NCIT:C5342,DOID:14265
NCIT:C40295,DOID:4055
NCIT:C4264,DOID:14743
NCIT:C84796,DOID:2531
NCIT:C40017,DOID:8207
NCIT:C40016,DOID:6992
NCIT:C40023,DOID:14139
NCIT:C3681,DOID:3222
NCIT:C4142,DOID:0081082
NCIT:C27018,DOID:2833
NCIT:C5559,DOID:9261
NCIT:C4189,DOID:0060284
NCIT:C2923,DOID:11914
NCIT:C36077,DOID:7134
NCIT:C35417,DOID:5059
NCIT:C65192,DOID:2272
NCIT:C113210,DOID:0060356
NCIT:C113208,DOID:14110
NCIT:C35206,DOID:10353
NCIT:C27044,DOID:5688
NCIT:C8054,DOID:0060591
NCIT:C46095,DOID:10568
NCIT:C4068,DOID:0111531
NCIT:C7380,DOID:255
NCIT:C4035,DOID:6559
NCIT:C62798,DOID:11885
NCIT:C3879,DOID:3459
NCIT:C40297,DOID:1470
NCIT:C128415,DOID:6925
NCIT:C4122,DOID:5757
NCIT:C4120,DOID:3577
NCIT:C27004,DOID:5289
NCIT:C123159,DOID:8368
NCIT:C3190,DOID:1361
NCIT:C2928,DOID:496
NCIT:C3926,DOID:10588
NCIT:C26780,DOID:9521
NCIT:C27641,DOID:11721
NCIT:C27052,DOID:0050434
NCIT:C35330,DOID:0050428
NCIT:C27051,DOID:9577
NCIT:C27329,DOID:0090123
NCIT:C27348,DOID:813
NCIT:C6516,DOID:2838
NCIT:C6514,DOID:5723
NCIT:C5834,DOID:0060218
NCIT:C6617,DOID:3112
NCIT:C5627,DOID:8920
NCIT:C4716,DOID:331
NCIT:C5236,DOID:11277
NCIT:C5190,DOID:121
NCIT:C6378,DOID:0111672
NCIT:C3874,DOID:11820
NCIT:C4130,DOID:0081314
NCIT:C50783,DOID:7600
NCIT:C45525,DOID:2053
NCIT:C50842,DOID:1040
NCIT:C3422,DOID:14453
NCIT:C9313,DOID:10976
NCIT:C39915,DOID:93
NCIT:C3196,DOID:3206
NCIT:C84542,DOID:12003
NCIT:C40229,DOID:0081255
NCIT:C6336,DOID:12689
NCIT:C6311,DOID:0080705
NCIT:C7317,DOID:7930
NCIT:C40277,DOID:7497
NCIT:C5697,DOID:1520
NCIT:C5695,DOID:10079
NCIT:C3255,DOID:223
NCIT:C96716,DOID:3306
NCIT:C6800,DOID:9267
NCIT:C4123,DOID:1943
NCIT:C9296,DOID:6530
NCIT:C5504,DOID:0050909
NCIT:C84691,DOID:0081316
NCIT:C4754,DOID:5667
NCIT:C34433,DOID:2106
NCIT:C84917,DOID:9790
NCIT:C85031,DOID:9622
NCIT:C27262,DOID:7522
NCIT:C34569,DOID:9368
NCIT:C3207,DOID:3501
NCIT:C7135,DOID:10184
NCIT:C3306,DOID:4136
NCIT:C182453,DOID:0081245
NCIT:C6895,DOID:6804
NCIT:C6338,DOID:13580
NCIT:C40231,DOID:699
NCIT:C26893,DOID:6004
NCIT:C4131,DOID:7679
NCIT:C5754,DOID:11234
NCIT:C27922,DOID:4227
NCIT:C27388,DOID:4148
NCIT:C6967,DOID:0060162
NCIT:C8273,DOID:4227
NCIT:C3252,DOID:5221
NCIT:C5700,DOID:7400
NCIT:C4336,DOID:6354
NCIT:C40328,DOID:7482
NCIT:C5360,DOID:0081307
NCIT:C6601,DOID:13042
NCIT:C7017,DOID:14472
NCIT:C7157,DOID:2229
NCIT:C128336,DOID:14289
NCIT:C5968,DOID:9368
NCIT:C6909,DOID:8149
NCIT:C5970,DOID:0060387
NCIT:C2922,DOID:0090019
NCIT:C27721,DOID:774
NCIT:C5453,DOID:3672
NCIT:C6902,DOID:6512
NCIT:C128413,DOID:11080
NCIT:C42048,DOID:3078
NCIT:C3790,DOID:4310
NCIT:C113150,DOID:6727
NCIT:C72070,DOID:5117
NCIT:C129722,DOID:0081278
NCIT:C99027,DOID:6998
NCIT:C97166,DOID:5848
NCIT:C26746,DOID:2730
NCIT:C53655,DOID:5286
NCIT:C26797,DOID:14791
NCIT:C27595,DOID:6576
NCIT:C79597,DOID:5295
NCIT:C27596,DOID:0111873
NCIT:C5969,DOID:5851
NCIT:C5802,DOID:3541
NCIT:C5295,DOID:9267
NCIT:C34656,DOID:628
NCIT:C4722,DOID:7960
NCIT:C6775,DOID:3172
NCIT:C4270,DOID:6197
NCIT:C8973,DOID:8251
NCIT:C40219,DOID:0050699
NCIT:C101216,DOID:14118
NCIT:C6511,DOID:4079
NCIT:C35765,DOID:9253
NCIT:C27293,DOID:5696
NCIT:C27005,DOID:1391
NCIT:C4525,DOID:5703
NCIT:C80427,DOID:6925
NCIT:C84727,DOID:8596
NCIT:C27605,DOID:3747
NCIT:C84887,DOID:0060327
NCIT:C41236,DOID:12169
NCIT:C84645,DOID:12206
NCIT:C85010,DOID:2817
NCIT:C3747,DOID:6846
NCIT:C5355,DOID:5236
NCIT:C84891,DOID:6569
NCIT:C62282,DOID:4407
NCIT:C7473,DOID:5537
NCIT:C84743,DOID:5728
NCIT:C7585,DOID:9631
NCIT:C4109,DOID:12679
NCIT:C27182,DOID:1338
NCIT:C27536,DOID:9856
NCIT:C27538,DOID:6901
NCIT:C85056,DOID:0112128
NCIT:C4108,DOID:6996
NCIT:C38111,DOID:11459
NCIT:C38110,DOID:13444
NCIT:C121932,DOID:4400
NCIT:C34934,DOID:2702
NCIT:C3751,DOID:8208
NCIT:C27518,DOID:2957
NCIT:C4468,DOID:2373
NCIT:C27516,DOID:369
NCIT:C27517,DOID:961
NCIT:C3697,DOID:0050471
NCIT:C3903,DOID:7849
NCIT:C3696,DOID:3557
NCIT:C2951,DOID:3374
NCIT:C37265,DOID:0070314
NCIT:C27065,DOID:6585
NCIT:C27617,DOID:2544
NCIT:C7283,DOID:0050472
NCIT:C39958,DOID:11713
NCIT:C4257,DOID:1738
NCIT:C6512,DOID:146
NCIT:C4482,DOID:5704
NCIT:C3748,DOID:5295
NCIT:C4256,DOID:10976
NCIT:C40326,DOID:4653
NCIT:C4483,DOID:3578
NCIT:C6558,DOID:3827
NCIT:C3797,DOID:9072
NCIT:C41427,DOID:14775
NCIT:C6559,DOID:3201
NCIT:C35543,DOID:3352
NCIT:C40065,DOID:3740
NCIT:C40270,DOID:3747
NCIT:C40269,DOID:2451
NCIT:C6951,DOID:2965
NCIT:C38158,DOID:7400
NCIT:C9149,DOID:121
NCIT:C9147,DOID:7694
NCIT:C8496,DOID:10331
NCIT:C9146,DOID:0070327
NCIT:C97085,DOID:13938
NCIT:C40236,DOID:0060160
NCIT:C9148,DOID:626
NCIT:C42058,DOID:12934
NCIT:C42057,DOID:2667
NCIT:C6594,DOID:3017
NCIT:C101253,DOID:0060135
NCIT:C79805,DOID:14784
NCIT:C128119,DOID:4749
NCIT:C7286,DOID:0080199
NCIT:C4291,DOID:2621
NCIT:C27062,DOID:6193
NCIT:C36071,DOID:4651
NCIT:C35383,DOID:2457
NCIT:C3836,DOID:1825
NCIT:C35796,DOID:0080211
NCIT:C26761,DOID:4860
NCIT:C84754,DOID:3717
NCIT:C4221,DOID:8712
NCIT:C36079,DOID:0050450
NCIT:C6529,DOID:7515
NCIT:C3801,DOID:12783
NCIT:C27495,DOID:0080370
NCIT:C9428,DOID:1837
NCIT:C27494,DOID:10966
NCIT:C5494,DOID:10930
NCIT:C3108,DOID:2411
NCIT:C5364,DOID:0110827
NCIT:C7723,DOID:2142
NCIT:C5234,DOID:5221
NCIT:C3700,DOID:0060878
NCIT:C5667,DOID:5767
NCIT:C5599,DOID:848
NCIT:C3701,DOID:7825
NCIT:C5335,DOID:9821
NCIT:C4484,DOID:7031
NCIT:C4574,DOID:5418
NCIT:C5334,DOID:7350
NCIT:C27200,DOID:3672
NCIT:C5526,DOID:0081285
NCIT:C6326,DOID:14270
NCIT:C27904,DOID:0111669
NCIT:C5186,DOID:3187
NCIT:C40318,DOID:8849
NCIT:C6183,DOID:3928
NCIT:C6022,DOID:7230
NCIT:C6340,DOID:6278
NCIT:C118723,DOID:1240
NCIT:C6619,DOID:367
NCIT:C26801,DOID:2762
NCIT:C5756,DOID:401
NCIT:C5549,DOID:4877
NCIT:C8028,DOID:176
NCIT:C26768,DOID:0111633
NCIT:C6280,DOID:10003
NCIT:C40139,DOID:7915
NCIT:C6344,DOID:7089
NCIT:C40078,DOID:0060013
NCIT:C6179,DOID:8178
NCIT:C6172,DOID:5165
NCIT:C27414,DOID:8368
NCIT:C4199,DOID:13072
NCIT:C40368,DOID:4138
NCIT:C40320,DOID:0081087
NCIT:C26874,DOID:5556
NCIT:C26962,DOID:0081036
NCIT:C6357,DOID:767
NCIT:C34893,DOID:6804
NCIT:C3948,DOID:7380
NCIT:C3820,DOID:162
NCIT:C6752,DOID:5196
NCIT:C27364,DOID:1891
NCIT:C8000,DOID:0111676
NCIT:C5027,DOID:5524
NCIT:C27241,DOID:2960
NCIT:C6285,DOID:3457
NCIT:C8107,DOID:0070212
NCIT:C39986,DOID:3842
NCIT:C97083,DOID:7474
NCIT:C40254,DOID:906
NCIT:C40396,DOID:14115
NCIT:C5386,DOID:470
NCIT:C7368,DOID:5977
NCIT:C7367,DOID:4437
NCIT:C4114,DOID:8683
NCIT:C35344,DOID:11727
NCIT:C35287,DOID:0050461
NCIT:C4157,DOID:7684
NCIT:C3759,DOID:418
NCIT:C79697,DOID:14692
NCIT:C4151,DOID:5157
NCIT:C3342,DOID:7613
NCIT:C8388,DOID:321
NCIT:C5962,DOID:3278
NCIT:C4159,DOID:4359
NCIT:C4155,DOID:4769
NCIT:C36171,DOID:7326
NCIT:C84883,DOID:93
NCIT:C53972,DOID:6741
NCIT:C62545,DOID:11722
NCIT:C3292,DOID:8929
NCIT:C4917,DOID:9903
NCIT:C5670,DOID:12842
NCIT:C3915,DOID:8369
NCIT:C6683,DOID:3374
NCIT:C94378,DOID:452
NCIT:C3362,DOID:6693
NCIT:C9137,DOID:5751
NCIT:C113352,DOID:5469
NCIT:C37266,DOID:1508
NCIT:C34563,DOID:5908
NCIT:C39857,DOID:6337
NCIT:C7126,DOID:6975
NCIT:C5857,DOID:3038
NCIT:C4171,DOID:605
NCIT:C7568,DOID:3541
NCIT:C7567,DOID:13081
NCIT:C4170,DOID:1637
NCIT:C4172,DOID:6996
NCIT:C85039,DOID:0060356
NCIT:C6023,DOID:2833
NCIT:C37215,DOID:3642
NCIT:C40031,DOID:850
NCIT:C40230,DOID:4086
NCIT:C8986,DOID:10657
NCIT:C27287,DOID:3269
NCIT:C6533,DOID:7540
NCIT:C3400,DOID:12842
NCIT:C4277,DOID:7040
NCIT:C6618,DOID:4406
NCIT:C4279,DOID:6492
NCIT:C4278,DOID:4768
NCIT:C6534,DOID:0081067
NCIT:C4713,DOID:3706
NCIT:C128401,DOID:3479
NCIT:C6903,DOID:6468
NCIT:C4319,DOID:12176
NCIT:C8578,DOID:1340
NCIT:C7169,DOID:3675
NCIT:C8106,DOID:10286
NCIT:C3333,DOID:10823
NCIT:C4105,DOID:3847
NCIT:C27084,DOID:14384
NCIT:C5603,DOID:14793
NCIT:C7733,DOID:4087
NCIT:C6759,DOID:6276
NCIT:C9063,DOID:0081286
NCIT:C8591,DOID:8533
NCIT:C6637,DOID:5134
NCIT:C5259,DOID:11234
NCIT:C40090,DOID:9439
NCIT:C36102,DOID:9869
NCIT:C27496,DOID:7046
NCIT:C6887,DOID:14365
NCIT:C27061,DOID:4896
NCIT:C34529,DOID:421
NCIT:C6160,DOID:2996
NCIT:C9047,DOID:9307
NCIT:C6253,DOID:11204
NCIT:C9007,DOID:2231
NCIT:C6792,DOID:4033
NCIT:C5256,DOID:268
NCIT:C3902,DOID:3683
NCIT:C5630,DOID:5063
NCIT:C5555,DOID:6871
NCIT:C7383,DOID:7049
NCIT:C27202,DOID:3744
NCIT:C3488,DOID:13300
NCIT:C50778,DOID:6474
NCIT:C27473,DOID:4839
NCIT:C101328,DOID:0050750
NCIT:C7989,DOID:6858
NCIT:C9088,DOID:3201
NCIT:C5744,DOID:3633
NCIT:C7462,DOID:6110
NCIT:C4321,DOID:2725
NCIT:C4347,DOID:0111540
NCIT:C4320,DOID:0050459
NCIT:C40041,DOID:10540
NCIT:C7450,DOID:367
NCIT:C41618,DOID:4907
NCIT:C5664,DOID:12679
NCIT:C5775,DOID:14791
NCIT:C128393,DOID:5022
NCIT:C6547,DOID:9553
NCIT:C7266,DOID:2151
NCIT:C40189,DOID:7380
NCIT:C6980,DOID:5015
NCIT:C40286,DOID:8288
NCIT:C84808,DOID:4404
NCIT:C5279,DOID:4640
NCIT:C27910,DOID:6959
NCIT:C3457,DOID:10616
NCIT:C40365,DOID:4061
NCIT:C9012,DOID:5637
NCIT:C9423,DOID:5713
NCIT:C37304,DOID:3860
NCIT:C35830,DOID:732
NCIT:C35558,DOID:4867
NCIT:C7301,DOID:7463
NCIT:C8095,DOID:0050797
NCIT:C39924,DOID:11983
NCIT:C7296,DOID:14384
NCIT:C4933,DOID:4489
NCIT:C27357,DOID:0081085
NCIT:C123174,DOID:0111054
NCIT:C7401,DOID:10030
NCIT:C9461,DOID:13268
NCIT:C6763,DOID:10140
NCIT:C6762,DOID:7008
NCIT:C6655,DOID:230
NCIT:C96230,DOID:5504
NCIT:C40298,DOID:0080072
NCIT:C6460,DOID:3377
NCIT:C5524,DOID:12712
NCIT:C4326,DOID:3766
NCIT:C35071,DOID:6500
NCIT:C26894,DOID:628
NCIT:C6699,DOID:8058
NCIT:C6685,DOID:790
NCIT:C8255,DOID:8596
NCIT:C8256,DOID:440
NCIT:C7470,DOID:7127
NCIT:C4148,DOID:10361
NCIT:C5569,DOID:1800
NCIT:C35829,DOID:0060251
NCIT:C38766,DOID:6017
NCIT:C40075,DOID:12679
NCIT:C36260,DOID:0060376
NCIT:C6239,DOID:10156
NCIT:C35142,DOID:0060800
NCIT:C4288,DOID:3309
NCIT:C9499,DOID:13399
NCIT:C7267,DOID:3777
NCIT:C4331,DOID:3074
NCIT:C4330,DOID:423
NCIT:C4329,DOID:5178
NCIT:C4333,DOID:0080903
NCIT:C9080,DOID:7212
NCIT:C4273,DOID:0070326
NCIT:C37201,DOID:4955
NCIT:C5790,DOID:7460
NCIT:C5713,DOID:5225
NCIT:C41247,DOID:4242
NCIT:C41246,DOID:2530
NCIT:C41245,DOID:482
NCIT:C35042,DOID:11037
NCIT:C40165,DOID:0050475
NCIT:C39844,DOID:3939
NCIT:C39885,DOID:594
NCIT:C27144,DOID:3479
NCIT:C40455,DOID:0081286
NCIT:C40957,DOID:4903
NCIT:C27839,DOID:12215
NCIT:C8717,DOID:7041
NCIT:C27376,DOID:162
NCIT:C39927,DOID:0080164
NCIT:C4324,DOID:2234
NCIT:C40391,DOID:7032
NCIT:C9368,DOID:6054
NCIT:C27301,DOID:3253
NCIT:C26903,DOID:4007
NCIT:C40032,DOID:14418
NCIT:C27248,DOID:3209
NCIT:C3827,DOID:1060
NCIT:C6550,DOID:11328
NCIT:C40446,DOID:9470
NCIT:C27802,DOID:12978
NCIT:C5556,DOID:603
NCIT:C39867,DOID:9446
NCIT:C39925,DOID:11577
NCIT:C40284,DOID:7166
NCIT:C26867,DOID:7540
NCIT:C27474,DOID:7997
NCIT:C27343,DOID:6552
NCIT:C39866,DOID:2763
NCIT:C4462,DOID:6112
NCIT:C27779,DOID:3644
NCIT:C4970,DOID:8635
NCIT:C26323,DOID:14775
NCIT:C27447,DOID:2929
NCIT:C27448,DOID:883
NCIT:C128167,DOID:5535
NCIT:C40285,DOID:5271
NCIT:C27288,DOID:355
NCIT:C40131,DOID:12003
NCIT:C9013,DOID:11189
NCIT:C9015,DOID:8072
NCIT:C8110,DOID:4481
NCIT:C6438,DOID:2485
NCIT:C3149,DOID:5913
NCIT:C43345,DOID:169
NCIT:C34415,DOID:7051
NCIT:C26749,DOID:14292
NCIT:C34959,DOID:5691
NCIT:C3050,DOID:0080164
NCIT:C27444,DOID:17
NCIT:C9069,DOID:10371
NCIT:C4461,DOID:6101
NCIT:C35130,DOID:3258
NCIT:C5650,DOID:10070
NCIT:C123215,DOID:0080369
NCIT:C6870,DOID:4023
NCIT:C5472,DOID:2860
NCIT:C27937,DOID:5514
NCIT:C6267,DOID:6291
NCIT:C40099,DOID:1920
NCIT:C4967,DOID:4894
NCIT:C9119,DOID:5615
NCIT:C26767,DOID:2754
NCIT:C5135,DOID:7144
NCIT:C27598,DOID:4795
NCIT:C9294,DOID:8200
NCIT:C40296,DOID:7607
NCIT:C4538,DOID:13949
NCIT:C84565,DOID:7941
NCIT:C8712,DOID:8208
NCIT:C6207,DOID:3923
NCIT:C111885,DOID:3502
NCIT:C39930,DOID:13481
NCIT:C27850,DOID:0060844
NCIT:C7980,DOID:13523
NCIT:C6933,DOID:270
NCIT:C35602,DOID:9849
NCIT:C40359,DOID:0080799
NCIT:C3762,DOID:9252
NCIT:C40358,DOID:9835
NCIT:C40357,DOID:8568
NCIT:C7959,DOID:0081246
NCIT:C39591,DOID:6997
NCIT:C26752,DOID:10349
NCIT:C27407,DOID:8410
NCIT:C6876,DOID:1586
NCIT:C5271,DOID:0080644
NCIT:C40187,DOID:3323
NCIT:C7640,DOID:1749
NCIT:C34874,DOID:4744
NCIT:C27472,DOID:331
NCIT:C3318,DOID:7868
NCIT:C9041,DOID:3964
NCIT:C9043,DOID:0050432
NCIT:C5849,DOID:10069
NCIT:C4432,DOID:7603
NCIT:C27452,DOID:3166
NCIT:C5201,DOID:6785
NCIT:C40141,DOID:7643
NCIT:C5298,DOID:11242
NCIT:C34958,DOID:0081246
NCIT:C40388,DOID:4151
NCIT:C40385,DOID:13372
NCIT:C27022,DOID:4195
NCIT:C5609,DOID:11991
NCIT:C9009,DOID:3703
NCIT:C9008,DOID:5240
NCIT:C40384,DOID:5565
NCIT:C9473,DOID:2215
NCIT:C40383,DOID:13515
NCIT:C40364,DOID:11983
NCIT:C6469,DOID:205
NCIT:C6088,DOID:0081283
NCIT:C39824,DOID:12399
NCIT:C27953,DOID:0080649
NCIT:C40306,DOID:14224
NCIT:C5560,DOID:1070
NCIT:C40307,DOID:876
NCIT:C37256,DOID:3925
NCIT:C7362,DOID:12155
NCIT:C87121,DOID:7037
NCIT:C8189,DOID:4734
NCIT:C8190,DOID:8221
NCIT:C8191,DOID:2142
NCIT:C40442,DOID:10128
NCIT:C27925,DOID:4897
NCIT:C40193,DOID:4903
NCIT:C7998,DOID:2859
NCIT:C26886,DOID:0050744
NCIT:C39821,DOID:7175
NCIT:C35870,DOID:10457
NCIT:C4020,DOID:10935
NCIT:C4154,DOID:0081093
NCIT:C8380,DOID:4554
NCIT:C39955,DOID:6888
NCIT:C27216,DOID:3011
NCIT:C27103,DOID:2732
NCIT:C26733,DOID:1081
NCIT:C4152,DOID:0081253
NCIT:C4107,DOID:11249
NCIT:C4094,DOID:8654
NCIT:C4188,DOID:10126
NCIT:C4978,DOID:6774
NCIT:C3680,DOID:4217
NCIT:C26875,DOID:4207
NCIT:C176979,DOID:5662
NCIT:C35275,DOID:4175
NCIT:C4252,DOID:12930
NCIT:C7811,DOID:2024
NCIT:C8091,DOID:4549
NCIT:C6509,DOID:6839
NCIT:C51223,DOID:4648
NCIT:C5488,DOID:3749
NCIT:C5187,DOID:11550
NCIT:C3705,DOID:9955
NCIT:C4253,DOID:10933
NCIT:C6507,DOID:14365
NCIT:C27489,DOID:9870
NCIT:C27781,DOID:13110
NCIT:C5615,DOID:3356
NCIT:C6614,DOID:4087
NCIT:C6973,DOID:6278
NCIT:C4348,DOID:2929
NCIT:C4827,DOID:3608
NCIT:C34863,DOID:4119
NCIT:C40019,DOID:5662
NCIT:C40142,DOID:12904
NCIT:C40133,DOID:7609
NCIT:C4518,DOID:9268
NCIT:C27221,DOID:7297
NCIT:C40119,DOID:10609
NCIT:C7993,DOID:4795
NCIT:C7994,DOID:7826
NCIT:C27393,DOID:3783
NCIT:C6590,DOID:2388
NCIT:C4334,DOID:1607
NCIT:C4243,DOID:0111252
NCIT:C8290,DOID:6687
NCIT:C34795,DOID:13922
NCIT:C6776,DOID:2656
NCIT:C6779,DOID:4058
NCIT:C5614,DOID:6785
NCIT:C41617,DOID:3029
NCIT:C4460,DOID:4662
NCIT:C5275,DOID:13025
NCIT:C40440,DOID:5379
NCIT:C40439,DOID:1623
NCIT:C8289,DOID:0080775
NCIT:C40153,DOID:5866
NCIT:C94834,DOID:7903
NCIT:C39951,DOID:6231
NCIT:C39952,DOID:5561
NCIT:C6838,DOID:1792
NCIT:C7541,DOID:12365
NCIT:C41251,DOID:10443
NCIT:C3270,DOID:9602
NCIT:C27000,DOID:0050460
NCIT:C27466,DOID:5551
NCIT:C45837,DOID:3328
NCIT:C9168,DOID:2913
NCIT:C7476,DOID:0080684
NCIT:C7061,DOID:0050456
NCIT:C5284,DOID:14545
NCIT:C37214,DOID:57
NCIT:C3022,DOID:7506
NCIT:C5727,DOID:7725
NCIT:C8090,DOID:2145
NCIT:C8094,DOID:8117
NCIT:C41619,DOID:2959
NCIT:C5718,DOID:4394
NCIT:C9048,DOID:758
NCIT:C9184,DOID:6383
NCIT:C9372,DOID:4292
NCIT:C7124,DOID:10540
NCIT:C3845,DOID:14452
NCIT:C4989,DOID:7400
NCIT:C40118,DOID:4
NCIT:C34968,DOID:13868
NCIT:C26880,DOID:8060
NCIT:C27455,DOID:3113
NCIT:C95599,DOID:12169
NCIT:C7977,DOID:2153
NCIT:C40367,DOID:6115
NCIT:C7978,DOID:4584
NCIT:C40136,DOID:3187
NCIT:C78579,DOID:2517
NCIT:C27838,DOID:2058
NCIT:C5724,DOID:10935
NCIT:C40201,DOID:8224
NCIT:C26762,DOID:7611
NCIT:C4268,DOID:3618
NCIT:C3363,DOID:13711
NCIT:C38012,DOID:349
NCIT:C40369,DOID:5843
NCIT:C40309,DOID:0081260
NCIT:C38152,DOID:5823
NCIT:C5671,DOID:420
NCIT:C35795,DOID:5884
NCIT:C34866,DOID:720
NCIT:C27777,DOID:4869
NCIT:C7053,DOID:2926
NCIT:C5821,DOID:13608
NCIT:C7097,DOID:4463
NCIT:C7095,DOID:3850
NCIT:C85172,DOID:12720
NCIT:C6589,DOID:13956
NCIT:C3962,DOID:8544
NCIT:C3895,DOID:0050657
NCIT:C34677,DOID:4043
NCIT:C38661,DOID:8354
NCIT:C37869,DOID:3011
NCIT:C5165,DOID:6554
NCIT:C7587,DOID:4353
NCIT:C7979,DOID:9884
NCIT:C40138,DOID:9442
NCIT:C34376,DOID:6741
NCIT:C6343,DOID:5104
NCIT:C7327,DOID:1558
NCIT:C36068,DOID:11049
NCIT:C27996,DOID:0070145
NCIT:C36073,DOID:1826
NCIT:C35305,DOID:4931
NCIT:C35672,DOID:9471
NCIT:C35673,DOID:14449
NCIT:C35400,DOID:9370
NCIT:C8778,DOID:1583
NCIT:C7357,DOID:5926
NCIT:C6475,DOID:2871
NCIT:C35150,DOID:5713
NCIT:C6447,DOID:2491
NCIT:C6798,DOID:10376
NCIT:C7635,DOID:988
NCIT:C8269,DOID:7817
NCIT:C8097,DOID:8687
NCIT:C7947,DOID:767
NCIT:C8988,DOID:956
NCIT:C40086,DOID:7154
NCIT:C40085,DOID:5538
NCIT:C4662,DOID:784
NCIT:C27791,DOID:10930
NCIT:C6982,DOID:11888
NCIT:C35420,DOID:5564
NCIT:C5823,DOID:13407
NCIT:C7427,DOID:5768
NCIT:C9371,DOID:8431
NCIT:C6954,DOID:533
NCIT:C7109,DOID:11573
NCIT:C5845,DOID:10632
NCIT:C34362,DOID:11991
NCIT:C8114,DOID:3196
NCIT:C34890,DOID:0060184
NCIT:C3798,DOID:4073
NCIT:C6566,DOID:5577
NCIT:C5973,DOID:5639
NCIT:C5972,DOID:3666
NCIT:C94379,DOID:0081041
NCIT:C5189,DOID:1073
NCIT:C27399,DOID:8302
NCIT:C27183,DOID:3112
NCIT:C7990,DOID:3275
NCIT:C8272,DOID:2211
NCIT:C5278,DOID:6090
NCIT:C5285,DOID:7506
NCIT:C5313,DOID:1793
NCIT:C5287,DOID:4005
NCIT:C35603,DOID:339
NCIT:C8293,DOID:5474
NCIT:C7925,DOID:0111337
NCIT:C9438,DOID:5307
NCIT:C115203,DOID:6406
NCIT:C2918,DOID:4085
NCIT:C9282,DOID:6376
NCIT:C26810,DOID:14069
NCIT:C5792,DOID:3492
NCIT:C27514,DOID:12835
NCIT:C40235,DOID:9599
NCIT:C40445,DOID:5724
NCIT:C172147,DOID:5595
NCIT:C7924,DOID:10303
NCIT:C5462,DOID:2773
NCIT:C8271,DOID:10813
NCIT:C4050,DOID:14463
NCIT:C5296,DOID:1584
NCIT:C6636,DOID:6785
NCIT:C6625,DOID:13626
NCIT:C7997,DOID:12161
NCIT:C7999,DOID:6827
NCIT:C9077,DOID:5949
NCIT:C39926,DOID:4624
NCIT:C8696,DOID:1858
NCIT:C7027,DOID:3323
NCIT:C27402,DOID:9043
NCIT:C42060,DOID:4136
NCIT:C42059,DOID:1388
NCIT:C27234,DOID:9097
NCIT:C6984,DOID:8307
NCIT:C5117,DOID:14400
NCIT:C40188,DOID:1970
NCIT:C40159,DOID:5561
NCIT:C39828,DOID:4531
NCIT:C39823,DOID:4917
NCIT:C39819,DOID:13316
NCIT:C39820,DOID:2349
NCIT:C39822,DOID:9280
NCIT:C5180,DOID:6492
NCIT:C27944,DOID:3643
NCIT:C5267,DOID:13139
NCIT:C35114,DOID:8482
NCIT:C7002,DOID:12720
NCIT:C5350,DOID:5264
NCIT:C61469,DOID:9181
NCIT:C5292,DOID:6313
NCIT:C6793,DOID:2647
NCIT:C39959,DOID:3522
NCIT:C6983,DOID:4968
NCIT:C4223,DOID:0111873
NCIT:C5832,DOID:6680
NCIT:C5250,DOID:1835
NCIT:C7566,DOID:11665
NCIT:C6777,DOID:730
NCIT:C6546,DOID:10488
NCIT:C40962,DOID:5842
NCIT:C6720,DOID:12308
NCIT:C39847,DOID:6065
NCIT:C39848,DOID:10199
NCIT:C6771,DOID:5760
NCIT:C40387,DOID:5975
NCIT:C41620,DOID:1063
NCIT:C27406,DOID:0081329
NCIT:C39929,DOID:10783
NCIT:C39815,DOID:5221
NCIT:C39814,DOID:0080877
NCIT:C6839,DOID:4626
NCIT:C3927,DOID:6294
NCIT:C7751,DOID:3721
NCIT:C6148,DOID:3704
NCIT:C8603,DOID:0080638
NCIT:C8404,DOID:0081315
NCIT:C7726,DOID:4061
NCIT:C6181,DOID:3751
NCIT:C35284,DOID:3526
NCIT:C5307,DOID:2609
NCIT:C6943,DOID:327
NCIT:C3484,DOID:0081083
NCIT:C5198,DOID:5445
NCIT:C35273,DOID:2098
NCIT:C5185,DOID:8272
NCIT:C4983,DOID:4360
NCIT:C4982,DOID:0080522
NCIT:C5794,DOID:4872
NCIT:C7013,DOID:6090
NCIT:C7014,DOID:5505
NCIT:C35492,DOID:0060485
NCIT:C27143,DOID:1724
NCIT:C27870,DOID:5604
NCIT:C35614,DOID:0070212
NCIT:C5361,DOID:5874
NCIT:C5365,DOID:8455
NCIT:C7986,DOID:4188
NCIT:C5345,DOID:2730
NCIT:C35413,DOID:13929
NCIT:C3027,DOID:3683
NCIT:C6205,DOID:418
NCIT:C7928,DOID:3692
NCIT:C6837,DOID:0081066
NCIT:C84601,DOID:3382
NCIT:C39854,DOID:0081306
NCIT:C50687,DOID:7972
NCIT:C6552,DOID:9396
NCIT:C6551,DOID:1795
NCIT:C8588,DOID:3450
NCIT:C5317,DOID:10324
NCIT:C8506,DOID:8545
NCIT:C5318,DOID:4715
NCIT:C5319,DOID:2653
NCIT:C78446,DOID:8167
NCIT:C40205,DOID:7340
NCIT:C27341,DOID:8442
NCIT:C5297,DOID:4227
NCIT:C5293,DOID:0080674
NCIT:C5269,DOID:4878
NCIT:C4959,DOID:4948
NCIT:C4528,DOID:9584
NCIT:C39725,DOID:2781
NCIT:C4318,DOID:6648
NCIT:C40174,DOID:2355
NCIT:C6544,DOID:3247
NCIT:C6542,DOID:6733
NCIT:C6545,DOID:4
NCIT:C9222,DOID:6210
NCIT:C39900,DOID:3998
NCIT:C39870,DOID:5852
NCIT:C9192,DOID:14218
NCIT:C42700,DOID:13382
NCIT:C6643,DOID:0111842
NCIT:C27390,DOID:4992
NCIT:C5550,DOID:0111949
NCIT:C6497,DOID:7825
NCIT:C34504,DOID:1039
NCIT:C9425,DOID:5193
NCIT:C6846,DOID:9931
NCIT:C6608,DOID:0050820
NCIT:C39849,DOID:2156
NCIT:C4508,DOID:1726
NCIT:C8430,DOID:11199
NCIT:C7035,DOID:2224
NCIT:C7695,DOID:4023
NCIT:C6548,DOID:9286
NCIT:C6554,DOID:3197
NCIT:C8112,DOID:11044
NCIT:C39992,DOID:12386
NCIT:C27071,DOID:0060485
NCIT:C8960,DOID:10003
NCIT:C4526,DOID:8200
NCIT:C27319,DOID:8426
NCIT:C7461,DOID:6313
NCIT:C5963,DOID:731
NCIT:C3687,DOID:9206
NCIT:C39809,DOID:8501
NCIT:C39810,DOID:3280
NCIT:C4691,DOID:6872
NCIT:C9281,DOID:6652
NCIT:C4001,DOID:0110829
NCIT:C3472,DOID:3250
NCIT:C5965,DOID:6313
NCIT:C7915,DOID:0080146
NCIT:C5964,DOID:5789
NCIT:C40034,DOID:3781
NCIT:C6742,DOID:13223
NCIT:C6286,DOID:10154
NCIT:C6220,DOID:5137
NCIT:C5438,DOID:5267
NCIT:C3101,DOID:10931
NCIT:C27804,DOID:6607
NCIT:C87497,DOID:7698
NCIT:C5412,DOID:295
NCIT:C5426,DOID:7175
NCIT:C39996,DOID:5916
NCIT:C7285,DOID:6192
NCIT:C8461,DOID:10931
NCIT:C27578,DOID:12642
NCIT:C8111,DOID:3280
NCIT:C7946,DOID:1107
NCIT:C9183,DOID:9631
NCIT:C40305,DOID:1036
NCIT:C6910,DOID:14183
NCIT:C4748,DOID:0060849
NCIT:C2851,DOID:2658
NCIT:C27911,DOID:1417
NCIT:C84623,DOID:3413
NCIT:C89715,DOID:4287
NCIT:C34714,DOID:10003
NCIT:C6890,DOID:5337
NCIT:C5281,DOID:10486
NCIT:C9042,DOID:10540
NCIT:C6216,DOID:4419
NCIT:C34578,DOID:4384
NCIT:C34580,DOID:2219
NCIT:C27253,DOID:8738
NCIT:C7278,DOID:0081082
NCIT:C98916,DOID:4266
NCIT:C7279,DOID:0080703
NCIT:C6256,DOID:5769
NCIT:C84505,DOID:4524
NCIT:C27404,DOID:6230
NCIT:C40213,DOID:9478
NCIT:C26815,DOID:3870
NCIT:C3120,DOID:0050433
NCIT:C4561,DOID:5052
NCIT:C40060,DOID:14174
NCIT:C4176,DOID:5629
NCIT:C40308,DOID:3672
NCIT:C6905,DOID:1005
NCIT:C39839,DOID:7539
NCIT:C39838,DOID:12043
NCIT:C4160,DOID:582
NCIT:C40258,DOID:7984
NCIT:C5851,DOID:12120
NCIT:C41237,DOID:0060312
NCIT:C97093,DOID:2053
NCIT:C27322,DOID:14213
NCIT:C34847,DOID:8109
NCIT:C5260,DOID:7650
NCIT:C7477,DOID:8108
NCIT:C27542,DOID:9470
NCIT:C34879,DOID:8616
NCIT:C26700,DOID:891
NCIT:C40355,DOID:13564
NCIT:C6462,DOID:705
NCIT:C6463,DOID:11983
NCIT:C7646,DOID:2838
NCIT:C37204,DOID:4114
NCIT:C6541,DOID:3948
NCIT:C5726,DOID:7371
NCIT:C27445,DOID:4359
NCIT:C6573,DOID:0050562
NCIT:C9469,DOID:9841
NCIT:C4946,DOID:13271
NCIT:C6042,DOID:7922
NCIT:C35786,DOID:12347
NCIT:C40232,DOID:8150
NCIT:C40233,DOID:10871
NCIT:C40234,DOID:5743
NCIT:C26827,DOID:13359
NCIT:C39928,DOID:2156
NCIT:C39931,DOID:11695
NCIT:C34833,DOID:5579
NCIT:C34831,DOID:4591
NCIT:C128414,DOID:713
NCIT:C5299,DOID:7868
NCIT:C7779,DOID:0060350
NCIT:C40114,DOID:4442
NCIT:C5303,DOID:0111253
NCIT:C5290,DOID:605
NCIT:C39868,DOID:0060387
NCIT:C36087,DOID:3437
NCIT:C36088,DOID:2347
NCIT:C36089,DOID:192
NCIT:C7125,DOID:8179
NCIT:C6508,DOID:0050461
NCIT:C5288,DOID:678
NCIT:C34918,DOID:5502
NCIT:C6891,DOID:6518
NCIT:C27369,DOID:8029
NCIT:C34479,DOID:6001
NCIT:C39869,DOID:11695
NCIT:C7641,DOID:4914
NCIT:C7325,DOID:11353
NCIT:C7944,DOID:14213
NCIT:C4459,DOID:5330
NCIT:C27729,DOID:8420
NCIT:C34998,DOID:3117
NCIT:C40178,DOID:6505
NCIT:C6584,DOID:582
NCIT:C6583,DOID:3388
NCIT:C36096,DOID:8426
NCIT:C5205,DOID:1733
NCIT:C5199,DOID:11260
NCIT:C6549,DOID:3185
NCIT:C35145,DOID:3502
NCIT:C40208,DOID:0111676
NCIT:C40203,DOID:6579
NCIT:C6561,DOID:1969
NCIT:C9468,DOID:2216
NCIT:C40958,DOID:7930
NCIT:C40212,DOID:3502
NCIT:C39932,DOID:5362
NCIT:C6908,DOID:2355
NCIT:C7814,DOID:82
NCIT:C8979,DOID:711
NCIT:C40040,DOID:736
NCIT:C6539,DOID:3275
NCIT:C39827,DOID:3604
NCIT:C27885,DOID:4757
NCIT:C6163,DOID:8501
NCIT:C5649,DOID:9589
NCIT:C6635,DOID:8442
NCIT:C8970,DOID:602
NCIT:C5210,DOID:7475
NCIT:C5211,DOID:7409
NCIT:C27377,DOID:4524
NCIT:C26729,DOID:3713
NCIT:C40280,DOID:14459
NCIT:C6686,DOID:4603
NCIT:C39988,DOID:674
NCIT:C39989,DOID:5693
NCIT:C39987,DOID:4591
NCIT:C35781,DOID:82
NCIT:C4558,DOID:4812
NCIT:C35782,DOID:13160
NCIT:C6888,DOID:869
NCIT:C4332,DOID:2987
NCIT:C6764,DOID:5714
NCIT:C5282,DOID:12176
NCIT:C40079,DOID:10324
NCIT:C6836,DOID:13372
NCIT:C40175,DOID:11175
NCIT:C40290,DOID:4504
NCIT:C7534,DOID:7160
NCIT:C7535,DOID:10128
NCIT:C6724,DOID:6925
NCIT:C5141,DOID:12685
NCIT:C40366,DOID:5213
NCIT:C9135,DOID:8358
NCIT:C39835,DOID:2841
NCIT:C5473,DOID:11203
NCIT:C27888,DOID:9599
NCIT:C27889,DOID:10499
NCIT:C6997,DOID:14262
NCIT:C5661,DOID:0060799
NCIT:C40259,DOID:3503
NCIT:C5433,DOID:10371
NCIT:C40206,DOID:2135
NCIT:C28432,DOID:7878
NCIT:C6206,DOID:5540
NCIT:C7752,DOID:13580
NCIT:C9503,DOID:5623
NCIT:C8292,DOID:7612
NCIT:C84671,DOID:0060463
NCIT:C27405,DOID:11603
NCIT:C40356,DOID:5263
NCIT:C40214,DOID:2907
NCIT:C34625,DOID:2986
NCIT:C35699,DOID:0080617
NCIT:C40553,DOID:3445
NCIT:C3253,DOID:0111704
NCIT:C34446,DOID:11716
NCIT:C35809,DOID:2744
NCIT:C35467,DOID:5768
NCIT:C37864,DOID:3742
NCIT:C35709,DOID:7506
NCIT:C34411,DOID:7177
NCIT:C39935,DOID:8149
NCIT:C6471,DOID:9281
NCIT:C6472,DOID:6161
NCIT:C8399,DOID:12704
NCIT:C40959,DOID:4295
NCIT:C4335,DOID:5268
NCIT:C6886,DOID:4196
NCIT:C5824,DOID:1882
NCIT:C39923,DOID:6559
NCIT:C39946,DOID:3772
NCIT:C4553,DOID:4005
NCIT:C27300,DOID:12176
NCIT:C36094,DOID:9503
NCIT:C6565,DOID:9553
NCIT:C3888,DOID:14686
NCIT:C27389,DOID:6733
NCIT:C4161,DOID:0060655
NCIT:C6560,DOID:602
NCIT:C4469,DOID:0070145
NCIT:C8601,DOID:1099
NCIT:C5140,DOID:5848
NCIT:C27311,DOID:10591
NCIT:C26863,DOID:7538
NCIT:C27331,DOID:0080521
NCIT:C9175,DOID:6691
NCIT:C37979,DOID:4249
NCIT:C93045,DOID:10303
NCIT:C98963,DOID:8426
NCIT:C113484,DOID:9669
NCIT:C85221,DOID:811
NCIT:C35256,DOID:3865
NCIT:C50515,DOID:1838
NCIT:C85046,DOID:3783
NCIT:C72069,DOID:0050457
NCIT:C85228,DOID:13271
NCIT:C2883,DOID:0081253
NCIT:C35193,DOID:6697
NCIT:C92848,DOID:12801
NCIT:C34850,DOID:4044
NCIT:C3198,DOID:2544
NCIT:C35194,DOID:6166
NCIT:C35625,DOID:13691
NCIT:C99088,DOID:5693
NCIT:C26742,DOID:3895
NCIT:C84389,DOID:14400
NCIT:C26706,DOID:0111951
NCIT:C7190,DOID:10657
NCIT:C26781,DOID:2583
NCIT:C27824,DOID:5723
NCIT:C27204,DOID:3076
NCIT:C3366,DOID:7542
NCIT:C6913,DOID:5373
NCIT:C3037,DOID:8122
NCIT:C7398,DOID:9063
NCIT:C155871,DOID:7984
NCIT:C4322,DOID:10193
NCIT:C96835,DOID:0060315
NCIT:C5323,DOID:5768
NCIT:C87069,DOID:5224
NCIT:C7982,DOID:3116
NCIT:C8287,DOID:2600
NCIT:C40370,DOID:6339
NCIT:C39990,DOID:8122
NCIT:C40395,DOID:14547
NCIT:C27846,DOID:0080925
NCIT:C85028,DOID:9699
NCIT:C8300,DOID:6867
NCIT:C35574,DOID:12286
NCIT:C35556,DOID:12689
NCIT:C36098,DOID:4675
NCIT:C5516,DOID:10823
NCIT:C85026,DOID:2876
NCIT:C27081,DOID:0081307
NCIT:C4048,DOID:5527
NCIT:C118422,DOID:9352
NCIT:C4265,DOID:0111563
NCIT:C5728,DOID:10456
NCIT:C3500,DOID:5178
NCIT:C27942,DOID:8534
NCIT:C3099,DOID:13381
NCIT:C36086,DOID:1394
NCIT:C39879,DOID:2060
NCIT:C8498,DOID:4918
NCIT:C36099,DOID:0081083
NCIT:C40267,DOID:9317
NCIT:C5309,DOID:6405
NCIT:C6753,DOID:6522
NCIT:C6754,DOID:5225
NCIT:C6755,DOID:4008
NCIT:C27849,DOID:7388
NCIT:C4960,DOID:0050459
NCIT:C3728,DOID:1522
NCIT:C5155,DOID:6785
NCIT:C3374,DOID:8295
NCIT:C3264,DOID:14720
NCIT:C9357,DOID:12685
NCIT:C34726,DOID:289
NCIT:C3529,DOID:6948
NCIT:C2912,DOID:14116
NCIT:C98842,DOID:774
NCIT:C34356,DOID:12526
NCIT:C34774,DOID:2436
NCIT:C94575,DOID:0081250
NCIT:C9317,DOID:2634
NCIT:C128402,DOID:1974
NCIT:C3316,DOID:3322
NCIT:C96406,DOID:2430
NCIT:C9283,DOID:14498
NCIT:C26835,DOID:0080708
NCIT:C35177,DOID:1992
NCIT:C38003,DOID:14686
NCIT:C94409,DOID:3926
NCIT:C26912,DOID:3816
NCIT:C3517,DOID:0050847
NCIT:C97132,DOID:11312
NCIT:C9323,DOID:8544
NCIT:C89332,DOID:9622
NCIT:C26977,DOID:6256
NCIT:C3981,DOID:8691
NCIT:C35815,DOID:2959
NCIT:C34387,DOID:12685
NCIT:C2944,DOID:4896
NCIT:C3246,DOID:1201
NCIT:C3172,DOID:0070146
NCIT:C4731,DOID:13934
NCIT:C9320,DOID:4552
NCIT:C14364,DOID:12309
NCIT:C50706,DOID:0080796
NCIT:C2917,DOID:3213
NCIT:C3574,DOID:5701
NCIT:C3151,DOID:1148
NCIT:C111888,DOID:674
NCIT:C84695,DOID:2649
NCIT:C67277,DOID:5997
NCIT:C128382,DOID:5044
NCIT:C3170,DOID:8188
NCIT:C85051,DOID:3109
NCIT:C66911,DOID:6050
NCIT:C84751,DOID:7489
NCIT:C3518,DOID:7961
NCIT:C3527,DOID:169
NCIT:C27153,DOID:2776
NCIT:C34961,DOID:332
NCIT:C3148,DOID:0060833
NCIT:C155872,DOID:6871
NCIT:C128388,DOID:3165
NCIT:C97136,DOID:4384
NCIT:C110923,DOID:6089
NCIT:C26855,DOID:0080876
NCIT:C3346,DOID:5193
NCIT:C7636,DOID:1627
NCIT:C26745,DOID:365
NCIT:C3663,DOID:4280
NCIT:C3446,DOID:6727
NCIT:C89334,DOID:7206
NCIT:C7405,DOID:9565
NCIT:C84756,DOID:0081329
NCIT:C61284,DOID:7639
NCIT:C4680,DOID:10480
NCIT:C34538,DOID:3545
NCIT:C36078,DOID:6438
NCIT:C85171,DOID:0050127
NCIT:C84489,DOID:5862
NCIT:C2943,DOID:712
NCIT:C3336,DOID:1002
NCIT:C27156,DOID:11294
NCIT:C85173,DOID:264
NCIT:C3953,DOID:2485
NCIT:C3662,DOID:0080534
NCIT:C3976,DOID:401
NCIT:C85005,DOID:9476
NCIT:C112833,DOID:8568
NCIT:C34767,DOID:0080888
NCIT:C5752,DOID:3605
NCIT:C8196,DOID:13822
NCIT:C157575,DOID:0060160
NCIT:C3312,DOID:10792
NCIT:C34591,DOID:0111676
NCIT:C5574,DOID:11258
NCIT:C3065,DOID:5238
NCIT:C3171,DOID:440
NCIT:C2868,DOID:5374
NCIT:C3528,DOID:627
NCIT:C34365,DOID:625
NCIT:C84699,DOID:0081004
NCIT:C5753,DOID:1407
NCIT:C5858,DOID:11246
NCIT:C84551,DOID:0081250
NCIT:C5041,DOID:6548
NCIT:C3189,DOID:0080645
NCIT:C2891,DOID:4489
NCIT:C85014,DOID:824
NCIT:C116046,DOID:12450
NCIT:C3531,DOID:0060243
NCIT:C34593,DOID:4791
NCIT:C35139,DOID:1587
NCIT:C97090,DOID:2640
NCIT:C3868,DOID:13822
NCIT:C84765,DOID:11119
NCIT:C84785,DOID:440
NCIT:C84937,DOID:11427
NCIT:C34806,DOID:1148
NCIT:C84546,DOID:6552
NCIT:C84957,DOID:13389
NCIT:C84639,DOID:10486
NCIT:C123433,DOID:7045
NCIT:C84568,DOID:14544
NCIT:C84770,DOID:5658
NCIT:C81315,DOID:0060315
NCIT:C3285,DOID:4471
NCIT:C26818,DOID:13381
NCIT:C97155,DOID:10791
NCIT:C5359,DOID:0060257
NCIT:C34973,DOID:4210
NCIT:C34472,DOID:2741
NCIT:C34790,DOID:1024
NCIT:C39861,DOID:9317
NCIT:C125662,DOID:1587
NCIT:C2985,DOID:7632
NCIT:C26747,DOID:4777
NCIT:C122577,DOID:712
NCIT:C34744,DOID:11870
NCIT:C78643,DOID:4346
NCIT:C26735,DOID:10480
NCIT:C26688,DOID:0070255
NCIT:C116007,DOID:3540
NCIT:C62591,DOID:2647
NCIT:C35204,DOID:684
NCIT:C43263,DOID:3042
NCIT:C110940,DOID:7165
NCIT:C112183,DOID:5514
NCIT:C3503,DOID:7211
NCIT:C84791,DOID:6703
NCIT:C35335,DOID:3250
NCIT:C40215,DOID:2143
NCIT:C26718,DOID:4242
NCIT:C3556,DOID:13711
NCIT:C3299,DOID:3857
NCIT:C26828,DOID:7608
NCIT:C35300,DOID:8761
NCIT:C50713,DOID:161
NCIT:C92852,DOID:5593
NCIT:C12264,DOID:1340
NCIT:C26971,DOID:0111054
NCIT:C34471,DOID:2065
NCIT:C34597,DOID:0080640
NCIT:C3180,DOID:334
NCIT:C35056,DOID:628
NCIT:C128418,DOID:7868
NCIT:C35254,DOID:4286
NCIT:C7150,DOID:12155
NCIT:C26690,DOID:7516
NCIT:C41430,DOID:4450
NCIT:C35723,DOID:631
NCIT:C84638,DOID:7540
NCIT:C84475,DOID:4514
NCIT:C84669,DOID:3666
NCIT:C116810,DOID:6858
NCIT:C35121,DOID:3166
NCIT:C26760,DOID:4858
NCIT:C3153,DOID:0060490
NCIT:C50559,DOID:11507
NCIT:C4728,DOID:4050
NCIT:C35037,DOID:8681
NCIT:C6483,DOID:898
NCIT:C84916,DOID:3652
NCIT:C4729,DOID:10203
NCIT:C3272,DOID:7105
NCIT:C84467,DOID:8167
NCIT:C122991,DOID:5251
NCIT:C26887,DOID:3089
NCIT:C84581,DOID:0111200
NCIT:C3282,DOID:1724
NCIT:C62546,DOID:480
NCIT:C112857,DOID:5253
NCIT:C35012,DOID:8410
NCIT:C34852,DOID:6491
NCIT:C35039,DOID:3502
NCIT:C50607,DOID:6707
NCIT:C35547,DOID:8433
NCIT:C116815,DOID:6408
NCIT:C97141,DOID:4035
NCIT:C78308,DOID:5550
NCIT:C50807,DOID:643
NCIT:C26748,DOID:10323
NCIT:C35592,DOID:4858
NCIT:C35792,DOID:0111390
NCIT:C82343,DOID:3702
NCIT:C85199,DOID:4848
NCIT:C26985,DOID:11831
NCIT:C35119,DOID:3981
NCIT:C26847,DOID:2750
NCIT:C34469,DOID:3963
NCIT:C87145,DOID:9856
NCIT:C34716,DOID:0081249
NCIT:C34596,DOID:7635
NCIT:C42086,DOID:4998
NCIT:C185243,DOID:6474
NCIT:C35086,DOID:5940
NCIT:C84720,DOID:3253
NCIT:C50575,DOID:1596
NCIT:C84723,DOID:9362
NCIT:C50655,DOID:9788
NCIT:C84910,DOID:7202
NCIT:C26717,DOID:3449
NCIT:C82859,DOID:8140
NCIT:C92561,DOID:5838
NCIT:C85225,DOID:0060119
NCIT:C34521,DOID:0070323
NCIT:C98968,DOID:3356
NCIT:C35346,DOID:3025
NCIT:C98894,DOID:0060488
NCIT:C3418,DOID:3074
NCIT:C26963,DOID:786
NCIT:C159658,DOID:13929
NCIT:C35458,DOID:8461
NCIT:C34492,DOID:0080799
NCIT:C34694,DOID:591
NCIT:C34657,DOID:3110
NCIT:C3126,DOID:7515
NCIT:C171602,DOID:3928
