DOID:0014667,NCIT:C53547
DOID:0060782,NCIT:C84683
DOID:0060783,NCIT:C84683
DOID:0060784,NCIT:C84683
DOID:0060844,NCIT:C53543
DOID:0060847,NCIT:C53543
DOID:0060849,NCIT:C28193
DOID:0060850,NCIT:C97171
DOID:0060851,NCIT:C34909
DOID:0060852,NCIT:C35337
DOID:0060854,NCIT:C85034
DOID:0060870,NCIT:C34554
DOID:0060877,NCIT:C84776
DOID:0060878,NCIT:C28193
DOID:0040093,NCIT:C27153
DOID:0050127,NCIT:C35024
DOID:0050156,NCIT:C26869
DOID:0050157,NCIT:C113159
DOID:0050158,NCIT:C35714
DOID:0070202,NCIT:C84708
DOID:0070212,NCIT:C3207
DOID:0070214,NCIT:C131840
DOID:0070221,NCIT:C28193
DOID:0070230,NCIT:C84401
DOID:0050424,NCIT:C165470
DOID:0050425,NCIT:C28193
DOID:0050429,NCIT:C34909
DOID:0050430,NCIT:C123329
DOID:0050431,NCIT:C53543
DOID:0050432,NCIT:C88412
DOID:0050437,NCIT:C84734
DOID:0050438,NCIT:C28193
DOID:0050441,NCIT:C61250
DOID:0050444,NCIT:C146639
DOID:0050448,NCIT:C53543
DOID:0050449,NCIT:C53543
DOID:0050451,NCIT:C28193
DOID:0050453,NCIT:C53543
DOID:0050456,NCIT:C26831
DOID:0050457,NCIT:C28193
DOID:0050459,NCIT:C35553
DOID:0050460,NCIT:C28193
DOID:0050461,NCIT:C61250
DOID:0050465,NCIT:C35561
DOID:0070313,NCIT:C35129
DOID:0070314,NCIT:C34843
DOID:0070315,NCIT:C28193
DOID:0070327,NCIT:C3510
DOID:0050471,NCIT:C3266
DOID:0050486,NCIT:C39594
DOID:0050530,NCIT:C85075
DOID:0070439,NCIT:C140264
DOID:0050625,NCIT:C2898
DOID:0050649,NCIT:C53543
DOID:0050657,NCIT:C179915
DOID:0050685,NCIT:C35726
DOID:0080041,NCIT:C84978
DOID:0080072,NCIT:C53500
DOID:0080119,NCIT:C61063
DOID:0080122,NCIT:C28193
DOID:0050742,NCIT:C3894
DOID:0050745,NCIT:C8851
DOID:0050766,NCIT:C53543
DOID:0050782,NCIT:C4065
DOID:0050791,NCIT:C35107
DOID:0050797,NCIT:C53543
DOID:0080130,NCIT:C185235
DOID:0080165,NCIT:C84270
DOID:0080166,NCIT:C84270
DOID:0080167,NCIT:C84270
DOID:0080188,NCIT:C27262
DOID:0080202,NCIT:C2916
DOID:0080211,NCIT:C4341
DOID:0080335,NCIT:C185235
DOID:0080390,NCIT:C34845
DOID:0050820,NCIT:C34665
DOID:0050847,NCIT:C26698
DOID:0050848,NCIT:C26884
DOID:0050854,NCIT:C119050
DOID:0080521,NCIT:C2926
DOID:0080525,NCIT:C27380
DOID:0050938,NCIT:C5214
DOID:0060020,NCIT:C27871
DOID:0060060,NCIT:C3208
DOID:0080544,NCIT:C27579
DOID:0080600,NCIT:C181757
DOID:0080643,NCIT:C80328
DOID:0080646,NCIT:C80328
DOID:0080647,NCIT:C80328
DOID:0080651,NCIT:C80328
DOID:0080654,NCIT:C114688
DOID:0080656,NCIT:C61420
DOID:0080664,NCIT:C35561
DOID:0080674,NCIT:C53553
DOID:0080684,NCIT:C185368
DOID:0080702,NCIT:C129439
DOID:0080703,NCIT:C129439
DOID:0080704,NCIT:C129441
DOID:0060103,NCIT:C6990
DOID:0060135,NCIT:C116757
DOID:0060160,NCIT:C85075
DOID:0060180,NCIT:C53500
DOID:0060182,NCIT:C26723
DOID:0060183,NCIT:C38504
DOID:0060184,NCIT:C38504
DOID:0060185,NCIT:C26723
DOID:0060189,NCIT:C26765
DOID:0060192,NCIT:C26723
DOID:0080705,NCIT:C129441
DOID:0080706,NCIT:C129439
DOID:0080707,NCIT:C129444
DOID:0080708,NCIT:C129444
DOID:0080718,NCIT:C101216
DOID:0080771,NCIT:C34375
DOID:0080773,NCIT:C34375
DOID:0080775,NCIT:C27226
DOID:0080779,NCIT:C8851
DOID:0080795,NCIT:C27753
DOID:0080796,NCIT:C7175
DOID:0080829,NCIT:C3059
DOID:0080843,NCIT:C7059
DOID:0080875,NCIT:C60781
DOID:0060218,NCIT:C28193
DOID:0060224,NCIT:C2881
DOID:0060234,NCIT:C34348
DOID:0060243,NCIT:C97155
DOID:0060248,NCIT:C131002
DOID:0060249,NCIT:C99064
DOID:0060251,NCIT:C53543
DOID:0060257,NCIT:C53543
DOID:0060260,NCIT:C36287
DOID:0060262,NCIT:C2899
DOID:0080878,NCIT:C3058
DOID:0080882,NCIT:C4326
DOID:0080892,NCIT:C186350
DOID:0080895,NCIT:C3841
DOID:0080903,NCIT:C186534
DOID:0080916,NCIT:C8923
DOID:0080918,NCIT:C97172
DOID:0080922,NCIT:C116936
DOID:0080925,NCIT:C120206
DOID:0080976,NCIT:C3171
DOID:0080997,NCIT:C45219
DOID:0081004,NCIT:C138195
DOID:0081028,NCIT:C2916
DOID:0081038,NCIT:C82179
DOID:0060282,NCIT:C98887
DOID:0060284,NCIT:C26324
DOID:0060304,NCIT:C28193
DOID:0060312,NCIT:C79545
DOID:0060318,NCIT:C7175
DOID:0060321,NCIT:C2849
DOID:0060322,NCIT:C93210
DOID:0060327,NCIT:C2849
DOID:0060329,NCIT:C35169
DOID:0060345,NCIT:C45479
DOID:0060350,NCIT:C53543
DOID:0060352,NCIT:C53543
DOID:0060356,NCIT:C28193
DOID:0081064,NCIT:C148392
DOID:0081065,NCIT:C148392
DOID:0081066,NCIT:C148392
DOID:0081067,NCIT:C148392
DOID:0081076,NCIT:C9294
DOID:0081080,NCIT:C7175
DOID:0081081,NCIT:C7175
DOID:0081082,NCIT:C27753
DOID:0081083,NCIT:C200407
DOID:0081085,NCIT:C27753
DOID:0081086,NCIT:C27753
DOID:0081087,NCIT:C27753
DOID:0081089,NCIT:C7175
DOID:0081090,NCIT:C82433
DOID:0081091,NCIT:C82430
DOID:0081092,NCIT:C3171
DOID:0081093,NCIT:C7175
DOID:0081094,NCIT:C7175
DOID:0081095,NCIT:C7175
DOID:0081096,NCIT:C7175
DOID:0060387,NCIT:C84978
DOID:0060438,NCIT:C28193
DOID:0060439,NCIT:C53543
DOID:0060449,NCIT:C34513
DOID:0081246,NCIT:C3403
DOID:0081249,NCIT:C3746
DOID:0081250,NCIT:C165671
DOID:0081261,NCIT:C177797
DOID:0081279,NCIT:C129274
DOID:0081280,NCIT:C7157
DOID:0081283,NCIT:C4747
DOID:0081284,NCIT:C4747
DOID:0081285,NCIT:C4747
DOID:0081286,NCIT:C6990
DOID:0081302,NCIT:C4747
DOID:0081304,NCIT:C9477
DOID:0081308,NCIT:C7930
DOID:0081311,NCIT:C8851
DOID:0081315,NCIT:C6990
DOID:0081316,NCIT:C5154
DOID:0081329,NCIT:C61272
DOID:0060462,NCIT:C84978
DOID:0060463,NCIT:C2916
DOID:0060488,NCIT:C28193
DOID:0060490,NCIT:C53543
DOID:0060534,NCIT:C2852
DOID:0060548,NCIT:C53553
DOID:0060573,NCIT:C68677
DOID:0090019,NCIT:C53543
DOID:0090028,NCIT:C82341
DOID:0090106,NCIT:C81315
DOID:0090118,NCIT:C53543
DOID:0090123,NCIT:C53543
DOID:0090142,NCIT:C53543
DOID:0060591,NCIT:C28193
DOID:0060597,NCIT:C27262
DOID:0060655,NCIT:C84776
DOID:0060744,NCIT:C26734
DOID:0111447,NCIT:C7636
DOID:0111459,NCIT:C84723
DOID:0111474,NCIT:C3235
DOID:0111509,NCIT:C28193
DOID:0111511,NCIT:C3266
DOID:0111514,NCIT:C53543
DOID:0111526,NCIT:C27565
DOID:0111535,NCIT:C124594
DOID:0111537,NCIT:C53543
DOID:0111538,NCIT:C122787
DOID:0111561,NCIT:C53543
DOID:0111563,NCIT:C84348
DOID:0111580,NCIT:C28193
DOID:0111583,NCIT:C53543
DOID:0111584,NCIT:C28193
DOID:0111585,NCIT:C53543
DOID:0111595,NCIT:C84572
DOID:0110334,NCIT:C26837
DOID:0111621,NCIT:C28193
DOID:0111633,NCIT:C34816
DOID:0111669,NCIT:C26326
DOID:0111670,NCIT:C123158
DOID:0111671,NCIT:C123158
DOID:0111672,NCIT:C123158
DOID:0111678,NCIT:C53543
DOID:0111713,NCIT:C28193
DOID:0111716,NCIT:C2849
DOID:0110636,NCIT:C84910
DOID:0111842,NCIT:C28193
DOID:0111868,NCIT:C4924
DOID:0111873,NCIT:C4924
DOID:0111932,NCIT:C119758
DOID:0111936,NCIT:C3131
DOID:0111937,NCIT:C3131
DOID:0111947,NCIT:C3131
DOID:0111949,NCIT:C3131
DOID:0111951,NCIT:C3131
DOID:0111953,NCIT:C3131
DOID:0111958,NCIT:C3131
DOID:0111961,NCIT:C3472
DOID:0111967,NCIT:C3131
DOID:0111990,NCIT:C3131
DOID:0110827,NCIT:C85217
DOID:0110828,NCIT:C85217
DOID:0110829,NCIT:C85217
DOID:0110861,NCIT:C75464
DOID:0110948,NCIT:C85222
DOID:0111054,NCIT:C68677
DOID:0112150,NCIT:C85865
DOID:0111148,NCIT:C26812
DOID:0111152,NCIT:C3056
DOID:0111157,NCIT:C7764
DOID:0112308,NCIT:C79704
DOID:10003,NCIT:C35731
DOID:0111200,NCIT:C75467
DOID:0111252,NCIT:C6727
DOID:0111278,NCIT:C9294
DOID:10016,NCIT:C123329
DOID:10017,NCIT:C6432
DOID:10022,NCIT:C3052
DOID:10024,NCIT:C89715
DOID:10027,NCIT:C84935
DOID:10030,NCIT:C3348
DOID:10044,NCIT:C3510
DOID:10047,NCIT:C3510
DOID:1005,NCIT:C26907
DOID:10069,NCIT:C3156
DOID:10095,NCIT:C26686
DOID:10112,NCIT:C34953
DOID:10124,NCIT:C26767
DOID:10126,NCIT:C27608
DOID:10128,NCIT:C35552
DOID:10131,NCIT:C78703
DOID:10156,NCIT:C4432
DOID:10175,NCIT:C3002
DOID:10184,NCIT:C7180
DOID:10192,NCIT:C7180
DOID:10193,NCIT:C3192
DOID:10206,NCIT:C6384
DOID:10208,NCIT:C3192
DOID:0111369,NCIT:C34709
DOID:0111375,NCIT:C53543
DOID:0111391,NCIT:C61263
DOID:0111392,NCIT:C61263
DOID:0111393,NCIT:C61262
DOID:0111394,NCIT:C61262
DOID:0111395,NCIT:C61262
DOID:0111400,NCIT:C84646
DOID:0111401,NCIT:C84646
DOID:0111402,NCIT:C61262
DOID:10236,NCIT:C92202
DOID:10241,NCIT:C3092
DOID:10264,NCIT:C3439
DOID:1029,NCIT:C53543
DOID:10301,NCIT:C27662
DOID:10303,NCIT:C78601
DOID:10319,NCIT:C26861
DOID:10320,NCIT:C26861
DOID:10321,NCIT:C26861
DOID:10323,NCIT:C26861
DOID:10324,NCIT:C26861
DOID:10325,NCIT:C26861
DOID:10327,NCIT:C26861
DOID:10329,NCIT:C26861
DOID:10330,NCIT:C26861
DOID:10331,NCIT:C26861
DOID:10349,NCIT:C5315
DOID:11394,NCIT:C28193
DOID:11396,NCIT:C27043
DOID:11401,NCIT:C34965
DOID:11406,NCIT:C26909
DOID:11427,NCIT:C36291
DOID:1143,NCIT:C35040
DOID:11459,NCIT:C53543
DOID:11476,NCIT:C97045
DOID:1148,NCIT:C98896
DOID:11482,NCIT:C26791
DOID:11486,NCIT:C4731
DOID:115,NCIT:C35741
DOID:11504,NCIT:C4731
DOID:11507,NCIT:C92190
DOID:11516,NCIT:C35552
DOID:11561,NCIT:C62601
DOID:11573,NCIT:C2890
DOID:11593,NCIT:C48941
DOID:11603,NCIT:C118807
DOID:11634,NCIT:C26800
DOID:11650,NCIT:C98541
DOID:10353,NCIT:C6943
DOID:10354,NCIT:C2909
DOID:1036,NCIT:C3161
DOID:10361,NCIT:C26828
DOID:10371,NCIT:C28356
DOID:10376,NCIT:C53534
DOID:104,NCIT:C26726
DOID:10423,NCIT:C34918
DOID:10443,NCIT:C45372
DOID:10456,NCIT:C173798
DOID:10457,NCIT:C26704
DOID:10458,NCIT:C2890
DOID:10480,NCIT:C185902
DOID:10487,NCIT:C53500
DOID:10499,NCIT:C9435
DOID:10541,NCIT:C43527
DOID:10544,NCIT:C9331
DOID:10554,NCIT:C27586
DOID:10567,NCIT:C41353
DOID:10568,NCIT:C41353
DOID:10573,NCIT:C97045
DOID:10582,NCIT:C61253
DOID:10584,NCIT:C27610
DOID:10588,NCIT:C61253
DOID:1059,NCIT:C89330
DOID:10591,NCIT:C34943
DOID:11665,NCIT:C28193
DOID:11684,NCIT:C9006
DOID:11695,NCIT:C99107
DOID:1171,NCIT:C34707
DOID:11712,NCIT:C2985
DOID:11713,NCIT:C35740
DOID:11714,NCIT:C2985
DOID:11716,NCIT:C53655
DOID:1172,NCIT:C34707
DOID:11720,NCIT:C84910
DOID:11721,NCIT:C61272
DOID:11724,NCIT:C84910
DOID:11726,NCIT:C84910
DOID:11727,NCIT:C84910
DOID:11729,NCIT:C2890
DOID:11759,NCIT:C2869
DOID:11797,NCIT:C26811
DOID:118,NCIT:C3003
DOID:11801,NCIT:C3669
DOID:11818,NCIT:C191741
DOID:11820,NCIT:C191741
DOID:1060,NCIT:C53543
DOID:10600,NCIT:C116757
DOID:10603,NCIT:C53655
DOID:10605,NCIT:C28193
DOID:10606,NCIT:C3214
DOID:10607,NCIT:C3214
DOID:10608,NCIT:C3214
DOID:10609,NCIT:C27572
DOID:10616,NCIT:C26716
DOID:10629,NCIT:C98887
DOID:1063,NCIT:C26833
DOID:1064,NCIT:C2976
DOID:10652,NCIT:C4786
DOID:1067,NCIT:C26782
DOID:10686,NCIT:C2909
DOID:10688,NCIT:C2909
DOID:10690,NCIT:C2909
DOID:10691,NCIT:C2909
DOID:1070,NCIT:C34641
DOID:1073,NCIT:C3117
DOID:1074,NCIT:C27600
DOID:10754,NCIT:C174031
DOID:1076,NCIT:C34965
DOID:10762,NCIT:C3117
DOID:10780,NCIT:C27794
DOID:10782,NCIT:C26821
DOID:10783,NCIT:C26324
DOID:10791,NCIT:C35024
DOID:10794,NCIT:C35024
DOID:10817,NCIT:C92202
DOID:10824,NCIT:C3117
DOID:10825,NCIT:C3117
DOID:10834,NCIT:C92202
DOID:10843,NCIT:C79551
DOID:10844,NCIT:C34823
DOID:10849,NCIT:C92202
DOID:1085,NCIT:C28193
DOID:10852,NCIT:C4082
DOID:10865,NCIT:C26733
DOID:10871,NCIT:C123330
DOID:10881,NCIT:C3439
DOID:10907,NCIT:C96412
DOID:10908,NCIT:C97154
DOID:10913,NCIT:C3478
DOID:10914,NCIT:C3858
DOID:10915,NCIT:C28193
DOID:10930,NCIT:C34922
DOID:10931,NCIT:C34922
DOID:10932,NCIT:C34922
DOID:10933,NCIT:C2878
DOID:10934,NCIT:C92197
DOID:10935,NCIT:C2893
DOID:10936,NCIT:C34922
DOID:10937,NCIT:C2893
DOID:10938,NCIT:C34922
DOID:10939,NCIT:C34922
DOID:10941,NCIT:C26693
DOID:10944,NCIT:C27641
DOID:10952,NCIT:C27600
DOID:10965,NCIT:C34460
DOID:10966,NCIT:C26784
DOID:10972,NCIT:C34359
DOID:10973,NCIT:C26880
DOID:10976,NCIT:C26784
DOID:1098,NCIT:C98996
DOID:1099,NCIT:C35069
DOID:10992,NCIT:C35796
DOID:110,NCIT:C26767
DOID:1100,NCIT:C27020
DOID:11029,NCIT:C99208
DOID:11031,NCIT:C27012
DOID:11037,NCIT:C92197
DOID:11038,NCIT:C92197
DOID:11060,NCIT:C27619
DOID:11077,NCIT:C2890
DOID:11823,NCIT:C28193
DOID:11824,NCIT:C27573
DOID:11829,NCIT:C102533
DOID:11830,NCIT:C50602
DOID:11831,NCIT:C97109
DOID:11832,NCIT:C85041
DOID:11836,NCIT:C2849
DOID:11840,NCIT:C40866
DOID:11905,NCIT:C7502
DOID:11917,NCIT:C26745
DOID:11949,NCIT:C128346
DOID:1195,NCIT:C4731
DOID:11963,NCIT:C53497
DOID:11976,NCIT:C2890
DOID:11981,NCIT:C3283
DOID:11984,NCIT:C34830
DOID:11994,NCIT:C117719
DOID:11996,NCIT:C27616
DOID:11997,NCIT:C117719
DOID:12016,NCIT:C4874
DOID:12028,NCIT:C8442
DOID:12043,NCIT:C84799
DOID:1205,NCIT:C3507
DOID:11100,NCIT:C2890
DOID:11102,NCIT:C2890
DOID:11111,NCIT:C3675
DOID:11121,NCIT:C60925
DOID:11123,NCIT:C26912
DOID:11130,NCIT:C3117
DOID:11151,NCIT:C35708
DOID:11155,NCIT:C53458
DOID:11156,NCIT:C53458
DOID:11162,NCIT:C26872
DOID:11164,NCIT:C27012
DOID:11165,NCIT:C3792
DOID:11189,NCIT:C60925
DOID:11190,NCIT:C53656
DOID:11193,NCIT:C98896
DOID:11198,NCIT:C27872
DOID:112,NCIT:C78271
DOID:11201,NCIT:C27648
DOID:11202,NCIT:C48259
DOID:11204,NCIT:C34504
DOID:11212,NCIT:C26782
DOID:11213,NCIT:C35195
DOID:11227,NCIT:C35195
DOID:11234,NCIT:C26715
DOID:11242,NCIT:C27794
DOID:11243,NCIT:C2869
DOID:11246,NCIT:C2992
DOID:11247,NCIT:C2902
DOID:11249,NCIT:C35772
DOID:11257,NCIT:C35420
DOID:11258,NCIT:C84586
DOID:11260,NCIT:C3439
DOID:12053,NCIT:C3245
DOID:121,NCIT:C27020
DOID:1210,NCIT:C118711
DOID:12128,NCIT:C92190
DOID:12139,NCIT:C92200
DOID:12143,NCIT:C36286
DOID:12155,NCIT:C26828
DOID:12156,NCIT:C27582
DOID:12157,NCIT:C26828
DOID:12161,NCIT:C34979
DOID:12169,NCIT:C28193
DOID:12205,NCIT:C3439
DOID:12206,NCIT:C34528
DOID:12211,NCIT:C34611
DOID:12215,NCIT:C34941
DOID:12217,NCIT:C4786
DOID:12241,NCIT:C35069
DOID:12270,NCIT:C27604
DOID:12271,NCIT:C53543
DOID:12275,NCIT:C35025
DOID:12287,NCIT:C36170
DOID:1229,NCIT:C3362
DOID:11262,NCIT:C44959
DOID:11266,NCIT:C53543
DOID:1129,NCIT:C27567
DOID:11294,NCIT:C112117
DOID:1130,NCIT:C27567
DOID:11312,NCIT:C111119
DOID:11328,NCIT:C92201
DOID:11329,NCIT:C53543
DOID:11335,NCIT:C2889
DOID:11338,NCIT:C2890
DOID:1134,NCIT:C60925
DOID:11343,NCIT:C26767
DOID:11353,NCIT:C191755
DOID:11364,NCIT:C26812
DOID:11372,NCIT:C53500
DOID:11383,NCIT:C27616
DOID:11385,NCIT:C97155
DOID:12305,NCIT:C53543
DOID:12306,NCIT:C2983
DOID:12308,NCIT:C28193
DOID:12309,NCIT:C43277
DOID:1233,NCIT:C92202
DOID:1235,NCIT:C92202
DOID:12365,NCIT:C34953
DOID:12375,NCIT:C3333
DOID:12376,NCIT:C85075
DOID:12385,NCIT:C2890
DOID:12386,NCIT:C34953
DOID:12387,NCIT:C43263
DOID:12388,NCIT:C43263
DOID:12399,NCIT:C34723
DOID:12400,NCIT:C34723
DOID:12401,NCIT:C34723
DOID:12402,NCIT:C34723
DOID:1243,NCIT:C7502
DOID:12449,NCIT:C2869
DOID:12450,NCIT:C2979
DOID:12466,NCIT:C48259
DOID:1247,NCIT:C26324
DOID:12491,NCIT:C26733
DOID:12514,NCIT:C50731
DOID:12522,NCIT:C34369
DOID:12526,NCIT:C28193
DOID:12531,NCIT:C2902
DOID:12554,NCIT:C2902
DOID:12556,NCIT:C26808
DOID:1733,NCIT:C34953
DOID:1737,NCIT:C4432
DOID:174,NCIT:C7341
DOID:1754,NCIT:C62433
DOID:1756,NCIT:C26733
DOID:1757,NCIT:C36282
DOID:1762,NCIT:C79544
DOID:1786,NCIT:C7617
DOID:1787,NCIT:C3079
DOID:182,NCIT:C9442
DOID:1824,NCIT:C53543
DOID:1825,NCIT:C3020
DOID:1826,NCIT:C97154
DOID:1827,NCIT:C3020
DOID:1835,NCIT:C4731
DOID:1837,NCIT:C28228
DOID:1849,NCIT:C3894
DOID:1852,NCIT:C83006
DOID:1858,NCIT:C34609
DOID:1866,NCIT:C3067
DOID:1876,NCIT:C8282
DOID:1882,NCIT:C99538
DOID:1883,NCIT:C82979
DOID:1891,NCIT:C26733
DOID:1907,NCIT:C121793
DOID:192,NCIT:C3674
DOID:1920,NCIT:C35553
DOID:1921,NCIT:C27564
DOID:12574,NCIT:C26909
DOID:12577,NCIT:C79805
DOID:12580,NCIT:C28193
DOID:12594,NCIT:C28193
DOID:12603,NCIT:C3161
DOID:12638,NCIT:C34966
DOID:12639,NCIT:C53501
DOID:12642,NCIT:C34687
DOID:12657,NCIT:C26733
DOID:12662,NCIT:C3245
DOID:12663,NCIT:C3245
DOID:12667,NCIT:C53534
DOID:12680,NCIT:C26733
DOID:12685,NCIT:C97155
DOID:12698,NCIT:C2909
DOID:127,NCIT:C6510
DOID:12712,NCIT:C34843
DOID:1272,NCIT:C45481
DOID:12720,NCIT:C35768
DOID:1273,NCIT:C27219
DOID:12731,NCIT:C27604
DOID:12732,NCIT:C26909
DOID:12783,NCIT:C89715
DOID:1925,NCIT:C28193
DOID:1927,NCIT:C97092
DOID:1929,NCIT:C115152
DOID:1933,NCIT:C35561
DOID:1934,NCIT:C27572
DOID:1935,NCIT:C28193
DOID:1936,NCIT:C34398
DOID:1943,NCIT:C50575
DOID:1949,NCIT:C96717
DOID:1962,NCIT:C27020
DOID:1969,NCIT:C4802
DOID:1975,NCIT:C26962
DOID:1984,NCIT:C2956
DOID:2001,NCIT:C27587
DOID:2006,NCIT:C27610
DOID:203,NCIT:C27572
DOID:2030,NCIT:C2893
DOID:2033,NCIT:C35029
DOID:2034,NCIT:C97154
DOID:2043,NCIT:C82979
DOID:2048,NCIT:C27029
DOID:205,NCIT:C27572
DOID:2051,NCIT:C35024
DOID:2053,NCIT:C27555
DOID:2055,NCIT:C34848
DOID:2059,NCIT:C27020
DOID:2065,NCIT:C6797
DOID:2066,NCIT:C2874
DOID:2068,NCIT:C3443
DOID:2074,NCIT:C79470
DOID:2078,NCIT:C3611
DOID:2089,NCIT:C5034
DOID:2092,NCIT:C35760
DOID:2106,NCIT:C122787
DOID:2112,NCIT:C34953
DOID:12802,NCIT:C61259
DOID:12803,NCIT:C61259
DOID:12835,NCIT:C27036
DOID:12837,NCIT:C3123
DOID:12841,NCIT:C34702
DOID:12849,NCIT:C88412
DOID:1287,NCIT:C27551
DOID:12883,NCIT:C3858
DOID:1289,NCIT:C53547
DOID:12900,NCIT:C2889
DOID:12904,NCIT:C2978
DOID:12918,NCIT:C35136
DOID:12929,NCIT:C35741
DOID:12930,NCIT:C34830
DOID:12932,NCIT:C178564
DOID:12935,NCIT:C34830
DOID:12978,NCIT:C34797
DOID:12986,NCIT:C75004
DOID:12995,NCIT:C92190
DOID:13001,NCIT:C84476
DOID:13002,NCIT:C28193
DOID:13014,NCIT:C34744
DOID:13025,NCIT:C62601
DOID:13027,NCIT:C53543
DOID:13033,NCIT:C27618
DOID:13035,NCIT:C35373
DOID:13042,NCIT:C53543
DOID:13068,NCIT:C110937
DOID:13072,NCIT:C34745
DOID:13078,NCIT:C26726
DOID:13081,NCIT:C3085
DOID:13088,NCIT:C98920
DOID:13094,NCIT:C34978
DOID:13098,NCIT:C34978
DOID:2113,NCIT:C34953
DOID:2120,NCIT:C53543
DOID:2135,NCIT:C4874
DOID:2145,NCIT:C45230
DOID:216,NCIT:C60925
DOID:2163,NCIT:C27647
DOID:2170,NCIT:C27621
DOID:2215,NCIT:C27215
DOID:2218,NCIT:C26324
DOID:2222,NCIT:C27215
DOID:2228,NCIT:C35877
DOID:223,NCIT:C28193
DOID:2231,NCIT:C27215
DOID:2234,NCIT:C3020
DOID:2236,NCIT:C26692
DOID:2237,NCIT:C3095
DOID:2239,NCIT:C3095
DOID:224,NCIT:C78394
DOID:225,NCIT:C2991
DOID:2253,NCIT:C26907
DOID:13117,NCIT:C27583
DOID:1312,NCIT:C34843
DOID:13137,NCIT:C85075
DOID:13139,NCIT:C35444
DOID:13141,NCIT:C35776
DOID:13143,NCIT:C3657
DOID:13148,NCIT:C83816
DOID:13166,NCIT:C2886
DOID:13169,NCIT:C192139
DOID:13186,NCIT:C53497
DOID:13195,NCIT:C26785
DOID:13197,NCIT:C26785
DOID:13198,NCIT:C26785
DOID:13207,NCIT:C34538
DOID:13208,NCIT:C34538
DOID:13241,NCIT:C28193
DOID:13248,NCIT:C36279
DOID:13258,NCIT:C2890
DOID:13268,NCIT:C3235
DOID:1328,NCIT:C36170
DOID:13300,NCIT:C35313
DOID:13313,NCIT:C53505
DOID:13316,NCIT:C53505
DOID:13317,NCIT:C171128
DOID:13336,NCIT:C3418
DOID:13351,NCIT:C92202
DOID:227,NCIT:C50626
DOID:2272,NCIT:C26711
DOID:2273,NCIT:C27612
DOID:2277,NCIT:C4875
DOID:2280,NCIT:C112190
DOID:2282,NCIT:C36281
DOID:2283,NCIT:C27608
DOID:2300,NCIT:C27572
DOID:2312,NCIT:C2890
DOID:2326,NCIT:C35503
DOID:2338,NCIT:C4016
DOID:2340,NCIT:C53543
DOID:2344,NCIT:C34705
DOID:2349,NCIT:C35317
DOID:235,NCIT:C2956
DOID:2352,NCIT:C3235
DOID:2355,NCIT:C26324
DOID:2361,NCIT:C2869
DOID:2367,NCIT:C36280
DOID:2373,NCIT:C101218
DOID:2378,NCIT:C3243
DOID:2382,NCIT:C53543
DOID:2383,NCIT:C3143
DOID:2392,NCIT:C96228
DOID:240,NCIT:C26908
DOID:2411,NCIT:C4972
DOID:2426,NCIT:C4747
DOID:2431,NCIT:C6528
DOID:2433,NCIT:C3372
DOID:2436,NCIT:C3060
DOID:2438,NCIT:C3372
DOID:2450,NCIT:C34981
DOID:2451,NCIT:C84479
DOID:2452,NCIT:C180553
DOID:2456,NCIT:C27604
DOID:2457,NCIT:C35616
DOID:2458,NCIT:C34504
DOID:13372,NCIT:C28193
DOID:13375,NCIT:C34653
DOID:13378,NCIT:C26912
DOID:13381,NCIT:C34382
DOID:13382,NCIT:C34381
DOID:13399,NCIT:C97109
DOID:1340,NCIT:C26324
DOID:13403,NCIT:C34995
DOID:13407,NCIT:C34995
DOID:13409,NCIT:C79470
DOID:13413,NCIT:C197933
DOID:1343,NCIT:C27602
DOID:13444,NCIT:C2890
DOID:13450,NCIT:C3245
DOID:13452,NCIT:C79717
DOID:13477,NCIT:C26705
DOID:13481,NCIT:C53543
DOID:13487,NCIT:C97179
DOID:13500,NCIT:C173794
DOID:13507,NCIT:C26738
DOID:13515,NCIT:C84348
DOID:1352,NCIT:C27647
DOID:13533,NCIT:C27572
DOID:2474,NCIT:C35197
DOID:2475,NCIT:C34504
DOID:2476,NCIT:C4802
DOID:2485,NCIT:C3235
DOID:2491,NCIT:C119734
DOID:2512,NCIT:C84348
DOID:2518,NCIT:C27616
DOID:2519,NCIT:C27019
DOID:2529,NCIT:C35814
DOID:254,NCIT:C3085
DOID:2544,NCIT:C3020
DOID:2548,NCIT:C3020
DOID:255,NCIT:C8537
DOID:2550,NCIT:C85041
DOID:2555,NCIT:C34399
DOID:2556,NCIT:C53543
DOID:2562,NCIT:C35475
DOID:2565,NCIT:C34513
DOID:2568,NCIT:C27622
DOID:2581,NCIT:C53543
DOID:2582,NCIT:C53543
DOID:2583,NCIT:C4799
DOID:2590,NCIT:C34845
DOID:2597,NCIT:C3156
DOID:2602,NCIT:C8592
DOID:2614,NCIT:C7440
DOID:262,NCIT:C3087
DOID:2621,NCIT:C3321
DOID:2636,NCIT:C6783
DOID:2639,NCIT:C3744
DOID:264,NCIT:C7076
DOID:2641,NCIT:C7286
DOID:2643,NCIT:C7148
DOID:2645,NCIT:C83485
DOID:2647,NCIT:C40392
DOID:13548,NCIT:C27586
DOID:13550,NCIT:C26782
DOID:13564,NCIT:C3245
DOID:13576,NCIT:C2849
DOID:1358,NCIT:C7488
DOID:13580,NCIT:C36279
DOID:13593,NCIT:C34943
DOID:13603,NCIT:C3143
DOID:1361,NCIT:C7488
DOID:13619,NCIT:C83006
DOID:13620,NCIT:C95834
DOID:13626,NCIT:C26805
DOID:13628,NCIT:C34853
DOID:1364,NCIT:C7488
DOID:13677,NCIT:C28193
DOID:13689,NCIT:C35708
DOID:13709,NCIT:C92202
DOID:13711,NCIT:C35597
DOID:13724,NCIT:C35772
DOID:13725,NCIT:C35129
DOID:13757,NCIT:C38031
DOID:13760,NCIT:C35025
DOID:13774,NCIT:C113172
DOID:13777,NCIT:C8957
DOID:13801,NCIT:C3439
DOID:13809,NCIT:C34704
DOID:13810,NCIT:C34709
DOID:13814,NCIT:C26733
DOID:13819,NCIT:C26831
DOID:1382,NCIT:C39594
DOID:13822,NCIT:C26713
DOID:13832,NCIT:C35117
DOID:13868,NCIT:C92202
DOID:1388,NCIT:C53543
DOID:1389,NCIT:C4731
DOID:13891,NCIT:C34369
DOID:13911,NCIT:C53543
DOID:13912,NCIT:C3891
DOID:13921,NCIT:C9224
DOID:13922,NCIT:C9224
DOID:13924,NCIT:C34636
DOID:13929,NCIT:C3284
DOID:1393,NCIT:C35126
DOID:13938,NCIT:C34815
DOID:1394,NCIT:C35000
DOID:13948,NCIT:C79805
DOID:13951,NCIT:C3434
DOID:13953,NCIT:C3434
DOID:13957,NCIT:C3434
DOID:1400,NCIT:C26767
DOID:14004,NCIT:C26697
DOID:1406,NCIT:C27604
DOID:14064,NCIT:C26784
DOID:14067,NCIT:C34797
DOID:14068,NCIT:C34797
DOID:14069,NCIT:C34797
DOID:1407,NCIT:C26909
DOID:14080,NCIT:C127160
DOID:14115,NCIT:C28193
DOID:14116,NCIT:C3193
DOID:14159,NCIT:C3111
DOID:1417,NCIT:C26908
DOID:14175,NCIT:C84348
DOID:14176,NCIT:C27870
DOID:14183,NCIT:C27063
DOID:14203,NCIT:C26744
DOID:14219,NCIT:C28228
DOID:14221,NCIT:C28193
DOID:14223,NCIT:C53543
DOID:14224,NCIT:C3672
DOID:14247,NCIT:C34885
DOID:1425,NCIT:C26686
DOID:1426,NCIT:C3430
DOID:14262,NCIT:C26711
DOID:14269,NCIT:C26718
DOID:14270,NCIT:C26718
DOID:14271,NCIT:C26718
DOID:14272,NCIT:C35774
DOID:2656,NCIT:C3744
DOID:2661,NCIT:C3377
DOID:2664,NCIT:C4463
DOID:2667,NCIT:C3233
DOID:2668,NCIT:C62277
DOID:2669,NCIT:C3272
DOID:2703,NCIT:C27573
DOID:2712,NCIT:C27618
DOID:2717,NCIT:C3266
DOID:2723,NCIT:C27554
DOID:2725,NCIT:C3085
DOID:2729,NCIT:C156032
DOID:2733,NCIT:C27555
DOID:2734,NCIT:C53543
DOID:2738,NCIT:C53543
DOID:2742,NCIT:C118420
DOID:2744,NCIT:C34965
DOID:2745,NCIT:C34922
DOID:2746,NCIT:C61272
DOID:2748,NCIT:C61272
DOID:2750,NCIT:C61272
DOID:2752,NCIT:C61272
DOID:2754,NCIT:C61272
DOID:2755,NCIT:C26831
DOID:2768,NCIT:C116757
DOID:2770,NCIT:C2983
DOID:2772,NCIT:C26743
DOID:2773,NCIT:C2983
DOID:2780,NCIT:C2956
DOID:2789,NCIT:C27864
DOID:2790,NCIT:C34702
DOID:2799,NCIT:C39658
DOID:28,NCIT:C27551
DOID:2800,NCIT:C35714
DOID:2801,NCIT:C35714
DOID:2828,NCIT:C34465
DOID:2833,NCIT:C27178
DOID:2834,NCIT:C27794
DOID:2835,NCIT:C27178
DOID:2838,NCIT:C27178
DOID:2839,NCIT:C27178
DOID:2841,NCIT:C98541
DOID:14283,NCIT:C53543
DOID:14289,NCIT:C53543
DOID:14292,NCIT:C27620
DOID:14320,NCIT:C2878
DOID:14324,NCIT:C34797
DOID:14330,NCIT:C79593
DOID:14332,NCIT:C34899
DOID:14336,NCIT:C92809
DOID:14350,NCIT:C197831
DOID:14351,NCIT:C26894
DOID:14365,NCIT:C53543
DOID:14374,NCIT:C34998
DOID:14384,NCIT:C4874
DOID:1439,NCIT:C5035
DOID:14447,NCIT:C27570
DOID:14448,NCIT:C61420
DOID:14449,NCIT:C61420
DOID:14450,NCIT:C61420
DOID:14451,NCIT:C53543
DOID:14452,NCIT:C53543
DOID:14453,NCIT:C113159
DOID:14464,NCIT:C28193
DOID:14495,NCIT:C28193
DOID:14497,NCIT:C61250
DOID:14498,NCIT:C53543
DOID:14500,NCIT:C61250
DOID:2846,NCIT:C60925
DOID:2855,NCIT:C35553
DOID:2856,NCIT:C28193
DOID:2859,NCIT:C3092
DOID:2860,NCIT:C104003
DOID:289,NCIT:C27612
DOID:2913,NCIT:C3306
DOID:2917,NCIT:C3507
DOID:2920,NCIT:C26784
DOID:2921,NCIT:C26833
DOID:2929,NCIT:C3439
DOID:2938,NCIT:C172342
DOID:2942,NCIT:C98541
DOID:2945,NCIT:C181757
DOID:2951,NCIT:C4876
DOID:2959,NCIT:C3101
DOID:2965,NCIT:C27573
DOID:2977,NCIT:C3101
DOID:2983,NCIT:C36286
DOID:2986,NCIT:C26784
DOID:2987,NCIT:C53543
DOID:2988,NCIT:C28193
DOID:2994,NCIT:C4741
DOID:3001,NCIT:C3709
DOID:3003,NCIT:C2910
DOID:3010,NCIT:C2910
DOID:3012,NCIT:C3266
DOID:3013,NCIT:C2910
DOID:14503,NCIT:C34816
DOID:14515,NCIT:C3266
DOID:14522,NCIT:C34978
DOID:14525,NCIT:C28193
DOID:1455,NCIT:C173794
DOID:1456,NCIT:C60925
DOID:146,NCIT:C3002
DOID:14654,NCIT:C27614
DOID:14686,NCIT:C28193
DOID:14687,NCIT:C53543
DOID:14695,NCIT:C84723
DOID:1470,NCIT:C3858
DOID:14701,NCIT:C101334
DOID:14702,NCIT:C28193
DOID:14705,NCIT:C34348
DOID:14720,NCIT:C34568
DOID:14735,NCIT:C53543
DOID:1475,NCIT:C6524
DOID:14753,NCIT:C101334
DOID:14755,NCIT:C53543
DOID:14756,NCIT:C34568
DOID:14757,NCIT:C34568
DOID:14761,NCIT:C28193
DOID:14768,NCIT:C34348
DOID:14775,NCIT:C34568
DOID:14791,NCIT:C53543
DOID:1483,NCIT:C27641
DOID:1485,NCIT:C3101
DOID:302,NCIT:C18272
DOID:303,NCIT:C2893
DOID:3042,NCIT:C26743
DOID:3044,NCIT:C114476
DOID:3049,NCIT:C28193
DOID:3071,NCIT:C39750
DOID:3081,NCIT:C8965
DOID:3082,NCIT:C27557
DOID:3083,NCIT:C98541
DOID:3089,NCIT:C97145
DOID:3098,NCIT:C9118
DOID:3116,NCIT:C3431
DOID:3118,NCIT:C2990
DOID:3127,NCIT:C53494
DOID:3128,NCIT:C2990
DOID:3138,NCIT:C2983
DOID:3140,NCIT:C53543
DOID:150,NCIT:C2991
DOID:1508,NCIT:C3245
DOID:1509,NCIT:C34922
DOID:1513,NCIT:C26716
DOID:1517,NCIT:C2953
DOID:1526,NCIT:C5036
DOID:1532,NCIT:C35742
DOID:1556,NCIT:C3116
DOID:1558,NCIT:C36281
DOID:1564,NCIT:C26726
DOID:1573,NCIT:C3111
DOID:1574,NCIT:C18272
DOID:1580,NCIT:C72070
DOID:1584,NCIT:C28193
DOID:1586,NCIT:C2890
DOID:1587,NCIT:C3408
DOID:1591,NCIT:C3657
DOID:1607,NCIT:C34497
DOID:161,NCIT:C36281
DOID:162,NCIT:C7062
DOID:1627,NCIT:C7440
DOID:1657,NCIT:C99538
DOID:166,NCIT:C3264
DOID:1670,NCIT:C35760
DOID:1679,NCIT:C27601
DOID:1681,NCIT:C95834
DOID:1682,NCIT:C95834
DOID:1686,NCIT:C27604
DOID:169,NCIT:C3010
DOID:3145,NCIT:C34707
DOID:3149,NCIT:C4819
DOID:315,NCIT:C3377
DOID:3156,NCIT:C3937
DOID:3162,NCIT:C3224
DOID:3166,NCIT:C35877
DOID:3168,NCIT:C3709
DOID:3177,NCIT:C62241
DOID:3179,NCIT:C7440
DOID:319,NCIT:C2934
DOID:3196,NCIT:C3269
DOID:3201,NCIT:C41430
DOID:3203,NCIT:C3269
DOID:3205,NCIT:C4972
DOID:3206,NCIT:C3269
DOID:3209,NCIT:C67383
DOID:321,NCIT:C27582
DOID:3218,NCIT:C4432
DOID:322,NCIT:C27588
DOID:3225,NCIT:C26871
DOID:3250,NCIT:C3359
DOID:3255,NCIT:C8971
DOID:326,NCIT:C35552
DOID:3260,NCIT:C121654
DOID:3263,NCIT:C53543
DOID:3274,NCIT:C6940
DOID:3275,NCIT:C6450
DOID:3278,NCIT:C3411
DOID:3279,NCIT:C3411
DOID:3280,NCIT:C3411
DOID:3282,NCIT:C3411
DOID:3283,NCIT:C3411
DOID:3292,NCIT:C3439
DOID:3301,NCIT:C5241
DOID:3307,NCIT:C121619
DOID:3309,NCIT:C2983
DOID:331,NCIT:C26835
DOID:17,NCIT:C27574
DOID:1702,NCIT:C84776
DOID:1703,NCIT:C54705
DOID:1712,NCIT:C62433
DOID:172,NCIT:C7419
DOID:1726,NCIT:C34981
DOID:1727,NCIT:C34980
DOID:1729,NCIT:C35170
DOID:173,NCIT:C3398
DOID:3314,NCIT:C38150
DOID:3318,NCIT:C3734
DOID:3324,NCIT:C2893
DOID:3326,NCIT:C5036
DOID:3327,NCIT:C50689
DOID:3328,NCIT:C122812
DOID:334,NCIT:C34922
DOID:3341,NCIT:C27572
DOID:3343,NCIT:C61250
DOID:3352,NCIT:C9312
DOID:3360,NCIT:C4834
DOID:3362,NCIT:C26693
DOID:3372,NCIT:C35870
DOID:3374,NCIT:C4834
DOID:3385,NCIT:C84353
DOID:3388,NCIT:C35779
DOID:339,NCIT:C26733
DOID:3401,NCIT:C4065
DOID:3405,NCIT:C35867
DOID:3407,NCIT:C35117
DOID:3413,NCIT:C61275
DOID:3428,NCIT:C27578
DOID:3429,NCIT:C27578
DOID:3436,NCIT:C26811
DOID:3437,NCIT:C27659
DOID:3443,NCIT:C2852
DOID:345,NCIT:C27020
DOID:3450,NCIT:C7073
DOID:3457,NCIT:C5214
DOID:3463,NCIT:C27551
DOID:3480,NCIT:C26767
DOID:3486,NCIT:C27555
DOID:349,NCIT:C84269
DOID:3490,NCIT:C179667
DOID:3493,NCIT:C2852
DOID:3498,NCIT:C8294
DOID:350,NCIT:C9295
DOID:3516,NCIT:C3043
DOID:3526,NCIT:C2938
DOID:3529,NCIT:C83009
DOID:3534,NCIT:C53543
DOID:3535,NCIT:C7636
DOID:3541,NCIT:C2907
DOID:3544,NCIT:C3473
DOID:355,NCIT:C8991
DOID:3558,NCIT:C78615
DOID:3577,NCIT:C3794
DOID:3593,NCIT:C4699
DOID:3596,NCIT:C4699
DOID:3612,NCIT:C27610
DOID:3613,NCIT:C61253
DOID:3615,NCIT:C3733
DOID:3616,NCIT:C3192
DOID:3618,NCIT:C3382
DOID:4336,NCIT:C35025
DOID:4337,NCIT:C26745
DOID:4347,NCIT:C3824
DOID:4353,NCIT:C26908
DOID:4359,NCIT:C3224
DOID:4360,NCIT:C3224
DOID:4367,NCIT:C28193
DOID:4377,NCIT:C172304
DOID:4379,NCIT:C172304
DOID:4394,NCIT:C27573
DOID:4397,NCIT:C2983
DOID:4398,NCIT:C2983
DOID:4399,NCIT:C2983
DOID:4400,NCIT:C2983
DOID:4404,NCIT:C2983
DOID:4406,NCIT:C2983
DOID:4407,NCIT:C2983
DOID:4409,NCIT:C35784
DOID:4415,NCIT:C35765
DOID:4419,NCIT:C3739
DOID:4428,NCIT:C89334
DOID:4430,NCIT:C95404
DOID:4433,NCIT:C27720
DOID:4436,NCIT:C7048
DOID:4447,NCIT:C35468
DOID:4448,NCIT:C34979
DOID:4449,NCIT:C27610
DOID:4464,NCIT:C9384
DOID:4471,NCIT:C9385
DOID:4472,NCIT:C9384
DOID:4479,NCIT:C53543
DOID:4480,NCIT:C27572
DOID:4481,NCIT:C79532
DOID:4483,NCIT:C27658
DOID:4486,NCIT:C8420
DOID:4488,NCIT:C8420
DOID:4489,NCIT:C8420
DOID:4500,NCIT:C157938
DOID:4510,NCIT:C171026
DOID:4520,NCIT:C62277
DOID:4522,NCIT:C171026
DOID:3633,NCIT:C61275
DOID:3641,NCIT:C3381
DOID:3643,NCIT:C4676
DOID:3644,NCIT:C5125
DOID:3646,NCIT:C27567
DOID:365,NCIT:C3430
DOID:3650,NCIT:C28228
DOID:3652,NCIT:C53543
DOID:3659,NCIT:C61250
DOID:3665,NCIT:C43277
DOID:367,NCIT:C26733
DOID:3672,NCIT:C3264
DOID:368,NCIT:C3397
DOID:3688,NCIT:C27090
DOID:3689,NCIT:C27587
DOID:3690,NCIT:C27744
DOID:371,NCIT:C3270
DOID:3720,NCIT:C9349
DOID:3737,NCIT:C4102
DOID:374,NCIT:C3235
DOID:3751,NCIT:C165465
DOID:4531,NCIT:C27825
DOID:4541,NCIT:C34393
DOID:4542,NCIT:C45922
DOID:4543,NCIT:C2867
DOID:4548,NCIT:C62277
DOID:4552,NCIT:C2916
DOID:4560,NCIT:C102820
DOID:4561,NCIT:C102820
DOID:4562,NCIT:C128359
DOID:4584,NCIT:C4656
DOID:4586,NCIT:C3230
DOID:4588,NCIT:C38936
DOID:4591,NCIT:C38936
DOID:4594,NCIT:C38936
DOID:4603,NCIT:C84776
DOID:4624,NCIT:C35561
DOID:4636,NCIT:C26821
DOID:4637,NCIT:C26821
DOID:4638,NCIT:C26821
DOID:4639,NCIT:C26821
DOID:4644,NCIT:C67383
DOID:4651,NCIT:C7541
DOID:4653,NCIT:C7541
DOID:4656,NCIT:C7541
DOID:4658,NCIT:C9295
DOID:4659,NCIT:C9303
DOID:4660,NCIT:C9235
DOID:4662,NCIT:C97154
DOID:467,NCIT:C3085
DOID:4674,NCIT:C26773
DOID:4675,NCIT:C4731
DOID:4677,NCIT:C27608
DOID:468,NCIT:C6555
DOID:4680,NCIT:C9245
DOID:469,NCIT:C3085
DOID:4691,NCIT:C3221
DOID:4692,NCIT:C50617
DOID:4693,NCIT:C3321
DOID:4698,NCIT:C3268
DOID:4699,NCIT:C3081
DOID:47,NCIT:C27019
DOID:470,NCIT:C4905
DOID:4702,NCIT:C3937
DOID:4707,NCIT:C3381
DOID:4730,NCIT:C34986
DOID:4737,NCIT:C2893
DOID:474,NCIT:C3085
DOID:4744,NCIT:C27619
DOID:3756,NCIT:C84479
DOID:3763,NCIT:C27993
DOID:3764,NCIT:C35561
DOID:3765,NCIT:C53543
DOID:3766,NCIT:C5035
DOID:3770,NCIT:C98541
DOID:3777,NCIT:C27555
DOID:3781,NCIT:C36285
DOID:379,NCIT:C26757
DOID:3805,NCIT:C8957
DOID:3827,NCIT:C34685
DOID:3828,NCIT:C45922
DOID:384,NCIT:C34940
DOID:3846,NCIT:C2964
DOID:3847,NCIT:C2964
DOID:3850,NCIT:C62277
DOID:3855,NCIT:C3054
DOID:3857,NCIT:C3222
DOID:3860,NCIT:C3222
DOID:3861,NCIT:C3222
DOID:3868,NCIT:C3222
DOID:3873,NCIT:C3222
DOID:3883,NCIT:C165470
DOID:3893,NCIT:C4879
DOID:3923,NCIT:C3193
DOID:3925,NCIT:C3193
DOID:3927,NCIT:C3193
DOID:3928,NCIT:C53543
DOID:3939,NCIT:C185140
DOID:4749,NCIT:C7048
DOID:4765,NCIT:C45540
DOID:4766,NCIT:C3264
DOID:4767,NCIT:C62241
DOID:4768,NCIT:C62241
DOID:4776,NCIT:C26784
DOID:4777,NCIT:C26784
DOID:4778,NCIT:C26784
DOID:4779,NCIT:C26784
DOID:4780,NCIT:C26784
DOID:4781,NCIT:C26784
DOID:4782,NCIT:C26784
DOID:4783,NCIT:C26784
DOID:4784,NCIT:C26784
DOID:4790,NCIT:C66818
DOID:4797,NCIT:C8991
DOID:4798,NCIT:C8991
DOID:480,NCIT:C27586
DOID:4810,NCIT:C53543
DOID:483,NCIT:C3085
DOID:4830,NCIT:C165723
DOID:4845,NCIT:C60781
DOID:4852,NCIT:C60781
DOID:4856,NCIT:C6958
DOID:486,NCIT:C3085
DOID:4866,NCIT:C2916
DOID:4889,NCIT:C3423
DOID:4890,NCIT:C3020
DOID:4895,NCIT:C3053
DOID:4903,NCIT:C2852
DOID:4915,NCIT:C2852
DOID:4917,NCIT:C2852
DOID:492,NCIT:C3085
DOID:4922,NCIT:C9245
DOID:4926,NCIT:C3512
DOID:4927,NCIT:C4436
DOID:4929,NCIT:C2852
DOID:3946,NCIT:C171538
DOID:3947,NCIT:C92809
DOID:3951,NCIT:C34831
DOID:396,NCIT:C35741
DOID:3965,NCIT:C2852
DOID:3968,NCIT:C62241
DOID:397,NCIT:C34830
DOID:4,NCIT:C7057
DOID:4003,NCIT:C68611
DOID:401,NCIT:C3423
DOID:4022,NCIT:C27603
DOID:4023,NCIT:C8278
DOID:4024,NCIT:C2852
DOID:4028,NCIT:C4905
DOID:4029,NCIT:C53501
DOID:403,NCIT:C3240
DOID:4031,NCIT:C34632
DOID:4034,NCIT:C26780
DOID:4035,NCIT:C26780
DOID:4037,NCIT:C26780
DOID:4038,NCIT:C26780
DOID:4044,NCIT:C4063
DOID:4055,NCIT:C9415
DOID:4078,NCIT:C62433
DOID:4079,NCIT:C35741
DOID:4085,NCIT:C3709
DOID:4087,NCIT:C8591
DOID:409,NCIT:C3959
DOID:4090,NCIT:C53543
DOID:4136,NCIT:C9306
DOID:4138,NCIT:C2899
DOID:4953,NCIT:C27582
DOID:4959,NCIT:C67383
DOID:496,NCIT:C3085
DOID:4961,NCIT:C35814
DOID:4970,NCIT:C53543
DOID:4976,NCIT:C3399
DOID:4977,NCIT:C35740
DOID:4989,NCIT:C53505
DOID:4990,NCIT:C38038
DOID:4993,NCIT:C3726
DOID:50,NCIT:C27648
DOID:5015,NCIT:C3099
DOID:5026,NCIT:C3099
DOID:5030,NCIT:C6965
DOID:5052,NCIT:C2890
DOID:5058,NCIT:C38938
DOID:5063,NCIT:C2921
DOID:4152,NCIT:C178563
DOID:4154,NCIT:C53543
DOID:4157,NCIT:C35055
DOID:4160,NCIT:C3270
DOID:4163,NCIT:C6963
DOID:4175,NCIT:C34941
DOID:418,NCIT:C26746
DOID:4183,NCIT:C118434
DOID:4184,NCIT:C27565
DOID:4188,NCIT:C3858
DOID:4196,NCIT:C4731
DOID:420,NCIT:C36281
DOID:4201,NCIT:C4731
DOID:421,NCIT:C3371
DOID:4210,NCIT:C38937
DOID:423,NCIT:C118317
DOID:4231,NCIT:C6490
DOID:4235,NCIT:C9118
DOID:4248,NCIT:C115152
DOID:4251,NCIT:C26767
DOID:4252,NCIT:C61253
DOID:4254,NCIT:C35867
DOID:4265,NCIT:C6529
DOID:4266,NCIT:C3747
DOID:4271,NCIT:C3245
DOID:4280,NCIT:C2921
DOID:4286,NCIT:C38109
DOID:429,NCIT:C53543
DOID:4290,NCIT:C2921
DOID:4291,NCIT:C2921
DOID:4292,NCIT:C2921
DOID:4293,NCIT:C2921
DOID:4294,NCIT:C2921
DOID:4295,NCIT:C38109
DOID:4300,NCIT:C62284
DOID:4304,NCIT:C2921
DOID:4305,NCIT:C121931
DOID:4307,NCIT:C27586
DOID:4310,NCIT:C4063
DOID:4313,NCIT:C67383
DOID:4321,NCIT:C7419
DOID:4323,NCIT:C7419
DOID:4324,NCIT:C7419
DOID:5074,NCIT:C3059
DOID:5075,NCIT:C6770
DOID:5082,NCIT:C53550
DOID:5100,NCIT:C26757
DOID:5104,NCIT:C27616
DOID:512,NCIT:C162485
DOID:5127,NCIT:C3157
DOID:5128,NCIT:C3157
DOID:5138,NCIT:C3157
DOID:5139,NCIT:C3157
DOID:5147,NCIT:C4482
DOID:5149,NCIT:C3272
DOID:5151,NCIT:C3272
DOID:5152,NCIT:C3272
DOID:5155,NCIT:C3275
DOID:5162,NCIT:C34398
DOID:5170,NCIT:C62277
DOID:5176,NCIT:C40407
DOID:5179,NCIT:C40407
DOID:5182,NCIT:C40407
DOID:5189,NCIT:C40407
DOID:519,NCIT:C26912
DOID:5191,NCIT:C40407
DOID:5193,NCIT:C3790
DOID:5194,NCIT:C3790
DOID:520,NCIT:C35317
DOID:5204,NCIT:C34816
DOID:5207,NCIT:C8110
DOID:5221,NCIT:C26951
DOID:5222,NCIT:C35302
DOID:5223,NCIT:C8282
DOID:5224,NCIT:C35302
DOID:5225,NCIT:C35302
DOID:5230,NCIT:C27725
DOID:5236,NCIT:C4491
DOID:5241,NCIT:C6974
DOID:525,NCIT:C26912
DOID:5251,NCIT:C3158
DOID:5258,NCIT:C3158
DOID:526,NCIT:C3439
DOID:5268,NCIT:C3158
DOID:5273,NCIT:C4480
DOID:529,NCIT:C99208
DOID:5295,NCIT:C2990
DOID:530,NCIT:C26767
DOID:5327,NCIT:C26967
DOID:533,NCIT:C35742
DOID:5330,NCIT:C35077
DOID:5334,NCIT:C27618
DOID:5339,NCIT:C26324
DOID:5351,NCIT:C4514
DOID:5362,NCIT:C3113
DOID:5370,NCIT:C3087
DOID:5373,NCIT:C3087
DOID:5374,NCIT:C43319
DOID:5378,NCIT:C3092
DOID:5379,NCIT:C3092
DOID:5384,NCIT:C2898
DOID:539,NCIT:C99208
DOID:5390,NCIT:C2855
DOID:5392,NCIT:C45922
DOID:5394,NCIT:C187086
DOID:5398,NCIT:C2855
DOID:5401,NCIT:C7993
DOID:4325,NCIT:C36170
DOID:4329,NCIT:C9294
DOID:5403,NCIT:C2855
DOID:5408,NCIT:C97045
DOID:5411,NCIT:C3773
DOID:5418,NCIT:C92201
DOID:5419,NCIT:C92201
DOID:5426,NCIT:C113351
DOID:543,NCIT:C116757
DOID:5439,NCIT:C4879
DOID:5442,NCIT:C7563
DOID:5444,NCIT:C4879
DOID:5445,NCIT:C7560
DOID:5446,NCIT:C62241
DOID:5453,NCIT:C8301
DOID:5468,NCIT:C3713
DOID:5469,NCIT:C99526
DOID:5477,NCIT:C8984
DOID:5479,NCIT:C8984
DOID:5482,NCIT:C8984
DOID:5484,NCIT:C62277
DOID:5487,NCIT:C6534
DOID:5494,NCIT:C6534
DOID:5500,NCIT:C3017
DOID:5504,NCIT:C3017
DOID:5505,NCIT:C3017
DOID:5510,NCIT:C62279
DOID:552,NCIT:C27557
DOID:5521,NCIT:C2929
DOID:5524,NCIT:C4712
DOID:6906,NCIT:C6748
DOID:6917,NCIT:C7114
DOID:693,NCIT:C35779
DOID:6945,NCIT:C9006
DOID:6947,NCIT:C7488
DOID:6951,NCIT:C4834
DOID:6959,NCIT:C5554
DOID:6977,NCIT:C4065
DOID:698,NCIT:C60925
DOID:6988,NCIT:C3714
DOID:699,NCIT:C84648
DOID:6992,NCIT:C7712
DOID:7004,NCIT:C187087
DOID:7005,NCIT:C7173
DOID:7008,NCIT:C7173
DOID:7014,NCIT:C6498
DOID:7016,NCIT:C6498
DOID:7030,NCIT:C4455
DOID:706,NCIT:C27907
DOID:7081,NCIT:C9137
DOID:7086,NCIT:C4035
DOID:7088,NCIT:C4035
DOID:7089,NCIT:C4035
DOID:7097,NCIT:C8000
DOID:7103,NCIT:C6776
DOID:7105,NCIT:C6793
DOID:7127,NCIT:C26738
DOID:7138,NCIT:C96228
DOID:7165,NCIT:C26894
DOID:7173,NCIT:C7489
DOID:7179,NCIT:C45922
DOID:718,NCIT:C91782
DOID:7188,NCIT:C26894
DOID:720,NCIT:C2869
DOID:7202,NCIT:C62279
DOID:7206,NCIT:C3224
DOID:7210,NCIT:C38936
DOID:7211,NCIT:C38936
DOID:7212,NCIT:C38936
DOID:7213,NCIT:C38936
DOID:7214,NCIT:C7612
DOID:7223,NCIT:C3744
DOID:7230,NCIT:C27911
DOID:7234,NCIT:C62241
DOID:7237,NCIT:C62241
DOID:724,NCIT:C27601
DOID:7241,NCIT:C3434
DOID:7263,NCIT:C27870
DOID:7269,NCIT:C7328
DOID:7289,NCIT:C6287
DOID:7293,NCIT:C62241
DOID:7302,NCIT:C8000
DOID:7305,NCIT:C3059
DOID:7312,NCIT:C3484
DOID:7315,NCIT:C87778
DOID:7319,NCIT:C4731
DOID:732,NCIT:C3430
DOID:7327,NCIT:C7147
DOID:7334,NCIT:C96363
DOID:7347,NCIT:C27627
DOID:736,NCIT:C7507
DOID:7360,NCIT:C8000
DOID:7365,NCIT:C53543
DOID:7371,NCIT:C150570
DOID:738,NCIT:C7507
DOID:7380,NCIT:C192094
DOID:7381,NCIT:C45655
DOID:7388,NCIT:C5387
DOID:7389,NCIT:C5387
DOID:74,NCIT:C35814
DOID:7400,NCIT:C7757
DOID:7402,NCIT:C95404
DOID:7409,NCIT:C4052
DOID:5566,NCIT:C67107
DOID:557,NCIT:C3430
DOID:5570,NCIT:C27255
DOID:5572,NCIT:C3266
DOID:5574,NCIT:C95404
DOID:5576,NCIT:C92202
DOID:5577,NCIT:C95404
DOID:5585,NCIT:C3266
DOID:5587,NCIT:C27573
DOID:559,NCIT:C34965
DOID:5597,NCIT:C62241
DOID:5604,NCIT:C3167
DOID:5605,NCIT:C4194
DOID:5614,NCIT:C27551
DOID:5615,NCIT:C3382
DOID:562,NCIT:C26733
DOID:7427,NCIT:C2890
DOID:743,NCIT:C5036
DOID:7435,NCIT:C8000
DOID:7436,NCIT:C6287
DOID:7441,NCIT:C36071
DOID:7444,NCIT:C62241
DOID:7459,NCIT:C5177
DOID:7475,NCIT:C53500
DOID:7480,NCIT:C4450
DOID:7482,NCIT:C5272
DOID:7488,NCIT:C7507
DOID:7489,NCIT:C35313
DOID:7492,NCIT:C3714
DOID:7497,NCIT:C186359
DOID:750,NCIT:C27550
DOID:7505,NCIT:C3141
DOID:7512,NCIT:C62241
DOID:7518,NCIT:C27612
DOID:7520,NCIT:C40385
DOID:7521,NCIT:C40389
DOID:7528,NCIT:C26764
DOID:7531,NCIT:C7474
DOID:7532,NCIT:C3713
DOID:7533,NCIT:C99526
DOID:7538,NCIT:C40382
DOID:7539,NCIT:C62210
DOID:7540,NCIT:C40382
DOID:7541,NCIT:C5164
DOID:7542,NCIT:C53704
DOID:7558,NCIT:C3500
DOID:7559,NCIT:C3500
DOID:7566,NCIT:C27255
DOID:7574,NCIT:C62241
DOID:7577,NCIT:C9120
DOID:7578,NCIT:C4194
DOID:758,NCIT:C97151
DOID:76,NCIT:C2990
DOID:7602,NCIT:C197813
DOID:7603,NCIT:C35870
DOID:7607,NCIT:C156757
DOID:5639,NCIT:C162485
DOID:5641,NCIT:C26869
DOID:5642,NCIT:C26869
DOID:5656,NCIT:C26835
DOID:5658,NCIT:C2916
DOID:5660,NCIT:C3780
DOID:5662,NCIT:C27004
DOID:5670,NCIT:C2852
DOID:5675,NCIT:C2852
DOID:5679,NCIT:C26767
DOID:5683,NCIT:C3266
DOID:5684,NCIT:C28193
DOID:5690,NCIT:C6505
DOID:5691,NCIT:C35126
DOID:5692,NCIT:C62277
DOID:5693,NCIT:C3194
DOID:5698,NCIT:C62277
DOID:5703,NCIT:C3194
DOID:5704,NCIT:C6505
DOID:5705,NCIT:C4502
DOID:5709,NCIT:C3194
DOID:5723,NCIT:C27604
DOID:5726,NCIT:C155952
DOID:5727,NCIT:C3053
DOID:5729,NCIT:C3748
DOID:573,NCIT:C4731
DOID:5730,NCIT:C26880
DOID:7615,NCIT:C8586
DOID:7633,NCIT:C27610
DOID:7634,NCIT:C155776
DOID:7635,NCIT:C7048
DOID:7642,NCIT:C35417
DOID:7651,NCIT:C27390
DOID:7656,NCIT:C7049
DOID:7664,NCIT:C7359
DOID:767,NCIT:C110937
DOID:769,NCIT:C6963
DOID:7693,NCIT:C26697
DOID:7697,NCIT:C27720
DOID:7713,NCIT:C6776
DOID:7725,NCIT:C3020
DOID:7731,NCIT:C4301
DOID:7735,NCIT:C62241
DOID:5731,NCIT:C26880
DOID:5747,NCIT:C45230
DOID:5749,NCIT:C45525
DOID:5757,NCIT:C26716
DOID:5758,NCIT:C3233
DOID:5759,NCIT:C4463
DOID:576,NCIT:C35457
DOID:5763,NCIT:C142784
DOID:5766,NCIT:C4455
DOID:5767,NCIT:C3200
DOID:5768,NCIT:C34560
DOID:5773,NCIT:C7425
DOID:5774,NCIT:C3086
DOID:5776,NCIT:C3086
DOID:5789,NCIT:C3728
DOID:5798,NCIT:C189923
DOID:580,NCIT:C114688
DOID:5805,NCIT:C115152
DOID:5810,NCIT:C3472
DOID:5812,NCIT:C3472
DOID:5813,NCIT:C3507
DOID:582,NCIT:C35457
DOID:5820,NCIT:C3208
DOID:5822,NCIT:C7056
DOID:5825,NCIT:C3208
DOID:583,NCIT:C35142
DOID:5834,NCIT:C9063
DOID:5843,NCIT:C101589
DOID:5844,NCIT:C35544
DOID:5848,NCIT:C101589
DOID:5849,NCIT:C101589
DOID:5851,NCIT:C101589
DOID:5852,NCIT:C101589
DOID:5854,NCIT:C27996
DOID:5862,NCIT:C2946
DOID:5870,NCIT:C113159
DOID:5876,NCIT:C3398
DOID:5884,NCIT:C3786
DOID:5893,NCIT:C4268
DOID:5894,NCIT:C4268
DOID:5907,NCIT:C62241
DOID:591,NCIT:C2878
DOID:5913,NCIT:C5822
DOID:5914,NCIT:C4035
DOID:5923,NCIT:C3860
DOID:593,NCIT:C35420
DOID:594,NCIT:C2878
DOID:778,NCIT:C92201
DOID:7806,NCIT:C9094
DOID:7808,NCIT:C7712
DOID:7817,NCIT:C3903
DOID:7818,NCIT:C5272
DOID:7819,NCIT:C5272
DOID:7820,NCIT:C5272
DOID:7825,NCIT:C36071
DOID:7839,NCIT:C5197
DOID:7843,NCIT:C4872
DOID:7849,NCIT:C7340
DOID:790,NCIT:C87143
DOID:7907,NCIT:C3903
DOID:7921,NCIT:C6643
DOID:7922,NCIT:C95421
DOID:7930,NCIT:C8000
DOID:7949,NCIT:C42058
DOID:7951,NCIT:C42058
DOID:7953,NCIT:C62241
DOID:7961,NCIT:C4028
DOID:7962,NCIT:C3504
DOID:7972,NCIT:C192094
DOID:7984,NCIT:C3863
DOID:7986,NCIT:C5286
DOID:799,NCIT:C35552
DOID:7996,NCIT:C4222
DOID:7997,NCIT:C3123
DOID:8000,NCIT:C4959
DOID:8002,NCIT:C3156
DOID:8003,NCIT:C4455
DOID:8009,NCIT:C7729
DOID:8020,NCIT:C3060
DOID:8029,NCIT:C4872
DOID:8030,NCIT:C6778
DOID:8050,NCIT:C6179
DOID:8051,NCIT:C6179
DOID:8057,NCIT:C5286
DOID:8058,NCIT:C6776
DOID:8072,NCIT:C35417
DOID:8081,NCIT:C8000
DOID:8082,NCIT:C6569
DOID:8083,NCIT:C6569
DOID:5948,NCIT:C4488
DOID:5949,NCIT:C4488
DOID:5958,NCIT:C4912
DOID:599,NCIT:C35420
DOID:5997,NCIT:C3039
DOID:5998,NCIT:C2909
DOID:600,NCIT:C35284
DOID:6004,NCIT:C3161
DOID:602,NCIT:C35284
DOID:6024,NCIT:C27870
DOID:6025,NCIT:C4799
DOID:603,NCIT:C35284
DOID:6034,NCIT:C4301
DOID:6048,NCIT:C6750
DOID:605,NCIT:C35284
DOID:6050,NCIT:C2990
DOID:6065,NCIT:C39852
DOID:607,NCIT:C27036
DOID:61,NCIT:C45525
DOID:6102,NCIT:C27184
DOID:6113,NCIT:C4807
DOID:6114,NCIT:C4807
DOID:612,NCIT:C39723
DOID:6126,NCIT:C9291
DOID:6167,NCIT:C39867
DOID:6179,NCIT:C4908
DOID:6195,NCIT:C27607
DOID:6196,NCIT:C28193
DOID:6197,NCIT:C4301
DOID:62,NCIT:C45525
DOID:6203,NCIT:C187273
DOID:6209,NCIT:C4301
DOID:6210,NCIT:C6179
DOID:6211,NCIT:C4381
DOID:6225,NCIT:C4373
DOID:6232,NCIT:C8110
DOID:624,NCIT:C27319
DOID:6244,NCIT:C4526
DOID:625,NCIT:C26931
DOID:6255,NCIT:C187086
DOID:6258,NCIT:C62241
DOID:6259,NCIT:C62241
DOID:626,NCIT:C3131
DOID:627,NCIT:C27871
DOID:6270,NCIT:C4911
DOID:6275,NCIT:C187086
DOID:6294,NCIT:C6220
DOID:630,NCIT:C2991
DOID:6307,NCIT:C27801
DOID:631,NCIT:C28193
DOID:6312,NCIT:C5453
DOID:6314,NCIT:C8112
DOID:6315,NCIT:C8112
DOID:6322,NCIT:C7644
DOID:6332,NCIT:C4301
DOID:6334,NCIT:C5587
DOID:6344,NCIT:C4748
DOID:6345,NCIT:C3798
DOID:635,NCIT:C27145
DOID:636,NCIT:C35797
DOID:6364,NCIT:C117007
DOID:6376,NCIT:C200530
DOID:6379,NCIT:C4661
DOID:6381,NCIT:C5280
DOID:639,NCIT:C34580
DOID:640,NCIT:C27582
DOID:6406,NCIT:C99137
DOID:6419,NCIT:C95834
DOID:6428,NCIT:C9039
DOID:6432,NCIT:C3117
DOID:6445,NCIT:C62241
DOID:6458,NCIT:C7372
DOID:8096,NCIT:C4032
DOID:8104,NCIT:C40256
DOID:8106,NCIT:C2862
DOID:811,NCIT:C3235
DOID:8110,NCIT:C7889
DOID:8117,NCIT:C27586
DOID:8125,NCIT:C27572
DOID:813,NCIT:C2883
DOID:8130,NCIT:C9131
DOID:8137,NCIT:C7569
DOID:8144,NCIT:C27911
DOID:8153,NCIT:C7147
DOID:8158,NCIT:C4691
DOID:817,NCIT:C34831
DOID:8170,NCIT:C99526
DOID:8177,NCIT:C40231
DOID:8178,NCIT:C40231
DOID:819,NCIT:C27671
DOID:8193,NCIT:C8000
DOID:8195,NCIT:C8000
DOID:820,NCIT:C35544
DOID:8200,NCIT:C35055
DOID:8221,NCIT:C5289
DOID:8223,NCIT:C39867
DOID:8224,NCIT:C3863
DOID:8225,NCIT:C3863
DOID:8227,NCIT:C3863
DOID:8233,NCIT:C6505
DOID:8239,NCIT:C5289
DOID:824,NCIT:C63743
DOID:8252,NCIT:C34986
DOID:8259,NCIT:C39867
DOID:8272,NCIT:C7507
DOID:8275,NCIT:C40345
DOID:8292,NCIT:C187284
DOID:8295,NCIT:C35025
DOID:8302,NCIT:C40179
DOID:8305,NCIT:C66760
DOID:8307,NCIT:C4029
DOID:8331,NCIT:C6555
DOID:8335,NCIT:C3484
DOID:8337,NCIT:C173800
DOID:8352,NCIT:C4575
DOID:8353,NCIT:C3798
DOID:8354,NCIT:C4691
DOID:8358,NCIT:C7328
DOID:8361,NCIT:C4519
DOID:8362,NCIT:C8000
DOID:8368,NCIT:C38937
DOID:8369,NCIT:C3798
DOID:646,NCIT:C35302
DOID:6482,NCIT:C183109
DOID:6484,NCIT:C6970
DOID:6498,NCIT:C7419
DOID:65,NCIT:C27574
DOID:6505,NCIT:C40275
DOID:6511,NCIT:C8107
DOID:6512,NCIT:C8107
DOID:6514,NCIT:C8107
DOID:6530,NCIT:C7114
DOID:6548,NCIT:C38936
DOID:655,NCIT:C3235
DOID:6553,NCIT:C5280
DOID:6564,NCIT:C41430
DOID:6569,NCIT:C6376
DOID:6594,NCIT:C4032
DOID:6605,NCIT:C4146
DOID:6606,NCIT:C4146
DOID:6608,NCIT:C5660
DOID:6613,NCIT:C40256
DOID:6620,NCIT:C27579
DOID:664,NCIT:C4488
DOID:6676,NCIT:C28193
DOID:6677,NCIT:C28193
DOID:668,NCIT:C7147
DOID:6680,NCIT:C28193
DOID:6682,NCIT:C27572
DOID:6688,NCIT:C54705
DOID:6692,NCIT:C28193
DOID:6693,NCIT:C7733
DOID:6696,NCIT:C6470
DOID:6697,NCIT:C6470
DOID:6705,NCIT:C4911
DOID:6706,NCIT:C7328
DOID:6707,NCIT:C92647
DOID:8389,NCIT:C5822
DOID:8392,NCIT:C8000
DOID:8408,NCIT:C26752
DOID:8409,NCIT:C4028
DOID:841,NCIT:C35482
DOID:8415,NCIT:C9336
DOID:8418,NCIT:C8088
DOID:8419,NCIT:C3502
DOID:8420,NCIT:C3798
DOID:8428,NCIT:C5141
DOID:8431,NCIT:C27794
DOID:8432,NCIT:C26323
DOID:8433,NCIT:C2849
DOID:8437,NCIT:C79469
DOID:8440,NCIT:C53500
DOID:8442,NCIT:C37979
DOID:8445,NCIT:C36279
DOID:8446,NCIT:C36279
DOID:8455,NCIT:C35129
DOID:8463,NCIT:C27608
DOID:8466,NCIT:C27610
DOID:8469,NCIT:C3439
DOID:8472,NCIT:C26746
DOID:8478,NCIT:C2890
DOID:848,NCIT:C35760
DOID:8481,NCIT:C34882
DOID:8482,NCIT:C34978
DOID:8488,NCIT:C34941
DOID:8500,NCIT:C35625
DOID:8501,NCIT:C27610
DOID:8505,NCIT:C2983
DOID:8506,NCIT:C34908
DOID:8534,NCIT:C53497
DOID:8536,NCIT:C96407
DOID:8538,NCIT:C7340
DOID:854,NCIT:C3507
DOID:8543,NCIT:C7164
DOID:8544,NCIT:C3131
DOID:8566,NCIT:C172342
DOID:6726,NCIT:C7173
DOID:6742,NCIT:C8287
DOID:6811,NCIT:C4048
DOID:682,NCIT:C28193
DOID:6823,NCIT:C7430
DOID:6827,NCIT:C62241
DOID:6839,NCIT:C36083
DOID:6869,NCIT:C4807
DOID:688,NCIT:C7062
DOID:8567,NCIT:C3208
DOID:8577,NCIT:C3138
DOID:8590,NCIT:C35212
DOID:8593,NCIT:C7340
DOID:8596,NCIT:C87062
DOID:8607,NCIT:C79702
DOID:8616,NCIT:C6814
DOID:8622,NCIT:C3439
DOID:8628,NCIT:C7164
DOID:863,NCIT:C27551
DOID:8635,NCIT:C3529
DOID:864,NCIT:C35279
DOID:8643,NCIT:C26765
DOID:865,NCIT:C35117
DOID:8654,NCIT:C7164
DOID:8659,NCIT:C96407
DOID:8660,NCIT:C7190
DOID:8680,NCIT:C26780
DOID:8683,NCIT:C3520
DOID:8689,NCIT:C89332
DOID:869,NCIT:C27663
DOID:870,NCIT:C26835
DOID:8704,NCIT:C155871
DOID:8712,NCIT:C84348
DOID:8717,NCIT:C3426
DOID:8736,NCIT:C3439
DOID:8738,NCIT:C3509
DOID:8741,NCIT:C2983
DOID:8743,NCIT:C3439
DOID:8757,NCIT:C26780
DOID:876,NCIT:C27578
DOID:8778,NCIT:C26723
DOID:8781,NCIT:C3439
DOID:8805,NCIT:C51221
DOID:8838,NCIT:C7164
DOID:8861,NCIT:C2849
DOID:8866,NCIT:C27531
DOID:8867,NCIT:C3439
DOID:8869,NCIT:C53543
DOID:8881,NCIT:C27554
DOID:8886,NCIT:C26909
DOID:8892,NCIT:C2983
DOID:8893,NCIT:C2983
DOID:891,NCIT:C3020
DOID:8913,NCIT:C2983
DOID:8920,NCIT:C3509
DOID:8924,NCIT:C26870
DOID:8927,NCIT:C92190
DOID:893,NCIT:C53543
DOID:8936,NCIT:C6814
DOID:8955,NCIT:C2869
DOID:898,NCIT:C34750
DOID:8986,NCIT:C3376
DOID:90,NCIT:C26983
DOID:9007,NCIT:C80082
DOID:9008,NCIT:C2883
DOID:9021,NCIT:C3186
DOID:9043,NCIT:C3509
DOID:906,NCIT:C34816
DOID:9060,NCIT:C27555
DOID:9065,NCIT:C34953
DOID:9072,NCIT:C9435
DOID:9074,NCIT:C27153
DOID:9088,NCIT:C8957
DOID:9097,NCIT:C27554
DOID:910,NCIT:C4874
DOID:9113,NCIT:C2890
DOID:9120,NCIT:C8278
DOID:913,NCIT:C53543
DOID:9146,NCIT:C34767
DOID:9149,NCIT:C3530
DOID:9153,NCIT:C35027
DOID:9164,NCIT:C50451
DOID:9181,NCIT:C34953
DOID:9182,NCIT:C27555
DOID:92,NCIT:C2958
DOID:9201,NCIT:C2983
DOID:9206,NCIT:C7423
DOID:9210,NCIT:C27193
DOID:9220,NCIT:C26884
DOID:9240,NCIT:C53543
DOID:9245,NCIT:C28193
DOID:9252,NCIT:C34816
DOID:9253,NCIT:C6781
DOID:9266,NCIT:C53543
DOID:9271,NCIT:C84785
DOID:9273,NCIT:C84785
DOID:9279,NCIT:C84765
DOID:9280,NCIT:C84785
DOID:9281,NCIT:C97090
DOID:9282,NCIT:C3117
DOID:9286,NCIT:C117719
DOID:9297,NCIT:C3240
DOID:9307,NCIT:C36173
DOID:9317,NCIT:C26726
DOID:9341,NCIT:C191755
DOID:9348,NCIT:C84476
DOID:9352,NCIT:C2985
DOID:9362,NCIT:C28397
DOID:9368,NCIT:C27604
DOID:9370,NCIT:C99208
DOID:9392,NCIT:C35753
DOID:9395,NCIT:C26688
DOID:9396,NCIT:C26811
DOID:9398,NCIT:C27661
DOID:9406,NCIT:C27565
DOID:9408,NCIT:C27996
DOID:9409,NCIT:C27565
DOID:9410,NCIT:C62591
DOID:9423,NCIT:C27604
DOID:9428,NCIT:C36280
DOID:9439,NCIT:C26718
DOID:9446,NCIT:C35774
DOID:9471,NCIT:C27586
DOID:9476,NCIT:C28193
DOID:9477,NCIT:C26759
DOID:950,NCIT:C175257
DOID:9502,NCIT:C35150
DOID:9507,NCIT:C35024
DOID:9521,NCIT:C28193
DOID:9537,NCIT:C36170
DOID:9550,NCIT:C83485
DOID:9553,NCIT:C27667
DOID:9561,NCIT:C26850
DOID:9562,NCIT:C53543
DOID:9563,NCIT:C3199
DOID:9565,NCIT:C53543
DOID:9584,NCIT:C36170
DOID:9588,NCIT:C97154
DOID:9589,NCIT:C26905
DOID:9598,NCIT:C27573
DOID:9599,NCIT:C7147
DOID:96,NCIT:C35038
DOID:9601,NCIT:C50559
DOID:9602,NCIT:C50559
DOID:9603,NCIT:C3827
DOID:9622,NCIT:C27600
DOID:9643,NCIT:C34953
DOID:9663,NCIT:C27651
DOID:9667,NCIT:C35221
DOID:9669,NCIT:C98802
DOID:9673,NCIT:C26887
DOID:9681,NCIT:C34941
DOID:9682,NCIT:C3439
DOID:9699,NCIT:C34504
DOID:971,NCIT:C27573
DOID:9714,NCIT:C79469
DOID:9726,NCIT:C27604
DOID:9733,NCIT:C171226
DOID:9743,NCIT:C4731
DOID:9746,NCIT:C53494
DOID:9765,NCIT:C34465
DOID:9766,NCIT:C34465
DOID:9788,NCIT:C27578
DOID:9808,NCIT:C2889
DOID:9809,NCIT:C112210
DOID:9810,NCIT:C34399
DOID:9835,NCIT:C99208
DOID:9837,NCIT:C35040
DOID:9840,NCIT:C35040
DOID:9841,NCIT:C35040
DOID:9849,NCIT:C188277
DOID:9856,NCIT:C35055
DOID:9861,NCIT:C3423
DOID:9868,NCIT:C3214
DOID:987,NCIT:C35784
DOID:9903,NCIT:C27609
DOID:9905,NCIT:C35784
DOID:9909,NCIT:C35733
DOID:9923,NCIT:C89330
DOID:9938,NCIT:C175257
DOID:9939,NCIT:C36282
DOID:9942,NCIT:C35814
DOID:9953,NCIT:C82179
DOID:9955,NCIT:C28193
DOID:9965,NCIT:C34953
DOID:9969,NCIT:C35553
DOID:9970,NCIT:C27992
DOID:9973,NCIT:C35470
DOID:9975,NCIT:C3894
DOID:9976,NCIT:C3894
DOID:9977,NCIT:C3894
DOID:9988,NCIT:C35055
DOID:9997,NCIT:C34830
